county_fips,county_full_name,population
01001,"Autauga County, Alabama",59947
01003,"Baldwin County, Alabama",246989
01005,"Barbour County, Alabama",24643
01007,"Bibb County, Alabama",22130
01009,"Blount County, Alabama",59518
01011,"Bullock County, Alabama",10058
01013,"Butler County, Alabama",18630
01015,"Calhoun County, Alabama",116090
01017,"Chambers County, Alabama",34192
01019,"Cherokee County, Alabama",25443
01021,"Chilton County, Alabama",45992
01023,"Choctaw County, Alabama",12380
01025,"Clarke County, Alabama",22543
01027,"Clay County, Alabama",14192
01029,"Cleburne County, Alabama",15426
01031,"Coffee County, Alabama",54920
01033,"Colbert County, Alabama",58022
01035,"Conecuh County, Alabama",11275
01037,"Coosa County, Alabama",10300
01039,"Covington County, Alabama",37628
01041,"Crenshaw County, Alabama",13122
01043,"Cullman County, Alabama",90566
01045,"Dale County, Alabama",49599
01047,"Dallas County, Alabama",36858
01049,"DeKalb County, Alabama",72269
01051,"Elmore County, Alabama",89526
01053,"Escambia County, Alabama",36629
01055,"Etowah County, Alabama",103105
01057,"Fayette County, Alabama",16053
01059,"Franklin County, Alabama",31966
01061,"Geneva County, Alabama",26887
01063,"Greene County, Alabama",7424
01065,"Hale County, Alabama",14829
01067,"Henry County, Alabama",17647
01069,"Houston County, Alabama",108140
01071,"Jackson County, Alabama",53053
01073,"Jefferson County, Alabama",667755
01075,"Lamar County, Alabama",13693
01077,"Lauderdale County, Alabama",95830
01079,"Lawrence County, Alabama",33276
01081,"Lee County, Alabama",181134
01083,"Limestone County, Alabama",111233
01085,"Lowndes County, Alabama",9833
01087,"Macon County, Alabama",18691
01089,"Madison County, Alabama",405718
01091,"Marengo County, Alabama",18851
01093,"Marion County, Alabama",29184
01095,"Marshall County, Alabama",99748
01097,"Mobile County, Alabama",412590
01099,"Monroe County, Alabama",19388
01101,"Montgomery County, Alabama",226718
01103,"Morgan County, Alabama",124471
01105,"Perry County, Alabama",8031
01107,"Pickens County, Alabama",18721
01109,"Pike County, Alabama",32987
01111,"Randolph County, Alabama",22510
01113,"Russell County, Alabama",58811
01115,"St. Clair County, Alabama",94166
01117,"Shelby County, Alabama",230211
01119,"Sumter County, Alabama",11878
01121,"Talladega County, Alabama",81021
01123,"Tallapoosa County, Alabama",40938
01125,"Tuscaloosa County, Alabama",237552
01127,"Walker County, Alabama",64841
01129,"Washington County, Alabama",15143
01131,"Wilcox County, Alabama",10172
01133,"Winston County, Alabama",23682
02013,"Aleutians East Borough, Alaska",3491
02016,"Aleutians West Census Area, Alaska",5235
02020,"Anchorage Municipality, Alaska",288976
02050,"Bethel Census Area, Alaska",18394
02060,"Bristol Bay Borough, Alaska",918
02063,"Chugach Census Area, Alaska",6862
02066,"Copper River Census Area, Alaska",2626
02068,"Denali Borough, Alaska",1969
02070,"Dillingham Census Area, Alaska",4724
02090,"Fairbanks North Star Borough, Alaska",95460
02100,"Haines Borough, Alaska",2086
02105,"Hoonah-Angoon Census Area, Alaska",2311
02110,"Juneau City and Borough, Alaska",31794
02122,"Kenai Peninsula Borough, Alaska",60413
02130,"Ketchikan Gateway Borough, Alaska",13768
02150,"Kodiak Island Borough, Alaska",12771
02158,"Kusilvak Census Area, Alaska",8176
02164,"Lake and Peninsula Borough, Alaska",1013
02170,"Matanuska-Susitna Borough, Alaska",112988
02180,"Nome Census Area, Alaska",9866
02185,"North Slope Borough, Alaska",10810
02188,"Northwest Arctic Borough, Alaska",7441
02195,"Petersburg Borough, Alaska",3409
02198,"Prince of Wales-Hyder Census Area, Alaska",5715
02220,"Sitka City and Borough, Alaska",8368
02230,"Skagway Municipality, Alaska",1244
02240,"Southeast Fairbanks Census Area, Alaska",7068
02275,"Wrangell City and Borough, Alaska",2088
02282,"Yakutat City and Borough, Alaska",527
02290,"Yukon-Koyukuk Census Area, Alaska",5195
04001,"Apache County, Arizona",65341
04003,"Cochise County, Arizona",125566
04005,"Coconino County, Arizona",144508
04007,"Gila County, Arizona",53795
04009,"Graham County, Arizona",39232
04011,"Greenlee County, Arizona",9409
04012,"La Paz County, Arizona",16664
04013,"Maricopa County, Arizona",4559748
04015,"Mohave County, Arizona",220517
04017,"Navajo County, Arizona",108415
04019,"Pima County, Arizona",1060490
04021,"Pinal County, Arizona",469006
04023,"Santa Cruz County, Arizona",48926
04025,"Yavapai County, Arizona",245480
04027,"Yuma County, Arizona",211741
05001,"Arkansas County, Arkansas",16515
05003,"Ashley County, Arkansas",18429
05005,"Baxter County, Arkansas",42407
05007,"Benton County, Arkansas",303632
05009,"Boone County, Arkansas",38138
05011,"Bradley County, Arkansas",10208
05013,"Calhoun County, Arkansas",4704
05015,"Carroll County, Arkansas",28626
05017,"Chicot County, Arkansas",9765
05019,"Clark County, Arkansas",21125
05021,"Clay County, Arkansas",14280
05023,"Cleburne County, Arkansas",25226
05025,"Cleveland County, Arkansas",7453
05027,"Columbia County, Arkansas",22349
05029,"Conway County, Arkansas",21054
05031,"Craighead County, Arkansas",113249
05033,"Crawford County, Arkansas",61139
05035,"Crittenden County, Arkansas",47266
05037,"Cross County, Arkansas",16543
05039,"Dallas County, Arkansas",6242
05041,"Desha County, Arkansas",10786
05043,"Drew County, Arkansas",17046
05045,"Faulkner County, Arkansas",127717
05047,"Franklin County, Arkansas",17326
05049,"Fulton County, Arkansas",12302
05051,"Garland County, Arkansas",100035
05053,"Grant County, Arkansas",18242
05055,"Greene County, Arkansas",46432
05057,"Hempstead County, Arkansas",19508
05059,"Hot Spring County, Arkansas",33180
05061,"Howard County, Arkansas",12583
05063,"Independence County, Arkansas",38175
05065,"Izard County, Arkansas",14009
05067,"Jackson County, Arkansas",16712
05069,"Jefferson County, Arkansas",64802
05071,"Johnson County, Arkansas",26003
05073,"Lafayette County, Arkansas",6136
05075,"Lawrence County, Arkansas",16238
05077,"Lee County, Arkansas",8359
05079,"Lincoln County, Arkansas",12950
05081,"Little River County, Arkansas",11821
05083,"Logan County, Arkansas",21277
05085,"Lonoke County, Arkansas",75272
05087,"Madison County, Arkansas",17329
05089,"Marion County, Arkansas",17228
05091,"Miller County, Arkansas",42360
05093,"Mississippi County, Arkansas",39126
05095,"Monroe County, Arkansas",6589
05097,"Montgomery County, Arkansas",8553
05099,"Nevada County, Arkansas",8159
05101,"Newton County, Arkansas",7112
05103,"Ouachita County, Arkansas",22085
05105,"Perry County, Arkansas",10101
05107,"Phillips County, Arkansas",15450
05109,"Pike County, Arkansas",10115
05111,"Poinsett County, Arkansas",22543
05113,"Polk County, Arkansas",19361
05115,"Pope County, Arkansas",64131
05117,"Prairie County, Arkansas",8064
05119,"Pulaski County, Arkansas",399818
05121,"Randolph County, Arkansas",18838
05123,"St. Francis County, Arkansas",22400
05125,"Saline County, Arkansas",127479
05127,"Scott County, Arkansas",9816
05129,"Searcy County, Arkansas",7859
05131,"Sebastian County, Arkansas",128900
05133,"Sevier County, Arkansas",15712
05135,"Sharp County, Arkansas",17773
05137,"Stone County, Arkansas",12568
05139,"Union County, Arkansas",37900
05141,"Van Buren County, Arkansas",15998
05143,"Washington County, Arkansas",256765
05145,"White County, Arkansas",77838
05147,"Woodruff County, Arkansas",6026
05149,"Yell County, Arkansas",20134
06001,"Alameda County, California",1649473
06003,"Alpine County, California",1616
06005,"Amador County, California",41428
06007,"Butte County, California",207929
06009,"Calaveras County, California",46248
06011,"Colusa County, California",21984
06013,"Contra Costa County, California",1165012
06015,"Del Norte County, California",27107
06017,"El Dorado County, California",192662
06019,"Fresno County, California",1016725
06021,"Glenn County, California",28494
06023,"Humboldt County, California",134541
06025,"Imperial County, California",180202
06027,"Inyo County, California",18739
06029,"Kern County, California",915075
06031,"Kings County, California",153298
06033,"Lake County, California",68152
06035,"Lassen County, California",30356
06037,"Los Angeles County, California",9808667
06039,"Madera County, California",160940
06041,"Marin County, California",257969
06043,"Mariposa County, California",17082
06045,"Mendocino County, California",90244
06047,"Merced County, California",290201
06049,"Modoc County, California",8600
06051,"Mono County, California",13148
06053,"Monterey County, California",437613
06055,"Napa County, California",134869
06057,"Nevada County, California",102481
06059,"Orange County, California",3165820
06061,"Placer County, California",419156
06063,"Plumas County, California",19423
06065,"Riverside County, California",2478600
06067,"Sacramento County, California",1594006
06069,"San Benito County, California",67290
06071,"San Bernardino County, California",2197104
06073,"San Diego County, California",3288774
06075,"San Francisco County, California",830235
06077,"San Joaquin County, California",797334
06079,"San Luis Obispo County, California",281555
06081,"San Mateo County, California",742340
06083,"Santa Barbara County, California",443701
06085,"Santa Clara County, California",1902047
06087,"Santa Cruz County, California",264926
06089,"Shasta County, California",181436
06091,"Sierra County, California",2746
06093,"Siskiyou County, California",43466
06095,"Solano County, California",451918
06097,"Sonoma County, California",485040
06099,"Stanislaus County, California",553990
06101,"Sutter County, California",98857
06103,"Tehama County, California",65167
06105,"Trinity County, California",15860
06107,"Tulare County, California",478693
06109,"Tuolumne County, California",54498
06111,"Ventura County, California",837469
06113,"Yolo County, California",220564
06115,"Yuba County, California",84507
08001,"Adams County, Colorado",530225
08003,"Alamosa County, Colorado",16581
08005,"Arapahoe County, Colorado",659844
08007,"Archuleta County, Colorado",13900
08009,"Baca County, Colorado",3428
08011,"Bent County, Colorado",5549
08013,"Boulder County, Colorado",328961
08014,"Broomfield County, Colorado",76304
08015,"Chaffee County, Colorado",20178
08017,"Cheyenne County, Colorado",1741
08019,"Clear Creek County, Colorado",9262
08021,"Conejos County, Colorado",7530
08023,"Costilla County, Colorado",3607
08025,"Crowley County, Colorado",5647
08027,"Custer County, Colorado",5247
08029,"Delta County, Colorado",31598
08031,"Denver County, Colorado",718877
08033,"Dolores County, Colorado",2432
08035,"Douglas County, Colorado",377150
08037,"Eagle County, Colorado",55135
08039,"Elbert County, Colorado",27874
08041,"El Paso County, Colorado",742999
08043,"Fremont County, Colorado",49634
08045,"Garfield County, Colorado",62479
08047,"Gilpin County, Colorado",5901
08049,"Grand County, Colorado",15895
08051,"Gunnison County, Colorado",17241
08053,"Hinsdale County, Colorado",1005
08055,"Huerfano County, Colorado",6972
08057,"Jackson County, Colorado",1372
08059,"Jefferson County, Colorado",579377
08061,"Kiowa County, Colorado",1376
08063,"Kit Carson County, Colorado",7023
08065,"Lake County, Colorado",7380
08067,"La Plata County, Colorado",56331
08069,"Larimer County, Colorado",367368
08071,"Las Animas County, Colorado",14413
08073,"Lincoln County, Colorado",5550
08075,"Logan County, Colorado",20892
08077,"Mesa County, Colorado",158601
08079,"Mineral County, Colorado",729
08081,"Moffat County, Colorado",13207
08083,"Montezuma County, Colorado",26412
08085,"Montrose County, Colorado",43807
08087,"Morgan County, Colorado",29520
08089,"Otero County, Colorado",18321
08091,"Ouray County, Colorado",5087
08093,"Park County, Colorado",17907
08095,"Phillips County, Colorado",4496
08097,"Pitkin County, Colorado",16985
08099,"Prowers County, Colorado",11910
08101,"Pueblo County, Colorado",169356
08103,"Rio Blanco County, Colorado",6544
08105,"Rio Grande County, Colorado",11321
08107,"Routt County, Colorado",25084
08109,"Saguache County, Colorado",6580
08111,"San Juan County, Colorado",724
08113,"San Miguel County, Colorado",7968
08115,"Sedgwick County, Colorado",2304
08117,"Summit County, Colorado",31017
08119,"Teller County, Colorado",24825
08121,"Washington County, Colorado",4831
08123,"Weld County, Colorado",350396
08125,"Yuma County, Colorado",9979
09110,"Capitol Planning Region, Connecticut",977290
09120,"Greater Bridgeport Planning Region, Connecticut",329259
09130,"Lower Connecticut River Valley Planning Region, Connecticut",175822
09140,"Naugatuck Valley Planning Region, Connecticut",454969
09150,"Northeastern Connecticut Planning Region, Connecticut",96312
09160,"Northwest Hills Planning Region, Connecticut",113216
09170,"South Central Connecticut Planning Region, Connecticut",570598
09180,"Southeastern Connecticut Planning Region, Connecticut",279971
09190,"Western Connecticut Planning Region, Connecticut",627071
10001,"Kent County, Delaware",187604
10003,"New Castle County, Delaware",577961
10005,"Sussex County, Delaware",255626
11001,"District of Columbia, District of Columbia",681294
12001,"Alachua County, Florida",285492
12003,"Baker County, Florida",28430
12005,"Bay County, Florida",186393
12007,"Bradford County, Florida",27885
12009,"Brevard County, Florida",632780
12011,"Broward County, Florida",1977129
12013,"Calhoun County, Florida",13492
12015,"Charlotte County, Florida",201064
12017,"Citrus County, Florida",162472
12019,"Clay County, Florida",227584
12021,"Collier County, Florida",398291
12023,"Columbia County, Florida",71789
12027,"DeSoto County, Florida",35386
12029,"Dixie County, Florida",17058
12031,"Duval County, Florida",1023153
12033,"Escambia County, Florida",325923
12035,"Flagler County, Florida",126528
12037,"Franklin County, Florida",12553
12039,"Gadsden County, Florida",43710
12041,"Gilchrist County, Florida",19040
12043,"Glades County, Florida",12563
12045,"Gulf County, Florida",15131
12047,"Hamilton County, Florida",13616
12049,"Hardee County, Florida",25675
12051,"Hendry County, Florida",42382
12053,"Hernando County, Florida",207018
12055,"Highlands County, Florida",105702
12057,"Hillsborough County, Florida",1522748
12059,"Holmes County, Florida",19513
12061,"Indian River County, Florida",166936
12063,"Jackson County, Florida",48250
12065,"Jefferson County, Florida",15091
12067,"Lafayette County, Florida",8161
12069,"Lake County, Florida",412924
12071,"Lee County, Florida",817666
12073,"Leon County, Florida",297542
12075,"Levy County, Florida",45391
12077,"Liberty County, Florida",7687
12079,"Madison County, Florida",18089
12081,"Manatee County, Florida",429792
12083,"Marion County, Florida",400078
12085,"Martin County, Florida",162176
12086,"Miami-Dade County, Florida",2738356
12087,"Monroe County, Florida",81860
12089,"Nassau County, Florida",97859
12091,"Okaloosa County, Florida",216599
12093,"Okeechobee County, Florida",40816
12095,"Orange County, Florida",1471937
12097,"Osceola County, Florida",427415
12099,"Palm Beach County, Florida",1533806
12101,"Pasco County, Florida",611444
12103,"Pinellas County, Florida",963481
12105,"Polk County, Florida",790694
12107,"Putnam County, Florida",75164
12109,"St. Johns County, Florida",306934
12111,"St. Lucie County, Florida",360500
12113,"Santa Rosa County, Florida",198472
12115,"Sarasota County, Florida",459547
12117,"Seminole County, Florida",481470
12119,"Sumter County, Florida",143408
12121,"Suwannee County, Florida",45342
12123,"Taylor County, Florida",21503
12125,"Union County, Florida",15701
12127,"Volusia County, Florida",579622
12129,"Wakulla County, Florida",35387
12131,"Walton County, Florida",82948
12133,"Washington County, Florida",25529
13001,"Appling County, Georgia",18493
13003,"Atkinson County, Georgia",8337
13005,"Bacon County, Georgia",11109
13007,"Baker County, Georgia",2790
13009,"Baldwin County, Georgia",43642
13011,"Banks County, Georgia",19264
13013,"Barrow County, Georgia",89886
13015,"Bartow County, Georgia",113113
13017,"Ben Hill County, Georgia",17089
13019,"Berrien County, Georgia",18352
13021,"Bibb County, Georgia",156578
13023,"Bleckley County, Georgia",12430
13025,"Brantley County, Georgia",18315
13027,"Brooks County, Georgia",16293
13029,"Bryan County, Georgia",48263
13031,"Bulloch County, Georgia",82683
13033,"Burke County, Georgia",24470
13035,"Butts County, Georgia",26496
13037,"Calhoun County, Georgia",5498
13039,"Camden County, Georgia",56970
13043,"Candler County, Georgia",11043
13045,"Carroll County, Georgia",124569
13047,"Catoosa County, Georgia",68634
13049,"Charlton County, Georgia",12818
13051,"Chatham County, Georgia",300879
13053,"Chattahoochee County, Georgia",8887
13055,"Chattooga County, Georgia",25036
13057,"Cherokee County, Georgia",281032
13059,"Clarke County, Georgia",129609
13061,"Clay County, Georgia",2850
13063,"Clayton County, Georgia",298924
13065,"Clinch County, Georgia",6759
13067,"Cobb County, Georgia",775208
13069,"Coffee County, Georgia",43347
13071,"Colquitt County, Georgia",46224
13073,"Columbia County, Georgia",162434
13075,"Cook County, Georgia",17532
13077,"Coweta County, Georgia",152852
13079,"Crawford County, Georgia",12225
13081,"Crisp County, Georgia",19790
13083,"Dade County, Georgia",16165
13085,"Dawson County, Georgia",30242
13087,"Decatur County, Georgia",29195
13089,"DeKalb County, Georgia",765351
13091,"Dodge County, Georgia",19805
13093,"Dooly County, Georgia",10984
13095,"Dougherty County, Georgia",83091
13097,"Douglas County, Georgia",147888
13099,"Early County, Georgia",10603
13101,"Echols County, Georgia",3709
13103,"Effingham County, Georgia",69143
13105,"Elbert County, Georgia",19849
13107,"Emanuel County, Georgia",23026
13109,"Evans County, Georgia",10757
13111,"Fannin County, Georgia",25742
13113,"Fayette County, Georgia",122244
13115,"Floyd County, Georgia",99693
13117,"Forsyth County, Georgia",267287
13119,"Franklin County, Georgia",24234
13121,"Fulton County, Georgia",1076561
13123,"Gilmer County, Georgia",32426
13125,"Glascock County, Georgia",2932
13127,"Glynn County, Georgia",85447
13129,"Gordon County, Georgia",59100
13131,"Grady County, Georgia",26108
13133,"Greene County, Georgia",20109
13135,"Gwinnett County, Georgia",979864
13137,"Habersham County, Georgia",47793
13139,"Hall County, Georgia",212705
13141,"Hancock County, Georgia",8650
13143,"Haralson County, Georgia",31285
13145,"Harris County, Georgia",36086
13147,"Hart County, Georgia",26939
13149,"Heard County, Georgia",11773
13151,"Henry County, Georgia",249960
13153,"Houston County, Georgia",169649
13155,"Irwin County, Georgia",9285
13157,"Jackson County, Georgia",84757
13159,"Jasper County, Georgia",15929
13161,"Jeff Davis County, Georgia",14924
13163,"Jefferson County, Georgia",15341
13165,"Jenkins County, Georgia",8711
13167,"Johnson County, Georgia",9190
13169,"Jones County, Georgia",28673
13171,"Lamar County, Georgia",19571
13173,"Lanier County, Georgia",10221
13175,"Laurens County, Georgia",49798
13177,"Lee County, Georgia",33626
13179,"Liberty County, Georgia",67397
13181,"Lincoln County, Georgia",7854
13183,"Long County, Georgia",18374
13185,"Lowndes County, Georgia",119965
13187,"Lumpkin County, Georgia",34505
13189,"McDuffie County, Georgia",21718
13191,"McIntosh County, Georgia",11312
13193,"Macon County, Georgia",11864
13195,"Madison County, Georgia",31528
13197,"Marion County, Georgia",7509
13199,"Meriwether County, Georgia",20929
13201,"Miller County, Georgia",5850
13205,"Mitchell County, Georgia",21058
13207,"Monroe County, Georgia",29664
13209,"Montgomery County, Georgia",8640
13211,"Morgan County, Georgia",21078
13213,"Murray County, Georgia",40562
13215,"Muscogee County, Georgia",203711
13217,"Newton County, Georgia",118152
13219,"Oconee County, Georgia",43551
13221,"Oglethorpe County, Georgia",15509
13223,"Paulding County, Georgia",178909
13225,"Peach County, Georgia",28560
13227,"Pickens County, Georgia",34951
13229,"Pierce County, Georgia",20202
13231,"Pike County, Georgia",19903
13233,"Polk County, Georgia",43785
13235,"Pulaski County, Georgia",9939
13237,"Putnam County, Georgia",22855
13239,"Quitman County, Georgia",2264
13241,"Rabun County, Georgia",17312
13243,"Randolph County, Georgia",6196
13245,"Richmond County, Georgia",206069
13247,"Rockdale County, Georgia",95281
13249,"Schley County, Georgia",4513
13251,"Screven County, Georgia",14130
13253,"Seminole County, Georgia",9156
13255,"Spalding County, Georgia",68892
13257,"Stephens County, Georgia",27012
13259,"Stewart County, Georgia",4869
13261,"Sumter County, Georgia",29061
13263,"Talbot County, Georgia",5742
13265,"Taliaferro County, Georgia",1558
13267,"Tattnall County, Georgia",24208
13269,"Taylor County, Georgia",7786
13271,"Telfair County, Georgia",11831
13273,"Terrell County, Georgia",8850
13275,"Thomas County, Georgia",45777
13277,"Tift County, Georgia",41438
13279,"Toombs County, Georgia",27102
13281,"Towns County, Georgia",12913
13283,"Treutlen County, Georgia",6376
13285,"Troup County, Georgia",70330
13287,"Turner County, Georgia",8939
13289,"Twiggs County, Georgia",7803
13291,"Union County, Georgia",26304
13293,"Upson County, Georgia",28029
13295,"Walker County, Georgia",68762
13297,"Walton County, Georgia",103313
13299,"Ware County, Georgia",35976
13301,"Warren County, Georgia",5170
13303,"Washington County, Georgia",19849
13305,"Wayne County, Georgia",30949
13307,"Webster County, Georgia",2381
13309,"Wheeler County, Georgia",7335
13311,"White County, Georgia",28810
13313,"Whitfield County, Georgia",103598
13315,"Wilcox County, Georgia",8798
13317,"Wilkes County, Georgia",9549
13319,"Wilkinson County, Georgia",8747
13321,"Worth County, Georgia",20451
15001,"Hawaii County, Hawaii",205769
15003,"Honolulu County, Hawaii",1001146
15005,"Kalawao County, Hawaii",67
15007,"Kauai County, Hawaii",73731
15009,"Maui County, Hawaii",164522
16001,"Ada County, Idaho",518935
16003,"Adams County, Idaho",4744
16005,"Bannock County, Idaho",89454
16007,"Bear Lake County, Idaho",6650
16009,"Benewah County, Idaho",10142
16011,"Bingham County, Idaho",49664
16013,"Blaine County, Idaho",24951
16015,"Boise County, Idaho",8273
16017,"Bonner County, Idaho",51049
16019,"Bonneville County, Idaho",129523
16021,"Boundary County, Idaho",13172
16023,"Butte County, Idaho",2684
16025,"Camas County, Idaho",1124
16027,"Canyon County, Idaho",250790
16029,"Caribou County, Idaho",7162
16031,"Cassia County, Idaho",25483
16033,"Clark County, Idaho",849
16035,"Clearwater County, Idaho",9012
16037,"Custer County, Idaho",4470
16039,"Elmore County, Idaho",29321
16041,"Franklin County, Idaho",15056
16043,"Fremont County, Idaho",13943
16045,"Gem County, Idaho",20614
16047,"Gooding County, Idaho",15931
16049,"Idaho County, Idaho",17432
16051,"Jefferson County, Idaho",33154
16053,"Jerome County, Idaho",25173
16055,"Kootenai County, Idaho",181996
16057,"Latah County, Idaho",41049
16059,"Lemhi County, Idaho",8249
16061,"Lewis County, Idaho",3682
16063,"Lincoln County, Idaho",5358
16065,"Madison County, Idaho",54618
16067,"Minidoka County, Idaho",22208
16069,"Nez Perce County, Idaho",42697
16071,"Oneida County, Idaho",4768
16073,"Owyhee County, Idaho",12503
16075,"Payette County, Idaho",26771
16077,"Power County, Idaho",8133
16079,"Shoshone County, Idaho",13785
16081,"Teton County, Idaho",12425
16083,"Twin Falls County, Idaho",93734
16085,"Valley County, Idaho",12389
16087,"Washington County, Idaho",11142
17001,"Adams County, Illinois",64754
17003,"Alexander County, Illinois",4875
17005,"Bond County, Illinois",16716
17007,"Boone County, Illinois",53230
17009,"Brown County, Illinois",6322
17011,"Bureau County, Illinois",32866
17013,"Calhoun County, Illinois",4330
17015,"Carroll County, Illinois",15576
17017,"Cass County, Illinois",12784
17019,"Champaign County, Illinois",208741
17021,"Christian County, Illinois",33538
17023,"Clark County, Illinois",15266
17025,"Clay County, Illinois",13052
17027,"Clinton County, Illinois",36954
17029,"Coles County, Illinois",46777
17031,"Cook County, Illinois",5182090
17033,"Crawford County, Illinois",18511
17035,"Cumberland County, Illinois",10334
17037,"DeKalb County, Illinois",100703
17039,"De Witt County, Illinois",15373
17041,"Douglas County, Illinois",19751
17043,"DuPage County, Illinois",930024
17045,"Edgar County, Illinois",16535
17047,"Edwards County, Illinois",6075
17049,"Effingham County, Illinois",34522
17051,"Fayette County, Illinois",21315
17053,"Ford County, Illinois",13406
17055,"Franklin County, Illinois",37323
17057,"Fulton County, Illinois",33020
17059,"Gallatin County, Illinois",4819
17061,"Greene County, Illinois",11683
17063,"Grundy County, Illinois",53219
17065,"Hamilton County, Illinois",7916
17067,"Hancock County, Illinois",17281
17069,"Hardin County, Illinois",3605
17071,"Henderson County, Illinois",6193
17073,"Henry County, Illinois",48643
17075,"Iroquois County, Illinois",26449
17077,"Jackson County, Illinois",53064
17079,"Jasper County, Illinois",9180
17081,"Jefferson County, Illinois",36550
17083,"Jersey County, Illinois",21274
17085,"Jo Daviess County, Illinois",21851
17087,"Johnson County, Illinois",13376
17089,"Kane County, Illinois",517255
17091,"Kankakee County, Illinois",106635
17093,"Kendall County, Illinois",137675
17095,"Knox County, Illinois",49046
17097,"Lake County, Illinois",714223
17099,"LaSalle County, Illinois",108714
17101,"Lawrence County, Illinois",15031
17103,"Lee County, Illinois",33869
17105,"Livingston County, Illinois",35565
17107,"Logan County, Illinois",27713
17109,"McDonough County, Illinois",26920
17111,"McHenry County, Illinois",312591
17113,"McLean County, Illinois",171556
17115,"Macon County, Illinois",101849
17117,"Macoupin County, Illinois",44350
17119,"Madison County, Illinois",264238
17121,"Marion County, Illinois",37000
17123,"Marshall County, Illinois",11647
17125,"Mason County, Illinois",12745
17127,"Massac County, Illinois",13865
17129,"Menard County, Illinois",12095
17131,"Mercer County, Illinois",15495
17133,"Monroe County, Illinois",35036
17135,"Montgomery County, Illinois",27942
17137,"Morgan County, Illinois",33021
17139,"Moultrie County, Illinois",14424
17141,"Ogle County, Illinois",51495
17143,"Peoria County, Illinois",179645
17145,"Perry County, Illinois",20639
17147,"Piatt County, Illinois",16695
17149,"Pike County, Illinois",14469
17151,"Pope County, Illinois",3739
17153,"Pulaski County, Illinois",5015
17155,"Putnam County, Illinois",5601
17157,"Randolph County, Illinois",30058
17159,"Richland County, Illinois",15598
17161,"Rock Island County, Illinois",142757
17163,"St. Clair County, Illinois",253694
17165,"Saline County, Illinois",23213
17167,"Sangamon County, Illinois",194947
17169,"Schuyler County, Illinois",6787
17171,"Scott County, Illinois",4937
17173,"Shelby County, Illinois",20720
17175,"Stark County, Illinois",5308
17177,"Stephenson County, Illinois",43768
17179,"Tazewell County, Illinois",130290
17181,"Union County, Illinois",16997
17183,"Vermilion County, Illinois",72386
17185,"Wabash County, Illinois",11119
17187,"Warren County, Illinois",16447
17189,"Washington County, Illinois",13627
17191,"Wayne County, Illinois",15973
17193,"White County, Illinois",13619
17195,"Whiteside County, Illinois",54947
17197,"Will County, Illinois",701462
17199,"Williamson County, Illinois",66876
17201,"Winnebago County, Illinois",283292
17203,"Woodford County, Illinois",38312
18001,"Adams County, Indiana",36227
18003,"Allen County, Indiana",392378
18005,"Bartholomew County, Indiana",83536
18007,"Benton County, Indiana",8735
18009,"Blackford County, Indiana",11950
18011,"Boone County, Indiana",74718
18013,"Brown County, Indiana",15606
18015,"Carroll County, Indiana",20535
18017,"Cass County, Indiana",37680
18019,"Clark County, Indiana",124354
18021,"Clay County, Indiana",26409
18023,"Clinton County, Indiana",32944
18025,"Crawford County, Indiana",10499
18027,"Daviess County, Indiana",33658
18029,"Dearborn County, Indiana",51094
18031,"Decatur County, Indiana",26422
18033,"DeKalb County, Indiana",43807
18035,"Delaware County, Indiana",112280
18037,"Dubois County, Indiana",43614
18039,"Elkhart County, Indiana",207132
18041,"Fayette County, Indiana",23334
18043,"Floyd County, Indiana",80918
18045,"Fountain County, Indiana",16617
18047,"Franklin County, Indiana",23020
18049,"Fulton County, Indiana",20312
18051,"Gibson County, Indiana",33000
18053,"Grant County, Indiana",66295
18055,"Greene County, Indiana",31021
18057,"Hamilton County, Indiana",365056
18059,"Hancock County, Indiana",84037
18061,"Harrison County, Indiana",39859
18063,"Hendricks County, Indiana",183344
18065,"Henry County, Indiana",48970
18067,"Howard County, Indiana",83752
18069,"Huntington County, Indiana",36798
18071,"Jackson County, Indiana",46660
18073,"Jasper County, Indiana",33234
18075,"Jay County, Indiana",20229
18077,"Jefferson County, Indiana",32998
18079,"Jennings County, Indiana",27562
18081,"Johnson County, Indiana",166315
18083,"Knox County, Indiana",36007
18085,"Kosciusko County, Indiana",80442
18087,"LaGrange County, Indiana",40805
18089,"Lake County, Indiana",500379
18091,"LaPorte County, Indiana",111917
18093,"Lawrence County, Indiana",45102
18095,"Madison County, Indiana",131900
18097,"Marion County, Indiana",975809
18099,"Marshall County, Indiana",46284
18101,"Martin County, Indiana",9830
18103,"Miami County, Indiana",35712
18105,"Monroe County, Indiana",140965
18107,"Montgomery County, Indiana",38312
18109,"Morgan County, Indiana",72659
18111,"Newton County, Indiana",13922
18113,"Noble County, Indiana",47495
18115,"Ohio County, Indiana",5999
18117,"Orange County, Indiana",19767
18119,"Owen County, Indiana",21604
18121,"Parke County, Indiana",16406
18123,"Perry County, Indiana",19270
18125,"Pike County, Indiana",12154
18127,"Porter County, Indiana",174818
18129,"Posey County, Indiana",25116
18131,"Pulaski County, Indiana",12441
18133,"Putnam County, Indiana",37280
18135,"Randolph County, Indiana",24387
18137,"Ripley County, Indiana",29095
18139,"Rush County, Indiana",16739
18141,"St. Joseph County, Indiana",273040
18143,"Scott County, Indiana",24526
18145,"Shelby County, Indiana",45265
18147,"Spencer County, Indiana",19955
18149,"Starke County, Indiana",23365
18151,"Steuben County, Indiana",34726
18153,"Sullivan County, Indiana",20780
18155,"Switzerland County, Indiana",9909
18157,"Tippecanoe County, Indiana",189071
18159,"Tipton County, Indiana",15346
18161,"Union County, Indiana",6985
18163,"Vanderburgh County, Indiana",180117
18165,"Vermillion County, Indiana",15421
18167,"Vigo County, Indiana",106109
18169,"Wabash County, Indiana",30844
18171,"Warren County, Indiana",8464
18173,"Warrick County, Indiana",65261
18175,"Washington County, Indiana",28212
18177,"Wayne County, Indiana",66397
18179,"Wells County, Indiana",28420
18181,"White County, Indiana",24717
18183,"Whitley County, Indiana",34618
19001,"Adair County, Iowa",7460
19003,"Adams County, Iowa",3622
19005,"Allamakee County, Iowa",14092
19007,"Appanoose County, Iowa",12184
19009,"Audubon County, Iowa",5599
19011,"Benton County, Iowa",25724
19013,"Black Hawk County, Iowa",131049
19015,"Boone County, Iowa",26668
19017,"Bremer County, Iowa",25204
19019,"Buchanan County, Iowa",20694
19021,"Buena Vista County, Iowa",20753
19023,"Butler County, Iowa",14268
19025,"Calhoun County, Iowa",9803
19027,"Carroll County, Iowa",20594
19029,"Cass County, Iowa",13096
19031,"Cedar County, Iowa",18349
19033,"Cerro Gordo County, Iowa",42632
19035,"Cherokee County, Iowa",11600
19037,"Chickasaw County, Iowa",11807
19039,"Clarke County, Iowa",9662
19041,"Clay County, Iowa",16461
19043,"Clayton County, Iowa",17013
19045,"Clinton County, Iowa",46268
19047,"Crawford County, Iowa",16277
19049,"Dallas County, Iowa",107968
19051,"Davis County, Iowa",9157
19053,"Decatur County, Iowa",7759
19055,"Delaware County, Iowa",17558
19057,"Des Moines County, Iowa",38487
19059,"Dickinson County, Iowa",17990
19061,"Dubuque County, Iowa",99030
19063,"Emmet County, Iowa",9262
19065,"Fayette County, Iowa",19288
19067,"Floyd County, Iowa",15328
19069,"Franklin County, Iowa",9956
19071,"Fremont County, Iowa",6514
19073,"Greene County, Iowa",8688
19075,"Grundy County, Iowa",12384
19077,"Guthrie County, Iowa",10688
19079,"Hamilton County, Iowa",14886
19081,"Hancock County, Iowa",10671
19083,"Hardin County, Iowa",16639
19085,"Harrison County, Iowa",14632
19087,"Henry County, Iowa",20004
19089,"Howard County, Iowa",9445
19091,"Humboldt County, Iowa",9591
19093,"Ida County, Iowa",6911
19095,"Iowa County, Iowa",16507
19097,"Jackson County, Iowa",19390
19099,"Jasper County, Iowa",37954
19101,"Jefferson County, Iowa",15705
19103,"Johnson County, Iowa",156639
19105,"Jones County, Iowa",20896
19107,"Keokuk County, Iowa",9924
19109,"Kossuth County, Iowa",14516
19111,"Lee County, Iowa",32893
19113,"Linn County, Iowa",230004
19115,"Louisa County, Iowa",10678
19117,"Lucas County, Iowa",8716
19119,"Lyon County, Iowa",12162
19121,"Madison County, Iowa",16926
19123,"Mahaska County, Iowa",22021
19125,"Marion County, Iowa",33642
19127,"Marshall County, Iowa",40114
19129,"Mills County, Iowa",14568
19131,"Mitchell County, Iowa",10575
19133,"Monona County, Iowa",8557
19135,"Monroe County, Iowa",7513
19137,"Montgomery County, Iowa",10214
19139,"Muscatine County, Iowa",42559
19141,"O'Brien County, Iowa",14126
19143,"Osceola County, Iowa",6100
19145,"Page County, Iowa",15131
19147,"Palo Alto County, Iowa",8863
19149,"Plymouth County, Iowa",25747
19151,"Pocahontas County, Iowa",7046
19153,"Polk County, Iowa",503175
19155,"Pottawattamie County, Iowa",93424
19157,"Poweshiek County, Iowa",18545
19159,"Ringgold County, Iowa",4645
19161,"Sac County, Iowa",9689
19163,"Scott County, Iowa",174608
19165,"Shelby County, Iowa",11778
19167,"Sioux County, Iowa",36212
19169,"Story County, Iowa",100466
19171,"Tama County, Iowa",16868
19173,"Taylor County, Iowa",5868
19175,"Union County, Iowa",11993
19177,"Van Buren County, Iowa",7241
19179,"Wapello County, Iowa",35362
19181,"Warren County, Iowa",54409
19183,"Washington County, Iowa",22561
19185,"Wayne County, Iowa",6532
19187,"Webster County, Iowa",36886
19189,"Winnebago County, Iowa",10583
19191,"Winneshiek County, Iowa",19873
19193,"Woodbury County, Iowa",106247
19195,"Worth County, Iowa",7350
19197,"Wright County, Iowa",12791
20001,"Allen County, Kansas",12483
20003,"Anderson County, Kansas",7834
20005,"Atchison County, Kansas",16208
20007,"Barber County, Kansas",4069
20009,"Barton County, Kansas",25097
20011,"Bourbon County, Kansas",14394
20013,"Brown County, Kansas",9343
20015,"Butler County, Kansas",68287
20017,"Chase County, Kansas",2561
20019,"Chautauqua County, Kansas",3370
20021,"Cherokee County, Kansas",19151
20023,"Cheyenne County, Kansas",2628
20025,"Clark County, Kansas",1974
20027,"Clay County, Kansas",8048
20029,"Cloud County, Kansas",8898
20031,"Coffey County, Kansas",8308
20033,"Comanche County, Kansas",1729
20035,"Cowley County, Kansas",34411
20037,"Crawford County, Kansas",39008
20039,"Decatur County, Kansas",2726
20041,"Dickinson County, Kansas",18445
20043,"Doniphan County, Kansas",7503
20045,"Douglas County, Kansas",120302
20047,"Edwards County, Kansas",2779
20049,"Elk County, Kansas",2453
20051,"Ellis County, Kansas",28920
20053,"Ellsworth County, Kansas",6360
20055,"Finney County, Kansas",38084
20057,"Ford County, Kansas",34074
20059,"Franklin County, Kansas",26106
20061,"Geary County, Kansas",35815
20063,"Gove County, Kansas",2799
20065,"Graham County, Kansas",2389
20067,"Grant County, Kansas",7229
20069,"Gray County, Kansas",5701
20071,"Greeley County, Kansas",1304
20073,"Greenwood County, Kansas",5919
20075,"Hamilton County, Kansas",2471
20077,"Harper County, Kansas",5400
20079,"Harvey County, Kansas",33756
20081,"Haskell County, Kansas",3641
20083,"Hodgeman County, Kansas",1652
20085,"Jackson County, Kansas",13341
20087,"Jefferson County, Kansas",18349
20089,"Jewell County, Kansas",2916
20091,"Johnson County, Kansas",620631
20093,"Kearny County, Kansas",3864
20095,"Kingman County, Kansas",7186
20097,"Kiowa County, Kansas",2422
20099,"Labette County, Kansas",19869
20101,"Lane County, Kansas",1461
20103,"Leavenworth County, Kansas",83123
20105,"Lincoln County, Kansas",2923
20107,"Linn County, Kansas",9767
20109,"Logan County, Kansas",2707
20111,"Lyon County, Kansas",32186
20113,"McPherson County, Kansas",30205
20115,"Marion County, Kansas",11754
20117,"Marshall County, Kansas",9993
20119,"Meade County, Kansas",3903
20121,"Miami County, Kansas",34938
20123,"Mitchell County, Kansas",5779
20125,"Montgomery County, Kansas",30940
20127,"Morris County, Kansas",5340
20129,"Morton County, Kansas",2611
20131,"Nemaha County, Kansas",10160
20133,"Neosho County, Kansas",15656
20135,"Ness County, Kansas",2653
20137,"Norton County, Kansas",5359
20139,"Osage County, Kansas",15744
20141,"Osborne County, Kansas",3452
20143,"Ottawa County, Kansas",5819
20145,"Pawnee County, Kansas",6144
20147,"Phillips County, Kansas",4813
20149,"Pottawatomie County, Kansas",26204
20151,"Pratt County, Kansas",9127
20153,"Rawlins County, Kansas",2516
20155,"Reno County, Kansas",61553
20157,"Republic County, Kansas",4646
20159,"Rice County, Kansas",9350
20161,"Riley County, Kansas",71946
20163,"Rooks County, Kansas",4813
20165,"Rush County, Kansas",2947
20167,"Russell County, Kansas",6679
20169,"Saline County, Kansas",53668
20171,"Scott County, Kansas",5027
20173,"Sedgwick County, Kansas",528226
20175,"Seward County, Kansas",21486
20177,"Shawnee County, Kansas",178025
20179,"Sheridan County, Kansas",2426
20181,"Sherman County, Kansas",5858
20183,"Smith County, Kansas",3552
20185,"Stafford County, Kansas",3978
20187,"Stanton County, Kansas",2038
20189,"Stevens County, Kansas",5162
20191,"Sumner County, Kansas",22353
20193,"Thomas County, Kansas",7885
20195,"Trego County, Kansas",2777
20197,"Wabaunsee County, Kansas",7009
20199,"Wallace County, Kansas",1417
20201,"Washington County, Kansas",5533
20203,"Wichita County, Kansas",2091
20205,"Wilson County, Kansas",8505
20207,"Woodson County, Kansas",3109
20209,"Wyandotte County, Kansas",167654
21001,"Adair County, Kentucky",19089
21003,"Allen County, Kentucky",21293
21005,"Anderson County, Kentucky",24353
21007,"Ballard County, Kentucky",7654
21009,"Barren County, Kentucky",44938
21011,"Bath County, Kentucky",12851
21013,"Bell County, Kentucky",23509
21015,"Boone County, Kentucky",139841
21017,"Bourbon County, Kentucky",20240
21019,"Boyd County, Kentucky",47911
21021,"Boyle County, Kentucky",30941
21023,"Bracken County, Kentucky",8444
21025,"Breathitt County, Kentucky",13276
21027,"Breckinridge County, Kentucky",20881
21029,"Bullitt County, Kentucky",84027
21031,"Butler County, Kentucky",12393
21033,"Caldwell County, Kentucky",12618
21035,"Calloway County, Kentucky",38224
21037,"Campbell County, Kentucky",93426
21039,"Carlisle County, Kentucky",4762
21041,"Carroll County, Kentucky",10954
21043,"Carter County, Kentucky",26341
21045,"Casey County, Kentucky",15914
21047,"Christian County, Kentucky",72069
21049,"Clark County, Kentucky",37192
21051,"Clay County, Kentucky",19921
21053,"Clinton County, Kentucky",9202
21055,"Crittenden County, Kentucky",8979
21057,"Cumberland County, Kentucky",5948
21059,"Daviess County, Kentucky",103648
21061,"Edmonson County, Kentucky",12355
21063,"Elliott County, Kentucky",7307
21065,"Estill County, Kentucky",14035
21067,"Fayette County, Kentucky",323725
21069,"Fleming County, Kentucky",15323
21071,"Floyd County, Kentucky",35224
21073,"Franklin County, Kentucky",51842
21075,"Fulton County, Kentucky",6409
21077,"Gallatin County, Kentucky",8769
21079,"Garrard County, Kentucky",17568
21081,"Grant County, Kentucky",25418
21083,"Graves County, Kentucky",36630
21085,"Grayson County, Kentucky",26707
21087,"Green County, Kentucky",11369
21089,"Greenup County, Kentucky",35501
21091,"Hancock County, Kentucky",9034
21093,"Hardin County, Kentucky",111942
21095,"Harlan County, Kentucky",25772
21097,"Harrison County, Kentucky",19140
21099,"Hart County, Kentucky",19603
21101,"Henderson County, Kentucky",44280
21103,"Henry County, Kentucky",15856
21105,"Hickman County, Kentucky",4439
21107,"Hopkins County, Kentucky",45119
21109,"Jackson County, Kentucky",13086
21111,"Jefferson County, Kentucky",783022
21113,"Jessamine County, Kentucky",54588
21115,"Johnson County, Kentucky",22334
21117,"Kenton County, Kentucky",171288
21119,"Knott County, Kentucky",13830
21121,"Knox County, Kentucky",29865
21123,"Larue County, Kentucky",15107
21125,"Laurel County, Kentucky",62983
21127,"Lawrence County, Kentucky",16077
21129,"Lee County, Kentucky",7339
21131,"Leslie County, Kentucky",10079
21133,"Letcher County, Kentucky",20808
21135,"Lewis County, Kentucky",12965
21137,"Lincoln County, Kentucky",24504
21139,"Livingston County, Kentucky",8903
21141,"Logan County, Kentucky",27986
21143,"Lyon County, Kentucky",8900
21145,"McCracken County, Kentucky",67564
21147,"McCreary County, Kentucky",16867
21149,"McLean County, Kentucky",9114
21151,"Madison County, Kentucky",95769
21153,"Magoffin County, Kentucky",11348
21155,"Marion County, Kentucky",19749
21157,"Marshall County, Kentucky",31743
21159,"Martin County, Kentucky",11027
21161,"Mason County, Kentucky",16956
21163,"Meade County, Kentucky",30158
21165,"Menifee County, Kentucky",6230
21167,"Mercer County, Kentucky",23028
21169,"Metcalfe County, Kentucky",10425
21171,"Monroe County, Kentucky",11269
21173,"Montgomery County, Kentucky",28395
21175,"Morgan County, Kentucky",14053
21177,"Muhlenberg County, Kentucky",30591
21179,"Nelson County, Kentucky",47606
21181,"Nicholas County, Kentucky",7708
21183,"Ohio County, Kentucky",23735
21185,"Oldham County, Kentucky",69257
21187,"Owen County, Kentucky",11330
21189,"Owsley County, Kentucky",3971
21191,"Pendleton County, Kentucky",14723
21193,"Perry County, Kentucky",27499
21195,"Pike County, Kentucky",56727
21197,"Powell County, Kentucky",13038
21199,"Pulaski County, Kentucky",65897
21201,"Robertson County, Kentucky",2283
21203,"Rockcastle County, Kentucky",16163
21205,"Rowan County, Kentucky",24578
21207,"Russell County, Kentucky",18221
21209,"Scott County, Kentucky",59536
21211,"Shelby County, Kentucky",49096
21213,"Simpson County, Kentucky",19972
21215,"Spencer County, Kentucky",20193
21217,"Taylor County, Kentucky",26397
21219,"Todd County, Kentucky",12469
21221,"Trigg County, Kentucky",14315
21223,"Trimble County, Kentucky",8550
21225,"Union County, Kentucky",13260
21227,"Warren County, Kentucky",140918
21229,"Washington County, Kentucky",12140
21231,"Wayne County, Kentucky",19602
21233,"Webster County, Kentucky",12842
21235,"Whitley County, Kentucky",36920
21237,"Wolfe County, Kentucky",6443
21239,"Woodford County, Kentucky",27279
22001,"Acadia Parish, Louisiana",56955
22003,"Allen Parish, Louisiana",22477
22005,"Ascension Parish, Louisiana",130314
22007,"Assumption Parish, Louisiana",20484
22009,"Avoyelles Parish, Louisiana",38905
22011,"Beauregard Parish, Louisiana",36676
22013,"Bienville Parish, Louisiana",12638
22015,"Bossier Parish, Louisiana",129789
22017,"Caddo Parish, Louisiana",230004
22019,"Calcasieu Parish, Louisiana",207088
22021,"Caldwell Parish, Louisiana",9500
22023,"Cameron Parish, Louisiana",5015
22025,"Catahoula Parish, Louisiana",8583
22027,"Claiborne Parish, Louisiana",13833
22029,"Concordia Parish, Louisiana",18174
22031,"De Soto Parish, Louisiana",27026
22033,"East Baton Rouge Parish, Louisiana",452938
22035,"East Carroll Parish, Louisiana",7072
22037,"East Feliciana Parish, Louisiana",19271
22039,"Evangeline Parish, Louisiana",32060
22041,"Franklin Parish, Louisiana",19408
22043,"Grant Parish, Louisiana",22095
22045,"Iberia Parish, Louisiana",68599
22047,"Iberville Parish, Louisiana",29815
22049,"Jackson Parish, Louisiana",14884
22051,"Jefferson Parish, Louisiana",430920
22053,"Jefferson Davis Parish, Louisiana",31924
22055,"Lafayette Parish, Louisiana",247997
22057,"Lafourche Parish, Louisiana",96252
22059,"LaSalle Parish, Louisiana",14789
22061,"Lincoln Parish, Louisiana",48174
22063,"Livingston Parish, Louisiana",148115
22065,"Madison Parish, Louisiana",9513
22067,"Morehouse Parish, Louisiana",24551
22069,"Natchitoches Parish, Louisiana",36693
22071,"Orleans Parish, Louisiana",371853
22073,"Ouachita Parish, Louisiana",158480
22075,"Plaquemines Parish, Louisiana",22803
22077,"Pointe Coupee Parish, Louisiana",20217
22079,"Rapides Parish, Louisiana",127527
22081,"Red River Parish, Louisiana",7443
22083,"Richland Parish, Louisiana",19822
22085,"Sabine Parish, Louisiana",21977
22087,"St. Bernard Parish, Louisiana",44419
22089,"St. Charles Parish, Louisiana",51396
22091,"St. Helena Parish, Louisiana",10858
22093,"St. James Parish, Louisiana",19528
22095,"St. John the Baptist Parish, Louisiana",40743
22097,"St. Landry Parish, Louisiana",81670
22099,"St. Martin Parish, Louisiana",51353
22101,"St. Mary Parish, Louisiana",47828
22103,"St. Tammany Parish, Louisiana",272421
22105,"Tangipahoa Parish, Louisiana",136738
22107,"Tensas Parish, Louisiana",3935
22109,"Terrebonne Parish, Louisiana",106186
22111,"Union Parish, Louisiana",20821
22113,"Vermilion Parish, Louisiana",57123
22115,"Vernon Parish, Louisiana",47117
22117,"Washington Parish, Louisiana",45120
22119,"Webster Parish, Louisiana",35820
22121,"West Baton Rouge Parish, Louisiana",27974
22123,"West Carroll Parish, Louisiana",9464
22125,"West Feliciana Parish, Louisiana",15327
22127,"Winn Parish, Louisiana",13467
23001,"Androscoggin County, Maine",113423
23003,"Aroostook County, Maine",67058
23005,"Cumberland County, Maine",308827
23007,"Franklin County, Maine",30413
23009,"Hancock County, Maine",56460
23011,"Kennebec County, Maine",126808
23013,"Knox County, Maine",41003
23015,"Lincoln County, Maine",36099
23017,"Oxford County, Maine",59255
23019,"Penobscot County, Maine",154710
23021,"Piscataquis County, Maine",17263
23023,"Sagadahoc County, Maine",37285
23025,"Somerset County, Maine",50959
23027,"Waldo County, Maine",40192
23029,"Washington County, Maine",31331
23031,"York County, Maine",216731
24001,"Allegany County, Maryland",67452
24003,"Anne Arundel County, Maryland",598166
24005,"Baltimore County, Maryland",850796
24009,"Calvert County, Maryland",94313
24011,"Caroline County, Maryland",33669
24013,"Carroll County, Maryland",175321
24015,"Cecil County, Maryland",104960
24017,"Charles County, Maryland",170527
24019,"Dorchester County, Maryland",32754
24021,"Frederick County, Maryland",287048
24023,"Garrett County, Maryland",28615
24025,"Harford County, Maryland",263757
24027,"Howard County, Maryland",336328
24029,"Kent County, Maryland",19346
24031,"Montgomery County, Maryland",1065949
24033,"Prince George's County, Maryland",959754
24035,"Queen Anne's County, Maryland",51825
24037,"St. Mary's County, Maryland",115126
24039,"Somerset County, Maryland",24822
24041,"Talbot County, Maryland",37917
24043,"Washington County, Maryland",155709
24045,"Wicomico County, Maryland",104914
24047,"Worcester County, Maryland",53700
24510,"Baltimore city, Maryland",573243
25001,"Barnstable County, Massachusetts",231668
25003,"Berkshire County, Massachusetts",129430
25005,"Bristol County, Massachusetts",582270
25007,"Dukes County, Massachusetts",20933
25009,"Essex County, Massachusetts",813054
25011,"Franklin County, Massachusetts",70944
25013,"Hampden County, Massachusetts",462815
25015,"Hampshire County, Massachusetts",162028
25017,"Middlesex County, Massachusetts",1638365
25019,"Nantucket County, Massachusetts",14483
25021,"Norfolk County, Massachusetts",730082
25023,"Plymouth County, Massachusetts",535075
25025,"Suffolk County, Massachusetts",785121
25027,"Worcester County, Massachusetts",867788
26001,"Alcona County, Michigan",10397
26003,"Alger County, Michigan",8762
26005,"Allegan County, Michigan",121456
26007,"Alpena County, Michigan",28880
26009,"Antrim County, Michigan",24127
26011,"Arenac County, Michigan",15077
26013,"Baraga County, Michigan",8191
26015,"Barry County, Michigan",63409
26017,"Bay County, Michigan",103008
26019,"Benzie County, Michigan",18310
26021,"Berrien County, Michigan",153288
26023,"Branch County, Michigan",45300
26025,"Calhoun County, Michigan",133778
26027,"Cass County, Michigan",51520
26029,"Charlevoix County, Michigan",26108
26031,"Cheboygan County, Michigan",25865
26033,"Chippewa County, Michigan",36295
26035,"Clare County, Michigan",31218
26037,"Clinton County, Michigan",79626
26039,"Crawford County, Michigan",13369
26041,"Delta County, Michigan",36813
26043,"Dickinson County, Michigan",25954
26045,"Eaton County, Michigan",109130
26047,"Emmet County, Michigan",34125
26049,"Genesee County, Michigan",403305
26051,"Gladwin County, Michigan",25693
26053,"Gogebic County, Michigan",14319
26055,"Grand Traverse County, Michigan",96166
26057,"Gratiot County, Michigan",41385
26059,"Hillsdale County, Michigan",45654
26061,"Houghton County, Michigan",37693
26063,"Huron County, Michigan",31113
26065,"Ingham County, Michigan",283913
26067,"Ionia County, Michigan",66574
26069,"Iosco County, Michigan",25347
26071,"Iron County, Michigan",11667
26073,"Isabella County, Michigan",64565
26075,"Jackson County, Michigan",160060
26077,"Kalamazoo County, Michigan",262375
26079,"Kalkaska County, Michigan",18239
26081,"Kent County, Michigan",663150
26083,"Keweenaw County, Michigan",2133
26085,"Lake County, Michigan",12563
26087,"Lapeer County, Michigan",88837
26089,"Leelanau County, Michigan",22734
26091,"Lenawee County, Michigan",98415
26093,"Livingston County, Michigan",195833
26095,"Luce County, Michigan",6271
26097,"Mackinac County, Michigan",10957
26099,"Macomb County, Michigan",879853
26101,"Manistee County, Michigan",25350
26103,"Marquette County, Michigan",67112
26105,"Mason County, Michigan",29207
26107,"Mecosta County, Michigan",41242
26109,"Menominee County, Michigan",23247
26111,"Midland County, Michigan",83757
26113,"Missaukee County, Michigan",15207
26115,"Monroe County, Michigan",155505
26117,"Montcalm County, Michigan",67816
26119,"Montmorency County, Michigan",9516
26121,"Muskegon County, Michigan",175961
26123,"Newaygo County, Michigan",50792
26125,"Oakland County, Michigan",1279825
26127,"Oceana County, Michigan",26915
26129,"Ogemaw County, Michigan",20885
26131,"Ontonagon County, Michigan",5850
26133,"Osceola County, Michigan",23227
26135,"Oscoda County, Michigan",8425
26137,"Otsego County, Michigan",25584
26139,"Ottawa County, Michigan",301203
26141,"Presque Isle County, Michigan",13209
26143,"Roscommon County, Michigan",23737
26145,"Saginaw County, Michigan",188665
26147,"St. Clair County, Michigan",160221
26149,"St. Joseph County, Michigan",60969
26151,"Sanilac County, Michigan",40462
26153,"Schoolcraft County, Michigan",8128
26155,"Shiawassee County, Michigan",67991
26157,"Tuscola County, Michigan",52980
26159,"Van Buren County, Michigan",75795
26161,"Washtenaw County, Michigan",369822
26163,"Wayne County, Michigan",1772259
26165,"Wexford County, Michigan",34077
27001,"Aitkin County, Minnesota",16056
27003,"Anoka County, Minnesota",370349
27005,"Becker County, Minnesota",35343
27007,"Beltrami County, Minnesota",46512
27009,"Benton County, Minnesota",41593
27011,"Big Stone County, Minnesota",5127
27013,"Blue Earth County, Minnesota",69871
27015,"Brown County, Minnesota",25800
27017,"Carlton County, Minnesota",36518
27019,"Carver County, Minnesota",110041
27021,"Cass County, Minnesota",30992
27023,"Chippewa County, Minnesota",12377
27025,"Chisago County, Minnesota",57991
27027,"Clay County, Minnesota",66059
27029,"Clearwater County, Minnesota",8616
27031,"Cook County, Minnesota",5635
27033,"Cottonwood County, Minnesota",11458
27035,"Crow Wing County, Minnesota",67686
27037,"Dakota County, Minnesota",445771
27039,"Dodge County, Minnesota",21045
27041,"Douglas County, Minnesota",39575
27043,"Faribault County, Minnesota",13914
27045,"Fillmore County, Minnesota",21414
27047,"Freeborn County, Minnesota",30623
27049,"Goodhue County, Minnesota",47943
27051,"Grant County, Minnesota",6127
27053,"Hennepin County, Minnesota",1269496
27055,"Houston County, Minnesota",18653
27057,"Hubbard County, Minnesota",21831
27059,"Isanti County, Minnesota",42596
27061,"Itasca County, Minnesota",45275
27063,"Jackson County, Minnesota",9933
27065,"Kanabec County, Minnesota",16390
27067,"Kandiyohi County, Minnesota",44079
27069,"Kittson County, Minnesota",4084
27071,"Koochiching County, Minnesota",11833
27073,"Lac qui Parle County, Minnesota",6682
27075,"Lake County, Minnesota",10879
27077,"Lake of the Woods County, Minnesota",3821
27079,"Le Sueur County, Minnesota",29113
27081,"Lincoln County, Minnesota",5603
27083,"Lyon County, Minnesota",25503
27085,"McLeod County, Minnesota",36798
27087,"Mahnomen County, Minnesota",5358
27089,"Marshall County, Minnesota",8909
27091,"Martin County, Minnesota",19780
27093,"Meeker County, Minnesota",23468
27095,"Mille Lacs County, Minnesota",27125
27097,"Morrison County, Minnesota",34249
27099,"Mower County, Minnesota",40343
27101,"Murray County, Minnesota",8097
27103,"Nicollet County, Minnesota",34411
27105,"Nobles County, Minnesota",22041
27107,"Norman County, Minnesota",6367
27109,"Olmsted County, Minnesota",164498
27111,"Otter Tail County, Minnesota",60475
27113,"Pennington County, Minnesota",13791
27115,"Pine County, Minnesota",29640
27117,"Pipestone County, Minnesota",9284
27119,"Polk County, Minnesota",30705
27121,"Pope County, Minnesota",11418
27123,"Ramsey County, Minnesota",542945
27125,"Red Lake County, Minnesota",3915
27127,"Redwood County, Minnesota",15350
27129,"Renville County, Minnesota",14558
27131,"Rice County, Minnesota",67917
27133,"Rock County, Minnesota",9621
27135,"Roseau County, Minnesota",15302
27137,"St. Louis County, Minnesota",200123
27139,"Scott County, Minnesota",154557
27141,"Sherburne County, Minnesota",100560
27143,"Sibley County, Minnesota",15005
27145,"Stearns County, Minnesota",160865
27147,"Steele County, Minnesota",37439
27149,"Stevens County, Minnesota",9739
27151,"Swift County, Minnesota",9748
27153,"Todd County, Minnesota",25575
27155,"Traverse County, Minnesota",3243
27157,"Wabasha County, Minnesota",21565
27159,"Wadena County, Minnesota",14256
27161,"Waseca County, Minnesota",18885
27163,"Washington County, Minnesota",276238
27165,"Watonwan County, Minnesota",11205
27167,"Wilkin County, Minnesota",6371
27169,"Winona County, Minnesota",49779
27171,"Wright County, Minnesota",148269
27173,"Yellow Medicine County, Minnesota",9451
28001,"Adams County, Mississippi",28803
28003,"Alcorn County, Mississippi",34289
28005,"Amite County, Mississippi",12565
28007,"Attala County, Mississippi",17526
28009,"Benton County, Mississippi",7589
28011,"Bolivar County, Mississippi",29534
28013,"Calhoun County, Mississippi",12922
28015,"Carroll County, Mississippi",9686
28017,"Chickasaw County, Mississippi",16915
28019,"Choctaw County, Mississippi",8118
28021,"Claiborne County, Mississippi",8582
28023,"Clarke County, Mississippi",15314
28025,"Clay County, Mississippi",18383
28027,"Coahoma County, Mississippi",20540
28029,"Copiah County, Mississippi",27855
28031,"Covington County, Mississippi",18148
28033,"DeSoto County, Mississippi",191301
28035,"Forrest County, Mississippi",78272
28037,"Franklin County, Mississippi",7622
28039,"George County, Mississippi",25170
28041,"Greene County, Mississippi",13615
28043,"Grenada County, Mississippi",21217
28045,"Hancock County, Mississippi",46167
28047,"Harrison County, Mississippi",210891
28049,"Hinds County, Mississippi",218533
28051,"Holmes County, Mississippi",16191
28053,"Humphreys County, Mississippi",7395
28055,"Issaquena County, Mississippi",928
28057,"Itawamba County, Mississippi",24036
28059,"Jackson County, Mississippi",145249
28061,"Jasper County, Mississippi",16059
28063,"Jefferson County, Mississippi",7068
28065,"Jefferson Davis County, Mississippi",11117
28067,"Jones County, Mississippi",66472
28069,"Kemper County, Mississippi",8729
28071,"Lafayette County, Mississippi",58327
28073,"Lamar County, Mississippi",65713
28075,"Lauderdale County, Mississippi",71504
28077,"Lawrence County, Mississippi",11786
28079,"Leake County, Mississippi",21319
28081,"Lee County, Mississippi",83034
28083,"Leflore County, Mississippi",27141
28085,"Lincoln County, Mississippi",34877
28087,"Lowndes County, Mississippi",57838
28089,"Madison County, Mississippi",111647
28091,"Marion County, Mississippi",24193
28093,"Marshall County, Mississippi",33979
28095,"Monroe County, Mississippi",33747
28097,"Montgomery County, Mississippi",9602
28099,"Neshoba County, Mississippi",28932
28101,"Newton County, Mississippi",21093
28103,"Noxubee County, Mississippi",10025
28105,"Oktibbeha County, Mississippi",51771
28107,"Panola County, Mississippi",32808
28109,"Pearl River County, Mississippi",57458
28111,"Perry County, Mississippi",11449
28113,"Pike County, Mississippi",39602
28115,"Pontotoc County, Mississippi",31550
28117,"Prentiss County, Mississippi",25184
28119,"Quitman County, Mississippi",5774
28121,"Rankin County, Mississippi",158854
28123,"Scott County, Mississippi",27718
28125,"Sharkey County, Mississippi",3872
28127,"Simpson County, Mississippi",25691
28129,"Smith County, Mississippi",14132
28131,"Stone County, Mississippi",18894
28133,"Sunflower County, Mississippi",24333
28135,"Tallahatchie County, Mississippi",11764
28137,"Tate County, Mississippi",28321
28139,"Tippah County, Mississippi",21523
28141,"Tishomingo County, Mississippi",18660
28143,"Tunica County, Mississippi",9475
28145,"Union County, Mississippi",28122
28147,"Walthall County, Mississippi",13839
28149,"Warren County, Mississippi",43020
28151,"Washington County, Mississippi",42765
28153,"Wayne County, Mississippi",19718
28155,"Webster County, Mississippi",9972
28157,"Wilkinson County, Mississippi",8162
28159,"Winston County, Mississippi",17536
28161,"Yalobusha County, Mississippi",12419
28163,"Yazoo County, Mississippi",24835
29001,"Adair County, Missouri",25301
29003,"Andrew County, Missouri",18065
29005,"Atchison County, Missouri",5187
29007,"Audrain County, Missouri",24548
29009,"Barry County, Missouri",35033
29011,"Barton County, Missouri",11690
29013,"Bates County, Missouri",16186
29015,"Benton County, Missouri",20151
29017,"Bollinger County, Missouri",10559
29019,"Boone County, Missouri",188043
29021,"Buchanan County, Missouri",83568
29023,"Butler County, Missouri",42020
29025,"Caldwell County, Missouri",8927
29027,"Callaway County, Missouri",44741
29029,"Camden County, Missouri",43667
29031,"Cape Girardeau County, Missouri",82735
29033,"Carroll County, Missouri",8411
29035,"Carter County, Missouri",5297
29037,"Cass County, Missouri",110773
29039,"Cedar County, Missouri",14615
29041,"Chariton County, Missouri",7390
29043,"Christian County, Missouri",92915
29045,"Clark County, Missouri",6675
29047,"Clay County, Missouri",258122
29049,"Clinton County, Missouri",21414
29051,"Cole County, Missouri",77032
29053,"Cooper County, Missouri",16824
29055,"Crawford County, Missouri",22797
29057,"Dade County, Missouri",7641
29059,"Dallas County, Missouri",17551
29061,"Daviess County, Missouri",8477
29063,"DeKalb County, Missouri",10876
29065,"Dent County, Missouri",14539
29067,"Douglas County, Missouri",11965
29069,"Dunklin County, Missouri",27493
29071,"Franklin County, Missouri",105950
29073,"Gasconade County, Missouri",14746
29075,"Gentry County, Missouri",6245
29077,"Greene County, Missouri",303375
29079,"Grundy County, Missouri",9787
29081,"Harrison County, Missouri",8190
29083,"Henry County, Missouri",22328
29085,"Hickory County, Missouri",8585
29087,"Holt County, Missouri",4240
29089,"Howard County, Missouri",10147
29091,"Howell County, Missouri",40383
29093,"Iron County, Missouri",9446
29095,"Jackson County, Missouri",719976
29097,"Jasper County, Missouri",124357
29099,"Jefferson County, Missouri",229458
29101,"Johnson County, Missouri",54732
29103,"Knox County, Missouri",3756
29105,"Laclede County, Missouri",36390
29107,"Lafayette County, Missouri",33115
29109,"Lawrence County, Missouri",38593
29111,"Lewis County, Missouri",9924
29113,"Lincoln County, Missouri",63057
29115,"Linn County, Missouri",11852
29117,"Livingston County, Missouri",14364
29119,"McDonald County, Missouri",23701
29121,"Macon County, Missouri",15163
29123,"Madison County, Missouri",12729
29125,"Maries County, Missouri",8450
29127,"Marion County, Missouri",28457
29129,"Mercer County, Missouri",3482
29131,"Miller County, Missouri",25269
29133,"Mississippi County, Missouri",11902
29135,"Moniteau County, Missouri",15262
29137,"Monroe County, Missouri",8734
29139,"Montgomery County, Missouri",11426
29141,"Morgan County, Missouri",21717
29143,"New Madrid County, Missouri",15731
29145,"Newton County, Missouri",60118
29147,"Nodaway County, Missouri",20774
29149,"Oregon County, Missouri",8673
29151,"Osage County, Missouri",13402
29153,"Ozark County, Missouri",8873
29155,"Pemiscot County, Missouri",14958
29157,"Perry County, Missouri",18976
29159,"Pettis County, Missouri",43397
29161,"Phelps County, Missouri",45194
29163,"Pike County, Missouri",17711
29165,"Platte County, Missouri",110371
29167,"Polk County, Missouri",32444
29169,"Pulaski County, Missouri",53894
29171,"Putnam County, Missouri",4642
29173,"Ralls County, Missouri",10428
29175,"Randolph County, Missouri",24365
29177,"Ray County, Missouri",23145
29179,"Reynolds County, Missouri",6010
29181,"Ripley County, Missouri",10708
29183,"St. Charles County, Missouri",414535
29185,"St. Clair County, Missouri",9587
29186,"Ste. Genevieve County, Missouri",18571
29187,"St. Francois County, Missouri",66999
29189,"St. Louis County, Missouri",995569
29195,"Saline County, Missouri",23231
29197,"Schuyler County, Missouri",4038
29199,"Scotland County, Missouri",4686
29201,"Scott County, Missouri",37933
29203,"Shannon County, Missouri",7177
29205,"Shelby County, Missouri",5986
29207,"Stoddard County, Missouri",28470
29209,"Stone County, Missouri",32048
29211,"Sullivan County, Missouri",5857
29213,"Taney County, Missouri",56529
29215,"Texas County, Missouri",25161
29217,"Vernon County, Missouri",19687
29219,"Warren County, Missouri",37177
29221,"Washington County, Missouri",23470
29223,"Wayne County, Missouri",10862
29225,"Webster County, Missouri",40500
29227,"Worth County, Missouri",1934
29229,"Wright County, Missouri",18965
29510,"St. Louis city, Missouri",288512
30001,"Beaverhead County, Montana",9713
30003,"Big Horn County, Montana",12891
30005,"Blaine County, Montana",6949
30007,"Broadwater County, Montana",7668
30009,"Carbon County, Montana",11116
30011,"Carter County, Montana",1308
30013,"Cascade County, Montana",84606
30015,"Chouteau County, Montana",5906
30017,"Custer County, Montana",11961
30019,"Daniels County, Montana",1494
30021,"Dawson County, Montana",8827
30023,"Deer Lodge County, Montana",9597
30025,"Fallon County, Montana",2760
30027,"Fergus County, Montana",11687
30029,"Flathead County, Montana",110695
30031,"Gallatin County, Montana",124074
30033,"Garfield County, Montana",1094
30035,"Glacier County, Montana",13637
30037,"Golden Valley County, Montana",899
30039,"Granite County, Montana",3462
30041,"Hill County, Montana",16155
30043,"Jefferson County, Montana",12774
30045,"Judith Basin County, Montana",2071
30047,"Lake County, Montana",32561
30049,"Lewis and Clark County, Montana",73464
30051,"Liberty County, Montana",1952
30053,"Lincoln County, Montana",21175
30055,"McCone County, Montana",1670
30057,"Madison County, Montana",9223
30059,"Meagher County, Montana",2007
30061,"Mineral County, Montana",4959
30063,"Missoula County, Montana",120672
30065,"Musselshell County, Montana",5152
30067,"Park County, Montana",17710
30069,"Petroleum County, Montana",447
30071,"Phillips County, Montana",4221
30073,"Pondera County, Montana",6035
30075,"Powder River County, Montana",1815
30077,"Powell County, Montana",7053
30079,"Prairie County, Montana",1250
30081,"Ravalli County, Montana",46727
30083,"Richland County, Montana",11235
30085,"Roosevelt County, Montana",10526
30087,"Rosebud County, Montana",8165
30089,"Sanders County, Montana",13285
30091,"Sheridan County, Montana",3669
30093,"Silver Bow County, Montana",35785
30095,"Stillwater County, Montana",9182
30097,"Sweet Grass County, Montana",3720
30099,"Teton County, Montana",6353
30101,"Toole County, Montana",5061
30103,"Treasure County, Montana",732
30105,"Valley County, Montana",7519
30107,"Wheatland County, Montana",2056
30109,"Wibaux County, Montana",1193
30111,"Yellowstone County, Montana",168957
31001,"Adams County, Nebraska",31052
31003,"Antelope County, Nebraska",6305
31005,"Arthur County, Nebraska",484
31007,"Banner County, Nebraska",742
31009,"Blaine County, Nebraska",422
31011,"Boone County, Nebraska",5356
31013,"Box Butte County, Nebraska",10714
31015,"Boyd County, Nebraska",1688
31017,"Brown County, Nebraska",2869
31019,"Buffalo County, Nebraska",50579
31021,"Burt County, Nebraska",6740
31023,"Butler County, Nebraska",8424
31025,"Cass County, Nebraska",27161
31027,"Cedar County, Nebraska",8315
31029,"Chase County, Nebraska",3671
31031,"Cherry County, Nebraska",5498
31033,"Cheyenne County, Nebraska",9533
31035,"Clay County, Nebraska",6095
31037,"Colfax County, Nebraska",10641
31039,"Cuming County, Nebraska",8975
31041,"Custer County, Nebraska",10518
31043,"Dakota County, Nebraska",21354
31045,"Dawes County, Nebraska",8140
31047,"Dawson County, Nebraska",24202
31049,"Deuel County, Nebraska",1847
31051,"Dixon County, Nebraska",5545
31053,"Dodge County, Nebraska",37351
31055,"Douglas County, Nebraska",590736
31057,"Dundy County, Nebraska",1736
31059,"Fillmore County, Nebraska",5541
31061,"Franklin County, Nebraska",2846
31063,"Frontier County, Nebraska",2569
31065,"Furnas County, Nebraska",4568
31067,"Gage County, Nebraska",21629
31069,"Garden County, Nebraska",1761
31071,"Garfield County, Nebraska",1718
31073,"Gosper County, Nebraska",2040
31075,"Grant County, Nebraska",626
31077,"Greeley County, Nebraska",2202
31079,"Hall County, Nebraska",62536
31081,"Hamilton County, Nebraska",9464
31083,"Harlan County, Nebraska",2847
31085,"Hayes County, Nebraska",843
31087,"Hitchcock County, Nebraska",2569
31089,"Holt County, Nebraska",10102
31091,"Hooker County, Nebraska",647
31093,"Howard County, Nebraska",6534
31095,"Jefferson County, Nebraska",7161
31097,"Johnson County, Nebraska",5261
31099,"Kearney County, Nebraska",6713
31101,"Keith County, Nebraska",8219
31103,"Keya Paha County, Nebraska",822
31105,"Kimball County, Nebraska",3248
31107,"Knox County, Nebraska",8363
31109,"Lancaster County, Nebraska",326696
31111,"Lincoln County, Nebraska",33802
31113,"Logan County, Nebraska",773
31115,"Loup County, Nebraska",578
31117,"McPherson County, Nebraska",475
31119,"Madison County, Nebraska",35532
31121,"Merrick County, Nebraska",7724
31123,"Morrill County, Nebraska",4534
31125,"Nance County, Nebraska",3324
31127,"Nemaha County, Nebraska",7046
31129,"Nuckolls County, Nebraska",4087
31131,"Otoe County, Nebraska",16241
31133,"Pawnee County, Nebraska",2530
31135,"Perkins County, Nebraska",2821
31137,"Phelps County, Nebraska",9009
31139,"Pierce County, Nebraska",7325
31141,"Platte County, Nebraska",34716
31143,"Polk County, Nebraska",5225
31145,"Red Willow County, Nebraska",10557
31147,"Richardson County, Nebraska",7751
31149,"Rock County, Nebraska",1319
31151,"Saline County, Nebraska",14650
31153,"Sarpy County, Nebraska",197389
31155,"Saunders County, Nebraska",23048
31157,"Scotts Bluff County, Nebraska",35843
31159,"Seward County, Nebraska",17641
31161,"Sheridan County, Nebraska",5014
31163,"Sherman County, Nebraska",2967
31165,"Sioux County, Nebraska",1171
31167,"Stanton County, Nebraska",5796
31169,"Thayer County, Nebraska",4901
31171,"Thomas County, Nebraska",564
31173,"Thurston County, Nebraska",6627
31175,"Valley County, Nebraska",4066
31177,"Washington County, Nebraska",21106
31179,"Wayne County, Nebraska",9844
31181,"Webster County, Nebraska",3360
31183,"Wheeler County, Nebraska",847
31185,"York County, Nebraska",14286
32001,"Churchill County, Nevada",25805
32003,"Clark County, Nevada",2329548
32005,"Douglas County, Nevada",49623
32007,"Elko County, Nevada",54047
32009,"Esmeralda County, Nevada",1028
32011,"Eureka County, Nevada",1585
32013,"Humboldt County, Nevada",17289
32015,"Lander County, Nevada",5770
32017,"Lincoln County, Nevada",4405
32019,"Lyon County, Nevada",61680
32021,"Mineral County, Nevada",4542
32023,"Nye County, Nevada",54344
32027,"Pershing County, Nevada",6487
32029,"Storey County, Nevada",4140
32031,"Washoe County, Nevada",497200
32033,"White Pine County, Nevada",8735
32510,"Carson City, Nevada",58384
33001,"Belknap County, New Hampshire",64659
33003,"Carroll County, New Hampshire",51804
33005,"Cheshire County, New Hampshire",77297
33007,"Coos County, New Hampshire",31271
33009,"Grafton County, New Hampshire",92120
33011,"Hillsborough County, New Hampshire",426378
33013,"Merrimack County, New Hampshire",155967
33015,"Rockingham County, New Hampshire",319082
33017,"Strafford County, New Hampshire",132575
33019,"Sullivan County, New Hampshire",43715
34001,"Atlantic County, New Jersey",276270
34003,"Bergen County, New Jersey",962316
34005,"Burlington County, New Jersey",467805
34007,"Camden County, New Jersey",527257
34009,"Cape May County, New Jersey",94941
34011,"Cumberland County, New Jersey",153305
34013,"Essex County, New Jersey",863002
34015,"Gloucester County, New Jersey",306954
34017,"Hudson County, New Jersey",718323
34019,"Hunterdon County, New Jersey",130160
34021,"Mercer County, New Jersey",385864
34023,"Middlesex County, New Jersey",871290
34025,"Monmouth County, New Jersey",645353
34027,"Morris County, New Jersey",514528
34029,"Ocean County, New Jersey",654362
34031,"Passaic County, New Jersey",521012
34033,"Salem County, New Jersey",65275
34035,"Somerset County, New Jersey",349846
34037,"Sussex County, New Jersey",145807
34039,"Union County, New Jersey",579290
34041,"Warren County, New Jersey",110849
35001,"Bernalillo County, New Mexico",673930
35003,"Catron County, New Mexico",3743
35005,"Chaves County, New Mexico",64217
35006,"Cibola County, New Mexico",26845
35007,"Colfax County, New Mexico",12322
35009,"Curry County, New Mexico",47638
35011,"De Baca County, New Mexico",1576
35013,"Doña Ana County, New Mexico",224266
35015,"Eddy County, New Mexico",61105
35017,"Grant County, New Mexico",27775
35019,"Guadalupe County, New Mexico",4381
35021,"Harding County, New Mexico",741
35023,"Hidalgo County, New Mexico",4041
35025,"Lea County, New Mexico",73733
35027,"Lincoln County, New Mexico",20224
35028,"Los Alamos County, New Mexico",19435
35029,"Luna County, New Mexico",25611
35031,"McKinley County, New Mexico",70431
35033,"Mora County, New Mexico",4149
35035,"Otero County, New Mexico",68816
35037,"Quay County, New Mexico",8564
35039,"Rio Arriba County, New Mexico",40070
35041,"Roosevelt County, New Mexico",18928
35043,"Sandoval County, New Mexico",153604
35045,"San Juan County, New Mexico",120942
35047,"San Miguel County, New Mexico",26850
35049,"Santa Fe County, New Mexico",156105
35051,"Sierra County, New Mexico",11500
35053,"Socorro County, New Mexico",16200
35055,"Taos County, New Mexico",34543
35057,"Torrance County, New Mexico",15490
35059,"Union County, New Mexico",4013
35061,"Valencia County, New Mexico",78458
36001,"Albany County, New York",317018
36003,"Allegany County, New York",47159
36005,"Bronx County, New York",1404779
36007,"Broome County, New York",197378
36009,"Cattaraugus County, New York",76145
36011,"Cayuga County, New York",75102
36013,"Chautauqua County, New York",125544
36015,"Chemung County, New York",82147
36017,"Chenango County, New York",46321
36019,"Clinton County, New York",78493
36021,"Columbia County, New York",61100
36023,"Cortland County, New York",46246
36025,"Delaware County, New York",44487
36027,"Dutchess County, New York",298220
36029,"Erie County, New York",950622
36031,"Essex County, New York",36973
36033,"Franklin County, New York",46696
36035,"Fulton County, New York",52487
36037,"Genesee County, New York",57787
36039,"Greene County, New York",47409
36041,"Hamilton County, New York",5089
36043,"Herkimer County, New York",59757
36045,"Jefferson County, New York",115040
36047,"Kings County, New York",2631580
36049,"Lewis County, New York",26607
36051,"Livingston County, New York",61498
36053,"Madison County, New York",67328
36055,"Monroe County, New York",753753
36057,"Montgomery County, New York",49528
36059,"Nassau County, New York",1389591
36061,"New York County, New York",1629477
36063,"Niagara County, New York",210721
36065,"Oneida County, New York",229124
36067,"Onondaga County, New York",471129
36069,"Ontario County, New York",112625
36071,"Orange County, New York",406616
36073,"Orleans County, New York",39608
36075,"Oswego County, New York",117953
36077,"Otsego County, New York",60108
36079,"Putnam County, New York",98107
36081,"Queens County, New York",2323052
36083,"Rensselaer County, New York",160332
36085,"Richmond County, New York",494956
36087,"Rockland County, New York",341883
36089,"St. Lawrence County, New York",107226
36091,"Saratoga County, New York",238284
36093,"Schenectady County, New York",160369
36095,"Schoharie County, New York",30049
36097,"Schuyler County, New York",17562
36099,"Seneca County, New York",32920
36101,"Steuben County, New York",92588
36103,"Suffolk County, New York",1530146
36105,"Sullivan County, New York",79721
36107,"Tioga County, New York",47864
36109,"Tompkins County, New York",104537
36111,"Ulster County, New York",182601
36113,"Warren County, New York",65517
36115,"Washington County, New York",60522
36117,"Wayne County, New York",90929
36119,"Westchester County, New York",999677
36121,"Wyoming County, New York",39753
36123,"Yates County, New York",24526
37001,"Alamance County, North Carolina",176893
37003,"Alexander County, North Carolina",36412
37005,"Alleghany County, North Carolina",11174
37007,"Anson County, North Carolina",22289
37009,"Ashe County, North Carolina",26950
37011,"Avery County, North Carolina",17680
37013,"Beaufort County, North Carolina",44499
37015,"Bertie County, North Carolina",17170
37017,"Bladen County, North Carolina",29566
37019,"Brunswick County, North Carolina",152568
37021,"Buncombe County, North Carolina",274360
37023,"Burke County, North Carolina",87795
37025,"Cabarrus County, North Carolina",236133
37027,"Caldwell County, North Carolina",80536
37029,"Camden County, North Carolina",10927
37031,"Carteret County, North Carolina",69148
37033,"Caswell County, North Carolina",22404
37035,"Catawba County, North Carolina",163573
37037,"Chatham County, North Carolina",80151
37039,"Cherokee County, North Carolina",29562
37041,"Chowan County, North Carolina",13836
37043,"Clay County, North Carolina",11610
37045,"Cleveland County, North Carolina",100991
37047,"Columbus County, North Carolina",50140
37049,"Craven County, North Carolina",102612
37051,"Cumberland County, North Carolina",338545
37053,"Currituck County, North Carolina",30601
37055,"Dare County, North Carolina",37875
37057,"Davidson County, North Carolina",172954
37059,"Davie County, North Carolina",44122
37061,"Duplin County, North Carolina",49335
37063,"Durham County, North Carolina",332353
37065,"Edgecombe County, North Carolina",48736
37067,"Forsyth County, North Carolina",389977
37069,"Franklin County, North Carolina",74386
37071,"Gaston County, North Carolina",234881
37073,"Gates County, North Carolina",10376
37075,"Graham County, North Carolina",8072
37077,"Granville County, North Carolina",60877
37079,"Greene County, North Carolina",20486
37081,"Guilford County, North Carolina",547940
37083,"Halifax County, North Carolina",47675
37085,"Harnett County, North Carolina",139150
37087,"Haywood County, North Carolina",62662
37089,"Henderson County, North Carolina",118484
37091,"Hertford County, North Carolina",19908
37093,"Hoke County, North Carolina",53835
37095,"Hyde County, North Carolina",4592
37097,"Iredell County, North Carolina",196544
37099,"Jackson County, North Carolina",43771
37101,"Johnston County, North Carolina",234263
37103,"Jones County, North Carolina",9302
37105,"Lee County, North Carolina",65816
37107,"Lenoir County, North Carolina",54919
37109,"Lincoln County, North Carolina",92716
37111,"McDowell County, North Carolina",44817
37113,"Macon County, North Carolina",37941
37115,"Madison County, North Carolina",21867
37117,"Martin County, North Carolina",21644
37119,"Mecklenburg County, North Carolina",1154681
37121,"Mitchell County, North Carolina",14992
37123,"Montgomery County, North Carolina",26007
37125,"Moore County, North Carolina",104876
37127,"Nash County, North Carolina",96216
37129,"New Hanover County, North Carolina",235229
37131,"Northampton County, North Carolina",16931
37133,"Onslow County, North Carolina",207906
37135,"Orange County, North Carolina",149678
37137,"Pamlico County, North Carolina",12390
37139,"Pasquotank County, North Carolina",40834
37141,"Pender County, North Carolina",65550
37143,"Perquimans County, North Carolina",13244
37145,"Person County, North Carolina",39542
37147,"Pitt County, North Carolina",177193
37149,"Polk County, North Carolina",19891
37151,"Randolph County, North Carolina",146348
37153,"Richmond County, North Carolina",42344
37155,"Robeson County, North Carolina",116902
37157,"Rockingham County, North Carolina",92131
37159,"Rowan County, North Carolina",149875
37161,"Rutherford County, North Carolina",64930
37163,"Sampson County, North Carolina",59470
37165,"Scotland County, North Carolina",33590
37167,"Stanly County, North Carolina",64651
37169,"Stokes County, North Carolina",45139
37171,"Surry County, North Carolina",71425
37173,"Swain County, North Carolina",14013
37175,"Transylvania County, North Carolina",33691
37177,"Tyrrell County, North Carolina",3423
37179,"Union County, North Carolina",250958
37181,"Vance County, North Carolina",42322
37183,"Wake County, North Carolina",1178653
37185,"Warren County, North Carolina",18795
37187,"Washington County, North Carolina",10812
37189,"Watauga County, North Carolina",55123
37191,"Wayne County, North Carolina",118652
37193,"Wilkes County, North Carolina",65935
37195,"Wilson County, North Carolina",79290
37197,"Yadkin County, North Carolina",37574
37199,"Yancey County, North Carolina",18797
38001,"Adams County, North Dakota",2145
38003,"Barnes County, North Dakota",10773
38005,"Benson County, North Dakota",5808
38007,"Billings County, North Dakota",1024
38009,"Bottineau County, North Dakota",6378
38011,"Bowman County, North Dakota",2906
38013,"Burke County, North Dakota",2156
38015,"Burleigh County, North Dakota",100600
38017,"Cass County, North Dakota",193400
38019,"Cavalier County, North Dakota",3633
38021,"Dickey County, North Dakota",4935
38023,"Divide County, North Dakota",2167
38025,"Dunn County, North Dakota",4040
38027,"Eddy County, North Dakota",2307
38029,"Emmons County, North Dakota",3254
38031,"Foster County, North Dakota",3358
38033,"Golden Valley County, North Dakota",1653
38035,"Grand Forks County, North Dakota",72923
38037,"Grant County, North Dakota",2269
38039,"Griggs County, North Dakota",2245
38041,"Hettinger County, North Dakota",2432
38043,"Kidder County, North Dakota",2377
38045,"LaMoure County, North Dakota",4118
38047,"Logan County, North Dakota",1819
38049,"McHenry County, North Dakota",5207
38051,"McIntosh County, North Dakota",2497
38053,"McKenzie County, North Dakota",14321
38055,"McLean County, North Dakota",9823
38057,"Mercer County, North Dakota",8337
38059,"Morton County, North Dakota",33777
38061,"Mountrail County, North Dakota",9507
38063,"Nelson County, North Dakota",3016
38065,"Oliver County, North Dakota",1839
38067,"Pembina County, North Dakota",6727
38069,"Pierce County, North Dakota",3928
38071,"Ramsey County, North Dakota",11556
38073,"Ransom County, North Dakota",5643
38075,"Renville County, North Dakota",2304
38077,"Richland County, North Dakota",16584
38079,"Rolette County, North Dakota",11924
38081,"Sargent County, North Dakota",3804
38083,"Sheridan County, North Dakota",1303
38085,"Sioux County, North Dakota",3740
38087,"Slope County, North Dakota",766
38089,"Stark County, North Dakota",33302
38091,"Steele County, North Dakota",1804
38093,"Stutsman County, North Dakota",21549
38095,"Towner County, North Dakota",2079
38097,"Traill County, North Dakota",7970
38099,"Walsh County, North Dakota",10396
38101,"Ward County, North Dakota",68973
38103,"Wells County, North Dakota",3890
38105,"Williams County, North Dakota",39555
39001,"Adams County, Ohio",27540
39003,"Allen County, Ohio",101348
39005,"Ashland County, Ohio",52256
39007,"Ashtabula County, Ohio",97167
39009,"Athens County, Ohio",61737
39011,"Auglaize County, Ohio",46125
39013,"Belmont County, Ohio",65473
39015,"Brown County, Ohio",43845
39017,"Butler County, Ohio",392876
39019,"Carroll County, Ohio",26659
39021,"Champaign County, Ohio",38804
39023,"Clark County, Ohio",135158
39025,"Clermont County, Ohio",211181
39027,"Clinton County, Ohio",42012
39029,"Columbiana County, Ohio",100704
39031,"Coshocton County, Ohio",36744
39033,"Crawford County, Ohio",41711
39035,"Cuyahoga County, Ohio",1245873
39037,"Darke County, Ohio",51594
39039,"Defiance County, Ohio",38343
39041,"Delaware County, Ohio",226834
39043,"Erie County, Ohio",74581
39045,"Fairfield County, Ohio",163453
39047,"Fayette County, Ohio",28876
39049,"Franklin County, Ohio",1333048
39051,"Fulton County, Ohio",42240
39053,"Gallia County, Ohio",29068
39055,"Geauga County, Ohio",95481
39057,"Greene County, Ohio",169688
39059,"Guernsey County, Ohio",38223
39061,"Hamilton County, Ohio",830774
39063,"Hancock County, Ohio",74866
39065,"Hardin County, Ohio",30475
39067,"Harrison County, Ohio",14306
39069,"Henry County, Ohio",27567
39071,"Highland County, Ohio",43517
39073,"Hocking County, Ohio",27799
39075,"Holmes County, Ohio",44418
39077,"Huron County, Ohio",58319
39079,"Jackson County, Ohio",32650
39081,"Jefferson County, Ohio",64518
39083,"Knox County, Ohio",63142
39085,"Lake County, Ohio",232216
39087,"Lawrence County, Ohio",56819
39089,"Licking County, Ohio",181837
39091,"Logan County, Ohio",46089
39093,"Lorain County, Ohio",317129
39095,"Lucas County, Ohio",428018
39097,"Madison County, Ohio",44423
39099,"Mahoning County, Ohio",226491
39101,"Marion County, Ohio",65020
39103,"Medina County, Ohio",183660
39105,"Meigs County, Ohio",21896
39107,"Mercer County, Ohio",42484
39109,"Miami County, Ohio",110296
39111,"Monroe County, Ohio",13227
39113,"Montgomery County, Ohio",536096
39115,"Morgan County, Ohio",13651
39117,"Morrow County, Ohio",35404
39119,"Muskingum County, Ohio",86411
39121,"Noble County, Ohio",14282
39123,"Ottawa County, Ohio",39994
39125,"Paulding County, Ohio",18791
39127,"Perry County, Ohio",35535
39129,"Pickaway County, Ohio",60131
39131,"Pike County, Ohio",27044
39133,"Portage County, Ohio",161956
39135,"Preble County, Ohio",40765
39137,"Putnam County, Ohio",34314
39139,"Richland County, Ohio",125099
39141,"Ross County, Ohio",76492
39143,"Sandusky County, Ohio",58778
39145,"Scioto County, Ohio",72627
39147,"Seneca County, Ohio",54770
39149,"Shelby County, Ohio",47929
39151,"Stark County, Ohio",373713
39153,"Summit County, Ohio",537864
39155,"Trumbull County, Ohio",200929
39157,"Tuscarawas County, Ohio",92385
39159,"Union County, Ohio",67324
39161,"Van Wert County, Ohio",28826
39163,"Vinton County, Ohio",12630
39165,"Warren County, Ohio",250008
39167,"Washington County, Ohio",58978
39169,"Wayne County, Ohio",116588
39171,"Williams County, Ohio",36719
39173,"Wood County, Ohio",132064
39175,"Wyandot County, Ohio",21598
40001,"Adair County, Oklahoma",19575
40003,"Alfalfa County, Oklahoma",5696
40005,"Atoka County, Oklahoma",14379
40007,"Beaver County, Oklahoma",5028
40009,"Beckham County, Oklahoma",22148
40011,"Blaine County, Oklahoma",8570
40013,"Bryan County, Oklahoma",48253
40015,"Caddo County, Oklahoma",26447
40017,"Canadian County, Oklahoma",168985
40019,"Carter County, Oklahoma",48555
40021,"Cherokee County, Oklahoma",47942
40023,"Choctaw County, Oklahoma",14297
40025,"Cimarron County, Oklahoma",2218
40027,"Cleveland County, Oklahoma",300047
40029,"Coal County, Oklahoma",5320
40031,"Comanche County, Oklahoma",121825
40033,"Cotton County, Oklahoma",5485
40035,"Craig County, Oklahoma",14302
40037,"Creek County, Oklahoma",72830
40039,"Custer County, Oklahoma",28259
40041,"Delaware County, Oklahoma",41279
40043,"Dewey County, Oklahoma",4360
40045,"Ellis County, Oklahoma",3683
40047,"Garfield County, Oklahoma",62146
40049,"Garvin County, Oklahoma",25860
40051,"Grady County, Oklahoma",56606
40053,"Grant County, Oklahoma",4131
40055,"Greer County, Oklahoma",5489
40057,"Harmon County, Oklahoma",2406
40059,"Harper County, Oklahoma",3203
40061,"Haskell County, Oklahoma",11683
40063,"Hughes County, Oklahoma",13389
40065,"Jackson County, Oklahoma",24678
40067,"Jefferson County, Oklahoma",5380
40069,"Johnston County, Oklahoma",10278
40071,"Kay County, Oklahoma",43625
40073,"Kingfisher County, Oklahoma",15430
40075,"Kiowa County, Oklahoma",8383
40077,"Latimer County, Oklahoma",9518
40079,"Le Flore County, Oklahoma",49053
40081,"Lincoln County, Oklahoma",34219
40083,"Logan County, Oklahoma",51938
40085,"Love County, Oklahoma",10261
40087,"McClain County, Oklahoma",45273
40089,"McCurtain County, Oklahoma",30863
40091,"McIntosh County, Oklahoma",19400
40093,"Major County, Oklahoma",7628
40095,"Marshall County, Oklahoma",15792
40097,"Mayes County, Oklahoma",39604
40099,"Murray County, Oklahoma",13753
40101,"Muskogee County, Oklahoma",66444
40103,"Noble County, Oklahoma",10897
40105,"Nowata County, Oklahoma",9435
40107,"Okfuskee County, Oklahoma",11278
40109,"Oklahoma County, Oklahoma",806199
40111,"Okmulgee County, Oklahoma",36899
40113,"Osage County, Oklahoma",45997
40115,"Ottawa County, Oklahoma",30341
40117,"Pawnee County, Oklahoma",15795
40119,"Payne County, Oklahoma",82972
40121,"Pittsburg County, Oklahoma",43561
40123,"Pontotoc County, Oklahoma",38235
40125,"Pottawatomie County, Oklahoma",73463
40127,"Pushmataha County, Oklahoma",10790
40129,"Roger Mills County, Oklahoma",3359
40131,"Rogers County, Oklahoma",98610
40133,"Seminole County, Oklahoma",23494
40135,"Sequoyah County, Oklahoma",39860
40137,"Stephens County, Oklahoma",43551
40139,"Texas County, Oklahoma",20774
40141,"Tillman County, Oklahoma",6910
40143,"Tulsa County, Oklahoma",680794
40145,"Wagoner County, Oklahoma",86609
40147,"Washington County, Oklahoma",53326
40149,"Washita County, Oklahoma",10815
40151,"Woods County, Oklahoma",8596
40153,"Woodward County, Oklahoma",20158
41001,"Baker County, Oregon",16840
41003,"Benton County, Oregon",96303
41005,"Clackamas County, Oregon",423975
41007,"Clatsop County, Oregon",41363
41009,"Columbia County, Oregon",53493
41011,"Coos County, Oregon",64827
41013,"Crook County, Oregon",26277
41015,"Curry County, Oregon",23381
41017,"Deschutes County, Oregon",206334
41019,"Douglas County, Oregon",112072
41021,"Gilliam County, Oregon",1971
41023,"Grant County, Oregon",7209
41025,"Harney County, Oregon",7499
41027,"Hood River County, Oregon",23905
41029,"Jackson County, Oregon",222645
41031,"Jefferson County, Oregon",25203
41033,"Josephine County, Oregon",88179
41035,"Klamath County, Oregon",70247
41037,"Lake County, Oregon",8267
41039,"Lane County, Oregon",384207
41041,"Lincoln County, Oregon",50964
41043,"Linn County, Oregon",130706
41045,"Malheur County, Oregon",31954
41047,"Marion County, Oregon",349244
41049,"Morrow County, Oregon",12300
41051,"Multnomah County, Oregon",801477
41053,"Polk County, Oregon",89662
41055,"Sherman County, Oregon",1938
41057,"Tillamook County, Oregon",27496
41059,"Umatilla County, Oregon",79940
41061,"Union County, Oregon",26144
41063,"Wallowa County, Oregon",7553
41065,"Wasco County, Oregon",26552
41067,"Washington County, Oregon",603947
41069,"Wheeler County, Oregon",1485
41071,"Yamhill County, Oregon",108734
42001,"Adams County, Pennsylvania",106115
42003,"Allegheny County, Pennsylvania",1238177
42005,"Armstrong County, Pennsylvania",64622
42007,"Beaver County, Pennsylvania",166324
42009,"Bedford County, Pennsylvania",47513
42011,"Berks County, Pennsylvania",433015
42013,"Blair County, Pennsylvania",121277
42015,"Bradford County, Pennsylvania",59858
42017,"Bucks County, Pennsylvania",647461
42019,"Butler County, Pennsylvania",197254
42021,"Cambria County, Pennsylvania",131538
42023,"Cameron County, Pennsylvania",4427
42025,"Carbon County, Pennsylvania",65382
42027,"Centre County, Pennsylvania",158576
42029,"Chester County, Pennsylvania",547840
42031,"Clarion County, Pennsylvania",37179
42033,"Clearfield County, Pennsylvania",78635
42035,"Clinton County, Pennsylvania",37798
42037,"Columbia County, Pennsylvania",65362
42039,"Crawford County, Pennsylvania",82716
42041,"Cumberland County, Pennsylvania",268323
42043,"Dauphin County, Pennsylvania",289593
42045,"Delaware County, Pennsylvania",579222
42047,"Elk County, Pennsylvania",30506
42049,"Erie County, Pennsylvania",269052
42051,"Fayette County, Pennsylvania",125997
42053,"Forest County, Pennsylvania",6715
42055,"Franklin County, Pennsylvania",157379
42057,"Fulton County, Pennsylvania",14531
42059,"Greene County, Pennsylvania",34835
42061,"Huntingdon County, Pennsylvania",43653
42063,"Indiana County, Pennsylvania",83042
42065,"Jefferson County, Pennsylvania",43864
42067,"Juniata County, Pennsylvania",23379
42069,"Lackawanna County, Pennsylvania",216146
42071,"Lancaster County, Pennsylvania",557931
42073,"Lawrence County, Pennsylvania",85024
42075,"Lebanon County, Pennsylvania",144186
42077,"Lehigh County, Pennsylvania",378792
42079,"Luzerne County, Pennsylvania",327675
42081,"Lycoming County, Pennsylvania",113489
42083,"McKean County, Pennsylvania",39904
42085,"Mercer County, Pennsylvania",109257
42087,"Mifflin County, Pennsylvania",46041
42089,"Monroe County, Pennsylvania",167515
42091,"Montgomery County, Pennsylvania",867573
42093,"Montour County, Pennsylvania",18103
42095,"Northampton County, Pennsylvania",318580
42097,"Northumberland County, Pennsylvania",90560
42099,"Perry County, Pennsylvania",46239
42101,"Philadelphia County, Pennsylvania",1579706
42103,"Pike County, Pennsylvania",60621
42105,"Potter County, Pennsylvania",16188
42107,"Schuylkill County, Pennsylvania",143558
42109,"Snyder County, Pennsylvania",39668
42111,"Somerset County, Pennsylvania",72799
42113,"Sullivan County, Pennsylvania",5888
42115,"Susquehanna County, Pennsylvania",38219
42117,"Tioga County, Pennsylvania",40945
42119,"Union County, Pennsylvania",42456
42121,"Venango County, Pennsylvania",49801
42123,"Warren County, Pennsylvania",37920
42125,"Washington County, Pennsylvania",210042
42127,"Wayne County, Pennsylvania",51262
42129,"Westmoreland County, Pennsylvania",352500
42131,"Wyoming County, Pennsylvania",25967
42133,"York County, Pennsylvania",462924
44001,"Bristol County, Rhode Island",50490
44003,"Kent County, Rhode Island",171456
44005,"Newport County, Rhode Island",84657
44007,"Providence County, Rhode Island",664854
44009,"Washington County, Rhode Island",130344
45001,"Abbeville County, South Carolina",24420
45003,"Aiken County, South Carolina",174160
45005,"Allendale County, South Carolina",7661
45007,"Anderson County, South Carolina",210478
45009,"Bamberg County, South Carolina",13042
45011,"Barnwell County, South Carolina",20521
45013,"Beaufort County, South Carolina",195289
45015,"Berkeley County, South Carolina",246802
45017,"Calhoun County, South Carolina",14182
45019,"Charleston County, South Carolina",420264
45021,"Cherokee County, South Carolina",56647
45023,"Chester County, South Carolina",32182
45025,"Chesterfield County, South Carolina",43784
45027,"Clarendon County, South Carolina",30986
45029,"Colleton County, South Carolina",38783
45031,"Darlington County, South Carolina",62558
45033,"Dillon County, South Carolina",27862
45035,"Dorchester County, South Carolina",167201
45037,"Edgefield County, South Carolina",27476
45039,"Fairfield County, South Carolina",20550
45041,"Florence County, South Carolina",137117
45043,"Georgetown County, South Carolina",64811
45045,"Greenville County, South Carolina",548166
45047,"Greenwood County, South Carolina",69489
45049,"Hampton County, South Carolina",18254
45051,"Horry County, South Carolina",383016
45053,"Jasper County, South Carolina",32166
45055,"Kershaw County, South Carolina",68314
45057,"Lancaster County, South Carolina",104475
45059,"Laurens County, South Carolina",68666
45061,"Lee County, South Carolina",16166
45063,"Lexington County, South Carolina",304887
45065,"McCormick County, South Carolina",9760
45067,"Marion County, South Carolina",28664
45069,"Marlboro County, South Carolina",25975
45071,"Newberry County, South Carolina",38435
45073,"Oconee County, South Carolina",80469
45075,"Orangeburg County, South Carolina",83253
45077,"Pickens County, South Carolina",134629
45079,"Richland County, South Carolina",422117
45081,"Saluda County, South Carolina",19131
45083,"Spartanburg County, South Carolina",347852
45085,"Sumter County, South Carolina",104725
45087,"Union County, South Carolina",26885
45089,"Williamsburg County, South Carolina",30282
45091,"York County, South Carolina",293673
46003,"Aurora County, South Dakota",2642
46005,"Beadle County, South Dakota",19309
46007,"Bennett County, South Dakota",3345
46009,"Bon Homme County, South Dakota",7044
46011,"Brookings County, South Dakota",35353
46013,"Brown County, South Dakota",37877
46015,"Brule County, South Dakota",5283
46017,"Buffalo County, South Dakota",1808
46019,"Butte County, South Dakota",10676
46021,"Campbell County, South Dakota",1593
46023,"Charles Mix County, South Dakota",9281
46025,"Clark County, South Dakota",3917
46027,"Clay County, South Dakota",15219
46029,"Codington County, South Dakota",28767
46031,"Corson County, South Dakota",3806
46033,"Custer County, South Dakota",8892
46035,"Davison County, South Dakota",19952
46037,"Day County, South Dakota",5437
46039,"Deuel County, South Dakota",4328
46041,"Dewey County, South Dakota",5205
46043,"Douglas County, South Dakota",2828
46045,"Edmunds County, South Dakota",4048
46047,"Fall River County, South Dakota",7258
46049,"Faulk County, South Dakota",2126
46051,"Grant County, South Dakota",7563
46053,"Gregory County, South Dakota",4016
46055,"Haakon County, South Dakota",1722
46057,"Hamlin County, South Dakota",6373
46059,"Hand County, South Dakota",3140
46061,"Hanson County, South Dakota",3472
46063,"Harding County, South Dakota",1148
46065,"Hughes County, South Dakota",17664
46067,"Hutchinson County, South Dakota",7404
46069,"Hyde County, South Dakota",1191
46071,"Jackson County, South Dakota",2802
46073,"Jerauld County, South Dakota",1772
46075,"Jones County, South Dakota",1004
46077,"Kingsbury County, South Dakota",5244
46079,"Lake County, South Dakota",10972
46081,"Lawrence County, South Dakota",27233
46083,"Lincoln County, South Dakota",70638
46085,"Lyman County, South Dakota",3724
46087,"McCook County, South Dakota",5751
46089,"McPherson County, South Dakota",2145
46091,"Marshall County, South Dakota",4344
46093,"Meade County, South Dakota",30546
46095,"Mellette County, South Dakota",1943
46097,"Miner County, South Dakota",2300
46099,"Minnehaha County, South Dakota",203289
46101,"Moody County, South Dakota",6397
46102,"Oglala Lakota County, South Dakota",13491
46103,"Pennington County, South Dakota",113512
46105,"Perkins County, South Dakota",3001
46107,"Potter County, South Dakota",2388
46109,"Roberts County, South Dakota",10221
46111,"Sanborn County, South Dakota",2384
46115,"Spink County, South Dakota",6219
46117,"Stanley County, South Dakota",3015
46119,"Sully County, South Dakota",1526
46121,"Todd County, South Dakota",9244
46123,"Tripp County, South Dakota",5611
46125,"Turner County, South Dakota",8882
46127,"Union County, South Dakota",17081
46129,"Walworth County, South Dakota",5271
46135,"Yankton County, South Dakota",23414
46137,"Ziebach County, South Dakota",2377
47001,"Anderson County, Tennessee",79153
47003,"Bedford County, Tennessee",52237
47005,"Benton County, Tennessee",16006
47007,"Bledsoe County, Tennessee",15032
47009,"Blount County, Tennessee",139333
47011,"Bradley County, Tennessee",111065
47013,"Campbell County, Tennessee",39761
47015,"Cannon County, Tennessee",14818
47017,"Carroll County, Tennessee",28641
47019,"Carter County, Tennessee",56712
47021,"Cheatham County, Tennessee",41829
47023,"Chester County, Tennessee",17611
47025,"Claiborne County, Tennessee",32466
47027,"Clay County, Tennessee",7670
47029,"Cocke County, Tennessee",36813
47031,"Coffee County, Tennessee",59710
47033,"Crockett County, Tennessee",13944
47035,"Cumberland County, Tennessee",63553
47037,"Davidson County, Tennessee",715388
47039,"Decatur County, Tennessee",11579
47041,"DeKalb County, Tennessee",20959
47043,"Dickson County, Tennessee",55983
47045,"Dyer County, Tennessee",36508
47047,"Fayette County, Tennessee",43267
47049,"Fentress County, Tennessee",19309
47051,"Franklin County, Tennessee",43990
47053,"Gibson County, Tennessee",50869
47055,"Giles County, Tennessee",30620
47057,"Grainger County, Tennessee",24266
47059,"Greene County, Tennessee",71628
47061,"Grundy County, Tennessee",13819
47063,"Hamblen County, Tennessee",65669
47065,"Hamilton County, Tennessee",376192
47067,"Hancock County, Tennessee",6852
47069,"Hardeman County, Tennessee",25433
47071,"Hardin County, Tennessee",27249
47073,"Hawkins County, Tennessee",57964
47075,"Haywood County, Tennessee",17475
47077,"Henderson County, Tennessee",27980
47079,"Henry County, Tennessee",32412
47081,"Hickman County, Tennessee",25436
47083,"Houston County, Tennessee",8353
47085,"Humphreys County, Tennessee",19214
47087,"Jackson County, Tennessee",12029
47089,"Jefferson County, Tennessee",56864
47091,"Johnson County, Tennessee",18196
47093,"Knox County, Tennessee",494148
47095,"Lake County, Tennessee",6579
47097,"Lauderdale County, Tennessee",24784
47099,"Lawrence County, Tennessee",45385
47101,"Lewis County, Tennessee",12992
47103,"Lincoln County, Tennessee",35946
47105,"Loudon County, Tennessee",58580
47107,"McMinn County, Tennessee",54884
47109,"McNairy County, Tennessee",25970
47111,"Macon County, Tennessee",26240
47113,"Madison County, Tennessee",99295
47115,"Marion County, Tennessee",29250
47117,"Marshall County, Tennessee",36049
47119,"Maury County, Tennessee",107791
47121,"Meigs County, Tennessee",13343
47123,"Monroe County, Tennessee",47695
47125,"Montgomery County, Tennessee",234153
47127,"Moore County, Tennessee",6674
47129,"Morgan County, Tennessee",21361
47131,"Obion County, Tennessee",30453
47133,"Overton County, Tennessee",23065
47135,"Perry County, Tennessee",8697
47137,"Pickett County, Tennessee",5079
47139,"Polk County, Tennessee",17898
47141,"Putnam County, Tennessee",82558
47143,"Rhea County, Tennessee",33992
47145,"Roane County, Tennessee",55208
47147,"Robertson County, Tennessee",75539
47149,"Rutherford County, Tennessee",360646
47151,"Scott County, Tennessee",22113
47153,"Sequatchie County, Tennessee",16809
47155,"Sevier County, Tennessee",99652
47157,"Shelby County, Tennessee",919173
47159,"Smith County, Tennessee",20389
47161,"Stewart County, Tennessee",14027
47163,"Sullivan County, Tennessee",160624
47165,"Sumner County, Tennessee",204424
47167,"Tipton County, Tennessee",61553
47169,"Trousdale County, Tennessee",11957
47171,"Unicoi County, Tennessee",17756
47173,"Union County, Tennessee",20431
47175,"Van Buren County, Tennessee",6437
47177,"Warren County, Tennessee",42166
47179,"Washington County, Tennessee",136261
47181,"Wayne County, Tennessee",16168
47183,"Weakley County, Tennessee",33016
47185,"White County, Tennessee",28160
47187,"Williamson County, Tennessee",260351
47189,"Wilson County, Tennessee",158805
48001,"Anderson County, Texas",58439
48003,"Andrews County, Texas",18610
48005,"Angelina County, Texas",87275
48007,"Aransas County, Texas",24876
48009,"Archer County, Texas",8867
48011,"Armstrong County, Texas",1822
48013,"Atascosa County, Texas",51008
48015,"Austin County, Texas",31170
48017,"Bailey County, Texas",6913
48019,"Bandera County, Texas",22021
48021,"Bastrop County, Texas",106582
48023,"Baylor County, Texas",3485
48025,"Bee County, Texas",31083
48027,"Bell County, Texas",386897
48029,"Bexar County, Texas",2067341
48031,"Blanco County, Texas",12446
48033,"Borden County, Texas",713
48035,"Bosque County, Texas",18687
48037,"Bowie County, Texas",92115
48039,"Brazoria County, Texas",391255
48041,"Brazos County, Texas",242311
48043,"Brewster County, Texas",9503
48045,"Briscoe County, Texas",1301
48047,"Brooks County, Texas",6943
48049,"Brown County, Texas",38347
48051,"Burleson County, Texas",18857
48053,"Burnet County, Texas",52652
48055,"Caldwell County, Texas",48669
48057,"Calhoun County, Texas",19868
48059,"Callahan County, Texas",14241
48061,"Cameron County, Texas",426120
48063,"Camp County, Texas",12798
48065,"Carson County, Texas",5801
48067,"Cass County, Texas",28568
48069,"Castro County, Texas",7344
48071,"Chambers County, Texas",51498
48073,"Cherokee County, Texas",51886
48075,"Childress County, Texas",6743
48077,"Clay County, Texas",10495
48079,"Cochran County, Texas",2550
48081,"Coke County, Texas",3353
48083,"Coleman County, Texas",7833
48085,"Collin County, Texas",1163337
48087,"Collingsworth County, Texas",2588
48089,"Colorado County, Texas",21006
48091,"Comal County, Texas",183826
48093,"Comanche County, Texas",13950
48095,"Concho County, Texas",3328
48097,"Cooke County, Texas",43046
48099,"Coryell County, Texas",84748
48101,"Cottle County, Texas",1368
48103,"Crane County, Texas",4610
48105,"Crockett County, Texas",2822
48107,"Crosby County, Texas",5041
48109,"Culberson County, Texas",2195
48111,"Dallam County, Texas",7298
48113,"Dallas County, Texas",2621179
48115,"Dawson County, Texas",12134
48117,"Deaf Smith County, Texas",18460
48119,"Delta County, Texas",5438
48121,"Denton County, Texas",979561
48123,"DeWitt County, Texas",20016
48125,"Dickens County, Texas",1747
48127,"Dimmit County, Texas",8380
48129,"Donley County, Texas",3257
48131,"Duval County, Texas",9742
48133,"Eastland County, Texas",18011
48135,"Ector County, Texas",164654
48137,"Edwards County, Texas",1290
48139,"Ellis County, Texas",213160
48141,"El Paso County, Texas",870779
48143,"Erath County, Texas",43794
48145,"Falls County, Texas",17291
48147,"Fannin County, Texas",37326
48149,"Fayette County, Texas",25042
48151,"Fisher County, Texas",3655
48153,"Floyd County, Texas",5216
48155,"Foard County, Texas",991
48157,"Fort Bend County, Texas",893767
48159,"Franklin County, Texas",10632
48161,"Freestone County, Texas",20049
48163,"Frio County, Texas",18582
48165,"Gaines County, Texas",22232
48167,"Galveston County, Texas",358990
48169,"Garza County, Texas",5118
48171,"Gillespie County, Texas",27524
48173,"Glasscock County, Texas",1068
48175,"Goliad County, Texas",7141
48177,"Gonzales County, Texas",19851
48179,"Gray County, Texas",21045
48181,"Grayson County, Texas",143337
48183,"Gregg County, Texas",125480
48185,"Grimes County, Texas",31340
48187,"Guadalupe County, Texas",183642
48189,"Hale County, Texas",32131
48191,"Hall County, Texas",2820
48193,"Hamilton County, Texas",8406
48195,"Hansford County, Texas",5119
48197,"Hardeman County, Texas",3501
48199,"Hardin County, Texas",57642
48201,"Harris County, Texas",4838303
48203,"Harrison County, Texas",70155
48205,"Hartley County, Texas",5215
48207,"Haskell County, Texas",5421
48209,"Hays County, Texas",268638
48211,"Hemphill County, Texas",3234
48213,"Henderson County, Texas",84862
48215,"Hidalgo County, Texas",891977
48217,"Hill County, Texas",37328
48219,"Hockley County, Texas",21363
48221,"Hood County, Texas",65894
48223,"Hopkins County, Texas",37784
48225,"Houston County, Texas",22051
48227,"Howard County, Texas",32290
48229,"Hudspeth County, Texas",3403
48231,"Hunt County, Texas",108972
48233,"Hutchinson County, Texas",20184
48235,"Irion County, Texas",1409
48237,"Jack County, Texas",8882
48239,"Jackson County, Texas",15152
48241,"Jasper County, Texas",32727
48243,"Jeff Davis County, Texas",1865
48245,"Jefferson County, Texas",253878
48247,"Jim Hogg County, Texas",4727
48249,"Jim Wells County, Texas",38850
48251,"Johnson County, Texas",195597
48253,"Jones County, Texas",20304
48255,"Karnes County, Texas",14968
48257,"Kaufman County, Texas",172604
48259,"Kendall County, Texas",48567
48261,"Kenedy County, Texas",145
48263,"Kent County, Texas",734
48265,"Kerr County, Texas",53489
48267,"Kimble County, Texas",4389
48269,"King County, Texas",211
48271,"Kinney County, Texas",3157
48273,"Kleberg County, Texas",30579
48275,"Knox County, Texas",3307
48277,"Lamar County, Texas",50669
48279,"Lamb County, Texas",12828
48281,"Lampasas County, Texas",22715
48283,"La Salle County, Texas",6839
48285,"Lavaca County, Texas",20552
48287,"Lee County, Texas",17971
48289,"Leon County, Texas",16263
48291,"Liberty County, Texas",103380
48293,"Limestone County, Texas",22283
48295,"Lipscomb County, Texas",2918
48297,"Live Oak County, Texas",11620
48299,"Llano County, Texas",22424
48301,"Loving County, Texas",33
48303,"Lubbock County, Texas",318884
48305,"Lynn County, Texas",5752
48307,"McCulloch County, Texas",7514
48309,"McLennan County, Texas",266067
48311,"McMullen County, Texas",700
48313,"Madison County, Texas",13648
48315,"Marion County, Texas",9737
48317,"Martin County, Texas",5218
48319,"Mason County, Texas",3955
48321,"Matagorda County, Texas",36329
48323,"Maverick County, Texas",58082
48325,"Medina County, Texas",53547
48327,"Menard County, Texas",1955
48329,"Midland County, Texas",174801
48331,"Milam County, Texas",25567
48333,"Mills County, Texas",4511
48335,"Mitchell County, Texas",9018
48337,"Montague County, Texas",21046
48339,"Montgomery County, Texas",684432
48341,"Moore County, Texas",21373
48343,"Morris County, Texas",12076
48345,"Motley County, Texas",1183
48347,"Nacogdoches County, Texas",65162
48349,"Navarro County, Texas",54711
48351,"Newton County, Texas",12093
48353,"Nolan County, Texas",14454
48355,"Nueces County, Texas",352955
48357,"Ochiltree County, Texas",9786
48359,"Oldham County, Texas",2249
48361,"Orange County, Texas",85307
48363,"Palo Pinto County, Texas",29295
48365,"Panola County, Texas",22726
48367,"Parker County, Texas",165168
48369,"Parmer County, Texas",9731
48371,"Pecos County, Texas",14896
48373,"Polk County, Texas",52800
48375,"Potter County, Texas",115975
48377,"Presidio County, Texas",5930
48379,"Rains County, Texas",12775
48381,"Randall County, Texas",146070
48383,"Reagan County, Texas",3232
48385,"Real County, Texas",2802
48387,"Red River County, Texas",11611
48389,"Reeves County, Texas",12664
48391,"Refugio County, Texas",6707
48393,"Roberts County, Texas",832
48395,"Robertson County, Texas",17167
48397,"Rockwall County, Texas",123617
48399,"Runnels County, Texas",9874
48401,"Rusk County, Texas",52842
48403,"Sabine County, Texas",10023
48405,"San Augustine County, Texas",7874
48407,"San Jacinto County, Texas",28441
48409,"San Patricio County, Texas",70181
48411,"San Saba County, Texas",5696
48413,"Schleicher County, Texas",2381
48415,"Scurry County, Texas",16488
48417,"Shackelford County, Texas",3175
48419,"Shelby County, Texas",24155
48421,"Sherman County, Texas",2295
48423,"Smith County, Texas",241740
48425,"Somervell County, Texas",9691
48427,"Starr County, Texas",66067
48429,"Stephens County, Texas",9351
48431,"Sterling County, Texas",1468
48433,"Stonewall County, Texas",1227
48435,"Sutton County, Texas",3277
48437,"Swisher County, Texas",6937
48439,"Tarrant County, Texas",2167390
48441,"Taylor County, Texas",145863
48443,"Terrell County, Texas",835
48445,"Terry County, Texas",11629
48447,"Throckmorton County, Texas",1639
48449,"Titus County, Texas",31363
48451,"Tom Green County, Texas",119577
48453,"Travis County, Texas",1330015
48455,"Trinity County, Texas",14046
48457,"Tyler County, Texas",20238
48459,"Upshur County, Texas",42567
48461,"Upton County, Texas",3191
48463,"Uvalde County, Texas",24881
48465,"Val Verde County, Texas",47741
48467,"Van Zandt County, Texas",62649
48469,"Victoria County, Texas",91413
48471,"Walker County, Texas",80209
48473,"Waller County, Texas",61552
48475,"Ward County, Texas",11144
48477,"Washington County, Texas",36647
48479,"Webb County, Texas",269294
48481,"Wharton County, Texas",41794
48483,"Wheeler County, Texas",4862
48485,"Wichita County, Texas",129996
48487,"Wilbarger County, Texas",12616
48489,"Willacy County, Texas",20139
48491,"Williamson County, Texas",672688
48493,"Wilson County, Texas",52781
48495,"Winkler County, Texas",7454
48497,"Wise County, Texas",75005
48499,"Wood County, Texas",46961
48501,"Yoakum County, Texas",7571
48503,"Young County, Texas",18029
48505,"Zapata County, Texas",13841
48507,"Zavala County, Texas",9412
49001,"Beaver County, Utah",7273
49003,"Box Elder County, Utah",61246
49005,"Cache County, Utah",140046
49007,"Carbon County, Utah",20517
49009,"Daggett County, Utah",783
49011,"Davis County, Utah",370924
49013,"Duchesne County, Utah",20185
49015,"Emery County, Utah",10046
49017,"Garfield County, Utah",5219
49019,"Grand County, Utah",9754
49021,"Iron County, Utah",62252
49023,"Juab County, Utah",12586
49025,"Kane County, Utah",8170
49027,"Millard County, Utah",13315
49029,"Morgan County, Utah",12802
49031,"Piute County, Utah",1694
49033,"Rich County, Utah",2631
49035,"Salt Lake County, Utah",1196523
49037,"San Juan County, Utah",14483
49039,"Sanpete County, Utah",29719
49041,"Sevier County, Utah",22085
49043,"Summit County, Utah",42970
49045,"Tooele County, Utah",79347
49047,"Uintah County, Utah",37056
49049,"Utah County, Utah",705400
49051,"Wasatch County, Utah",36642
49053,"Washington County, Utah",196431
49055,"Wayne County, Utah",2584
49057,"Weber County, Utah",269648
50001,"Addison County, Vermont",37664
50003,"Bennington County, Vermont",37269
50005,"Caledonia County, Vermont",30475
50007,"Chittenden County, Vermont",169758
50009,"Essex County, Vermont",5982
50011,"Franklin County, Vermont",50638
50013,"Grand Isle County, Vermont",7450
50015,"Lamoille County, Vermont",26148
50017,"Orange County, Vermont",29761
50019,"Orleans County, Vermont",27606
50021,"Rutland County, Vermont",60425
50023,"Washington County, Vermont",60017
50025,"Windham County, Vermont",45923
50027,"Windsor County, Vermont",57990
51001,"Accomack County, Virginia",33335
51003,"Albemarle County, Virginia",114919
51005,"Alleghany County, Virginia",14859
51007,"Amelia County, Virginia",13462
51009,"Amherst County, Virginia",31485
51011,"Appomattox County, Virginia",16610
51013,"Arlington County, Virginia",236254
51015,"Augusta County, Virginia",78033
51017,"Bath County, Virginia",4100
51019,"Bedford County, Virginia",80894
51021,"Bland County, Virginia",6199
51023,"Botetourt County, Virginia",34004
51025,"Brunswick County, Virginia",15841
51027,"Buchanan County, Virginia",19415
51029,"Buckingham County, Virginia",16976
51031,"Campbell County, Virginia",55312
51033,"Caroline County, Virginia",32098
51035,"Carroll County, Virginia",29157
51036,"Charles City County, Virginia",6627
51037,"Charlotte County, Virginia",11422
51041,"Chesterfield County, Virginia",377869
51043,"Clarke County, Virginia",15216
51045,"Craig County, Virginia",4856
51047,"Culpeper County, Virginia",54397
51049,"Cumberland County, Virginia",9818
51051,"Dickenson County, Virginia",13733
51053,"Dinwiddie County, Virginia",28191
51057,"Essex County, Virginia",10623
51059,"Fairfax County, Virginia",1147837
51061,"Fauquier County, Virginia",74577
51063,"Floyd County, Virginia",15593
51065,"Fluvanna County, Virginia",28092
51067,"Franklin County, Virginia",55130
51069,"Frederick County, Virginia",95008
51071,"Giles County, Virginia",16557
51073,"Gloucester County, Virginia",39526
51075,"Goochland County, Virginia",26410
51077,"Grayson County, Virginia",15287
51079,"Greene County, Virginia",21155
51081,"Greensville County, Virginia",11275
51083,"Halifax County, Virginia",33639
51085,"Hanover County, Virginia",112879
51087,"Henrico County, Virginia",335744
51089,"Henry County, Virginia",49980
51091,"Highland County, Virginia",2296
51093,"Isle of Wight County, Virginia",39974
51095,"James City County, Virginia",81013
51097,"King and Queen County, Virginia",6695
51099,"King George County, Virginia",27896
51101,"King William County, Virginia",18593
51103,"Lancaster County, Virginia",10936
51105,"Lee County, Virginia",21900
51107,"Loudoun County, Virginia",432998
51109,"Louisa County, Virginia",39980
51111,"Lunenburg County, Virginia",12016
51113,"Madison County, Virginia",14044
51115,"Mathews County, Virginia",8540
51117,"Mecklenburg County, Virginia",30516
51119,"Middlesex County, Virginia",10847
51121,"Montgomery County, Virginia",99101
51125,"Nelson County, Virginia",14732
51127,"New Kent County, Virginia",25105
51131,"Northampton County, Virginia",12059
51133,"Northumberland County, Virginia",12188
51135,"Nottoway County, Virginia",15597
51137,"Orange County, Virginia",37822
51139,"Page County, Virginia",23727
51141,"Patrick County, Virginia",17512
51143,"Pittsylvania County, Virginia",59856
51145,"Powhatan County, Virginia",31555
51147,"Prince Edward County, Virginia",21996
51149,"Prince George County, Virginia",43146
51153,"Prince William County, Virginia",488880
51155,"Pulaski County, Virginia",33687
51157,"Rappahannock County, Virginia",7427
51159,"Richmond County, Virginia",9095
51161,"Roanoke County, Virginia",97023
51163,"Rockbridge County, Virginia",22531
51165,"Rockingham County, Virginia",85600
51167,"Russell County, Virginia",25538
51169,"Scott County, Virginia",21479
51171,"Shenandoah County, Virginia",44925
51173,"Smyth County, Virginia",29420
51175,"Southampton County, Virginia",17964
51177,"Spotsylvania County, Virginia",146603
51179,"Stafford County, Virginia",163466
51181,"Surry County, Virginia",6549
51183,"Sussex County, Virginia",10765
51185,"Tazewell County, Virginia",39624
51187,"Warren County, Virginia",41531
51191,"Washington County, Virginia",53926
51193,"Westmoreland County, Virginia",18826
51195,"Wise County, Virginia",35448
51197,"Wythe County, Virginia",28188
51199,"York County, Virginia",71005
51510,"Alexandria city, Virginia",156976
51520,"Bristol city, Virginia",16849
51530,"Buena Vista city, Virginia",6593
51540,"Charlottesville city, Virginia",45437
51550,"Chesapeake city, Virginia",252583
51570,"Colonial Heights city, Virginia",18352
51580,"Covington city, Virginia",5680
51590,"Danville city, Virginia",42214
51595,"Emporia city, Virginia",5547
51600,"Fairfax city, Virginia",25026
51610,"Falls Church city, Virginia",14710
51620,"Franklin city, Virginia",8250
51630,"Fredericksburg city, Virginia",28873
51640,"Galax city, Virginia",6726
51650,"Hampton city, Virginia",137557
51660,"Harrisonburg city, Virginia",51392
51670,"Hopewell city, Virginia",22959
51678,"Lexington city, Virginia",7525
51680,"Lynchburg city, Virginia",79497
51683,"Manassas city, Virginia",42976
51685,"Manassas Park city, Virginia",16798
51690,"Martinsville city, Virginia",13658
51700,"Newport News city, Virginia",184216
51710,"Norfolk city, Virginia",233596
51720,"Norton city, Virginia",3577
51730,"Petersburg city, Virginia",33537
51735,"Poquoson city, Virginia",12639
51740,"Portsmouth city, Virginia",97190
51750,"Radford city, Virginia",16726
51760,"Richmond city, Virginia",229359
51770,"Roanoke city, Virginia",98355
51775,"Salem city, Virginia",25618
51790,"Staunton city, Virginia",25948
51800,"Suffolk city, Virginia",98796
51810,"Virginia Beach city, Virginia",456349
51820,"Waynesboro city, Virginia",22841
51830,"Williamsburg city, Virginia",15798
51840,"Winchester city, Virginia",27913
53001,"Adams County, Washington",20800
53003,"Asotin County, Washington",22467
53005,"Benton County, Washington",212905
53007,"Chelan County, Washington",80172
53009,"Clallam County, Washington",77813
53011,"Clark County, Washington",516959
53013,"Columbia County, Washington",4014
53015,"Cowlitz County, Washington",112360
53017,"Douglas County, Washington",44366
53019,"Ferry County, Washington",7387
53021,"Franklin County, Washington",98902
53023,"Garfield County, Washington",2353
53025,"Grant County, Washington",101799
53027,"Grays Harbor County, Washington",77053
53029,"Island County, Washington",86836
53031,"Jefferson County, Washington",33577
53033,"King County, Washington",2287171
53035,"Kitsap County, Washington",277881
53037,"Kittitas County, Washington",47172
53039,"Klickitat County, Washington",23411
53041,"Lewis County, Washington",85154
53043,"Lincoln County, Washington",11489
53045,"Mason County, Washington",67982
53047,"Okanogan County, Washington",43425
53049,"Pacific County, Washington",23994
53051,"Pend Oreille County, Washington",14050
53053,"Pierce County, Washington",930319
53055,"San Juan County, Washington",18478
53057,"Skagit County, Washington",131328
53059,"Skamania County, Washington",12402
53061,"Snohomish County, Washington",844430
53063,"Spokane County, Washington",549056
53065,"Stevens County, Washington",48067
53067,"Thurston County, Washington",299067
53069,"Wahkiakum County, Washington",4658
53071,"Walla Walla County, Washington",62161
53073,"Whatcom County, Washington",230503
53075,"Whitman County, Washington",47003
53077,"Yakima County, Washington",257152
54001,"Barbour County, West Virginia",15424
54003,"Berkeley County, West Virginia",129514
54005,"Boone County, West Virginia",21026
54007,"Braxton County, West Virginia",12208
54009,"Brooke County, West Virginia",21805
54011,"Cabell County, West Virginia",92739
54013,"Calhoun County, West Virginia",6048
54015,"Clay County, West Virginia",7835
54017,"Doddridge County, West Virginia",7711
54019,"Fayette County, West Virginia",39519
54021,"Gilmer County, West Virginia",7288
54023,"Grant County, West Virginia",10983
54025,"Greenbrier County, West Virginia",32386
54027,"Hampshire County, West Virginia",23465
54029,"Hancock County, West Virginia",28431
54031,"Hardy County, West Virginia",14243
54033,"Harrison County, West Virginia",64984
54035,"Jackson County, West Virginia",27705
54037,"Jefferson County, West Virginia",59260
54039,"Kanawha County, West Virginia",176537
54041,"Lewis County, West Virginia",16740
54043,"Lincoln County, West Virginia",19902
54045,"Logan County, West Virginia",31418
54047,"McDowell County, West Virginia",17943
54049,"Marion County, West Virginia",55909
54051,"Marshall County, West Virginia",29865
54053,"Mason County, West Virginia",25043
54055,"Mercer County, West Virginia",58563
54057,"Mineral County, West Virginia",26854
54059,"Mingo County, West Virginia",22542
54061,"Monongalia County, West Virginia",107163
54063,"Monroe County, West Virginia",12386
54065,"Morgan County, West Virginia",17426
54067,"Nicholas County, West Virginia",24277
54069,"Ohio County, West Virginia",41582
54071,"Pendleton County, West Virginia",6043
54073,"Pleasants County, West Virginia",7521
54075,"Pocahontas County, West Virginia",7784
54077,"Preston County, West Virginia",34160
54079,"Putnam County, West Virginia",57177
54081,"Raleigh County, West Virginia",73195
54083,"Randolph County, West Virginia",27576
54085,"Ritchie County, West Virginia",8286
54087,"Roane County, West Virginia",13786
54089,"Summers County, West Virginia",11729
54091,"Taylor County, West Virginia",16487
54093,"Tucker County, West Virginia",6654
54095,"Tyler County, West Virginia",8064
54097,"Upshur County, West Virginia",23712
54099,"Wayne County, West Virginia",38164
54101,"Webster County, West Virginia",8144
54103,"Wetzel County, West Virginia",14078
54105,"Wirt County, West Virginia",5053
54107,"Wood County, West Virginia",83407
54109,"Wyoming County, West Virginia",20629
55001,"Adams County, Wisconsin",21123
55003,"Ashland County, Wisconsin",16080
55005,"Barron County, Wisconsin",46797
55007,"Bayfield County, Wisconsin",16575
55009,"Brown County, Wisconsin",270892
55011,"Buffalo County, Wisconsin",13393
55013,"Burnett County, Wisconsin",16916
55015,"Calumet County, Wisconsin",52942
55017,"Chippewa County, Wisconsin",66799
55019,"Clark County, Wisconsin",34739
55021,"Columbia County, Wisconsin",58272
55023,"Crawford County, Wisconsin",16042
55025,"Dane County, Wisconsin",572674
55027,"Dodge County, Wisconsin",88742
55029,"Door County, Wisconsin",30445
55031,"Douglas County, Wisconsin",44229
55033,"Dunn County, Wisconsin",45527
55035,"Eau Claire County, Wisconsin",107116
55037,"Florence County, Wisconsin",4646
55039,"Fond du Lac County, Wisconsin",104137
55041,"Forest County, Wisconsin",9369
55043,"Grant County, Wisconsin",51770
55045,"Green County, Wisconsin",37017
55047,"Green Lake County, Wisconsin",19263
55049,"Iowa County, Wisconsin",23867
55051,"Iron County, Wisconsin",6210
55053,"Jackson County, Wisconsin",20981
55055,"Jefferson County, Wisconsin",86003
55057,"Juneau County, Wisconsin",26689
55059,"Kenosha County, Wisconsin",168438
55061,"Kewaunee County, Wisconsin",20664
55063,"La Crosse County, Wisconsin",120488
55065,"Lafayette County, Wisconsin",16942
55067,"Langlade County, Wisconsin",19490
55069,"Lincoln County, Wisconsin",28426
55071,"Manitowoc County, Wisconsin",81406
55073,"Marathon County, Wisconsin",138403
55075,"Marinette County, Wisconsin",42046
55077,"Marquette County, Wisconsin",15746
55078,"Menominee County, Wisconsin",4252
55079,"Milwaukee County, Wisconsin",926331
55081,"Monroe County, Wisconsin",46208
55083,"Oconto County, Wisconsin",39589
55085,"Oneida County, Wisconsin",38167
55087,"Outagamie County, Wisconsin",192826
55089,"Ozaukee County, Wisconsin",92966
55091,"Pepin County, Wisconsin",7431
55093,"Pierce County, Wisconsin",42584
55095,"Polk County, Wisconsin",45555
55097,"Portage County, Wisconsin",70832
55099,"Price County, Wisconsin",14092
55101,"Racine County, Wisconsin",197532
55103,"Richland County, Wisconsin",17205
55105,"Rock County, Wisconsin",164350
55107,"Rusk County, Wisconsin",14179
55109,"St. Croix County, Wisconsin",96033
55111,"Sauk County, Wisconsin",66009
55113,"Sawyer County, Wisconsin",18476
55115,"Shawano County, Wisconsin",41039
55117,"Sheboygan County, Wisconsin",117991
55119,"Taylor County, Wisconsin",20024
55121,"Trempealeau County, Wisconsin",30839
55123,"Vernon County, Wisconsin",31049
55125,"Vilas County, Wisconsin",23647
55127,"Walworth County, Wisconsin",105657
55129,"Washburn County, Wisconsin",16854
55131,"Washington County, Wisconsin",137879
55133,"Waukesha County, Wisconsin",411762
55135,"Waupaca County, Wisconsin",51569
55137,"Waushara County, Wisconsin",24868
55139,"Winnebago County, Wisconsin",171769
55141,"Wood County, Wisconsin",74004
56001,"Albany County, Wyoming",38249
56003,"Big Horn County, Wyoming",11828
56005,"Campbell County, Wyoming",47240
56007,"Carbon County, Wyoming",14463
56009,"Converse County, Wyoming",13762
56011,"Crook County, Wyoming",7455
56013,"Fremont County, Wyoming",39533
56015,"Goshen County, Wyoming",12605
56017,"Hot Springs County, Wyoming",4620
56019,"Johnson County, Wyoming",8686
56021,"Laramie County, Wyoming",101060
56023,"Lincoln County, Wyoming",20486
56025,"Natrona County, Wyoming",79977
56027,"Niobrara County, Wyoming",2368
56029,"Park County, Wyoming",30449
56031,"Platte County, Wyoming",8612
56033,"Sheridan County, Wyoming",32055
56035,"Sublette County, Wyoming",8838
56037,"Sweetwater County, Wyoming",41542
56039,"Teton County, Wyoming",23396
56041,"Uinta County, Wyoming",20644
56043,"Washakie County, Wyoming",7703
56045,"Weston County, Wyoming",6826
72001,"Adjuntas Municipio, Puerto Rico",17960
72003,"Aguada Municipio, Puerto Rico",37758
72005,"Aguadilla Municipio, Puerto Rico",54137
72007,"Aguas Buenas Municipio, Puerto Rico",23614
72009,"Aibonito Municipio, Puerto Rico",24636
72011,"Añasco Municipio, Puerto Rico",25094
72013,"Arecibo Municipio, Puerto Rico",86467
72015,"Arroyo Municipio, Puerto Rico",15341
72017,"Barceloneta Municipio, Puerto Rico",22494
72019,"Barranquitas Municipio, Puerto Rico",29054
72021,"Bayamón Municipio, Puerto Rico",182469
72023,"Cabo Rojo Municipio, Puerto Rico",46876
72025,"Caguas Municipio, Puerto Rico",125586
72027,"Camuy Municipio, Puerto Rico",32734
72029,"Canóvanas Municipio, Puerto Rico",41816
72031,"Carolina Municipio, Puerto Rico",152204
72033,"Cataño Municipio, Puerto Rico",22467
72035,"Cayey Municipio, Puerto Rico",40917
72037,"Ceiba Municipio, Puerto Rico",10995
72039,"Ciales Municipio, Puerto Rico",16805
72041,"Cidra Municipio, Puerto Rico",39643
72043,"Coamo Municipio, Puerto Rico",33998
72045,"Comerío Municipio, Puerto Rico",18711
72047,"Corozal Municipio, Puerto Rico",34444
72049,"Culebra Municipio, Puerto Rico",1387
72051,"Dorado Municipio, Puerto Rico",35810
72053,"Fajardo Municipio, Puerto Rico",31489
72054,"Florida Municipio, Puerto Rico",11532
72055,"Guánica Municipio, Puerto Rico",12855
72057,"Guayama Municipio, Puerto Rico",35298
72059,"Guayanilla Municipio, Puerto Rico",17141
72061,"Guaynabo Municipio, Puerto Rico",89378
72063,"Gurabo Municipio, Puerto Rico",40228
72065,"Hatillo Municipio, Puerto Rico",38157
72067,"Hormigueros Municipio, Puerto Rico",15441
72069,"Humacao Municipio, Puerto Rico",50100
72071,"Isabela Municipio, Puerto Rico",42890
72073,"Jayuya Municipio, Puerto Rico",14566
72075,"Juana Díaz Municipio, Puerto Rico",46156
72077,"Juncos Municipio, Puerto Rico",36829
72079,"Lajas Municipio, Puerto Rico",23035
72081,"Lares Municipio, Puerto Rico",27855
72083,"Las Marías Municipio, Puerto Rico",8744
72085,"Las Piedras Municipio, Puerto Rico",34951
72087,"Loíza Municipio, Puerto Rico",22768
72089,"Luquillo Municipio, Puerto Rico",17532
72091,"Manatí Municipio, Puerto Rico",38943
72093,"Maricao Municipio, Puerto Rico",4988
72095,"Maunabo Municipio, Puerto Rico",10399
72097,"Mayagüez Municipio, Puerto Rico",70828
72099,"Moca Municipio, Puerto Rico",37424
72101,"Morovis Municipio, Puerto Rico",28397
72103,"Naguabo Municipio, Puerto Rico",23054
72105,"Naranjito Municipio, Puerto Rico",29310
72107,"Orocovis Municipio, Puerto Rico",21309
72109,"Patillas Municipio, Puerto Rico",15563
72111,"Peñuelas Municipio, Puerto Rico",19853
72113,"Ponce Municipio, Puerto Rico",132760
72115,"Quebradillas Municipio, Puerto Rico",23409
72117,"Rincón Municipio, Puerto Rico",15378
72119,"Río Grande Municipio, Puerto Rico",46051
72121,"Sabana Grande Municipio, Puerto Rico",22407
72123,"Salinas Municipio, Puerto Rico",25079
72125,"San Germán Municipio, Puerto Rico",31305
72127,"San Juan Municipio, Puerto Rico",336160
72129,"San Lorenzo Municipio, Puerto Rico",37431
72131,"San Sebastián Municipio, Puerto Rico",39088
72133,"Santa Isabel Municipio, Puerto Rico",19903
72135,"Toa Alta Municipio, Puerto Rico",66320
72137,"Toa Baja Municipio, Puerto Rico",73039
72139,"Trujillo Alto Municipio, Puerto Rico",67088
72141,"Utuado Municipio, Puerto Rico",27621
72143,"Vega Alta Municipio, Puerto Rico",34921
72145,"Vega Baja Municipio, Puerto Rico",53892
72147,"Vieques Municipio, Puerto Rico",8078
72149,"Villalba Municipio, Puerto Rico",21556
72151,"Yabucoa Municipio, Puerto Rico",29400
72153,"Yauco Municipio, Puerto Rico",32993
