disaster_number,fema_declaration,state,declaration_type,declaration_date,incident_type,incident_begin_date,incident_end_date,state_fips,county_code,designated_area,last_refresh
5653,FM-5653-WA,WA,FM,2026-07-30T00:00:00.000Z,Fire,2026-07-30T00:00:00.000Z,,53,000,Colville Indian Reservation,2026-08-20T20:50:08.994Z
5651,FM-5651-WA,WA,FM,2026-07-26T00:00:00.000Z,Fire,2026-07-26T00:00:00.000Z,,53,000,Yakama Reservation,2026-08-20T20:50:08.994Z
5649,FM-5649-WA,WA,FM,2026-07-26T00:00:00.000Z,Fire,2026-07-25T00:00:00.000Z,,53,000,Yakama Reservation,2026-08-20T20:50:08.994Z
5647,FM-5647-OR,OR,FM,2026-07-23T00:00:00.000Z,Fire,2026-07-23T00:00:00.000Z,,41,000,Warm Springs Indian Reservation,2026-08-20T20:50:08.994Z
5646,FM-5646-WA,WA,FM,2026-07-17T00:00:00.000Z,Fire,2026-07-16T00:00:00.000Z,,53,000,Colville Indian Reservation,2026-08-20T20:50:08.994Z
5520,FM-5520-ID,ID,FM,2024-07-26T00:00:00.000Z,Fire,2024-07-25T00:00:00.000Z,2024-08-09T00:00:00.000Z,16,000,Nez Perce Indian Reservation,2026-08-20T20:50:08.994Z
5518,FM-5518-WA,WA,FM,2024-07-24T00:00:00.000Z,Fire,2024-07-17T00:00:00.000Z,2024-07-21T00:00:00.000Z,53,000,Colville Indian Reservation,2026-08-20T20:50:08.994Z
5517,FM-5517-WA,WA,FM,2024-07-23T00:00:00.000Z,Fire,2024-07-22T00:00:00.000Z,2024-07-28T00:00:00.000Z,53,000,Yakama Reservation,2026-08-20T20:50:08.994Z
5508,FM-5508-AZ,AZ,FM,2024-07-13T00:00:00.000Z,Fire,2024-07-10T00:00:00.000Z,2024-07-15T00:00:00.000Z,04,000,San Carlos Indian Reservation,2026-08-20T20:50:08.994Z
5499,FM-5499-WA,WA,FM,2024-06-23T00:00:00.000Z,Fire,2024-06-22T00:00:00.000Z,2024-07-11T00:00:00.000Z,53,000,Yakama Reservation,2026-08-20T20:50:08.994Z
5498,FM-5498-NM,NM,FM,2024-06-18T00:00:00.000Z,Fire,2024-06-17T00:00:00.000Z,,35,000,Mescalero Tribe,2026-08-20T20:50:08.994Z
5497,FM-5497-NM,NM,FM,2024-06-17T00:00:00.000Z,Fire,2024-06-17T00:00:00.000Z,,35,000,Mescalero Tribe,2026-08-20T20:50:08.994Z
5407,FM-5407-ID,ID,FM,2021-08-13T00:00:00.000Z,Fire,2021-08-12T00:00:00.000Z,2021-08-17T00:00:00.000Z,16,000,Nez Perce Indian Reservation,2026-08-20T20:50:08.994Z
5403,FM-5403-MT,MT,FM,2021-07-28T00:00:00.000Z,Fire,2021-07-28T00:00:00.000Z,2021-07-31T00:00:00.000Z,30,000,Crow Indian Reservation,2026-08-20T20:50:08.994Z
5397,FM-5397-WA,WA,FM,2021-07-13T00:00:00.000Z,Fire,2021-07-12T00:00:00.000Z,2021-07-26T00:00:00.000Z,53,000,Colville Indian Reservation,2026-08-20T20:50:08.994Z
5356,FM-5356-OR,OR,FM,2020-09-08T00:00:00.000Z,Fire,2020-09-07T00:00:00.000Z,2020-10-15T00:00:00.000Z,41,000,Warm Springs Indian Reservation,2026-08-20T20:50:08.994Z
5351,FM-5351-WA,WA,FM,2020-09-07T00:00:00.000Z,Fire,2020-09-07T00:00:00.000Z,2020-09-19T00:00:00.000Z,53,000,Colville Indian Reservation,2026-08-20T20:50:08.994Z
5340,FM-5340-AZ,AZ,FM,2020-08-26T00:00:00.000Z,Fire,2020-08-17T00:00:00.000Z,,04,000,San Carlos Indian Reservation,2026-08-20T20:50:08.994Z
5262,FM-5262-CA,CA,FM,2018-07-28T00:00:00.000Z,Fire,2018-07-29T00:00:00.000Z,2018-08-20T00:00:00.000Z,06,000,Hopland Rancheria (Indian Reservation),2026-08-22T11:07:11.558Z
5330,FM-5330-WA,WA,FM,2020-08-17T00:00:00.000Z,Fire,2020-08-16T00:00:00.000Z,2020-08-17T00:00:00.000Z,53,000,Yakama Reservation,2026-08-20T20:50:08.994Z
5325,FM-5325-CA,CA,FM,2020-08-02T00:00:00.000Z,Fire,2020-08-02T00:00:00.000Z,2020-08-11T00:00:00.000Z,06,000,Morongo Indian Reservation,2026-08-20T20:50:08.994Z
5269,FM-5269-WA,WA,FM,2018-08-11T00:00:00.000Z,Fire,2018-08-10T00:00:00.000Z,2018-08-17T00:00:00.000Z,53,000,Yakama Reservation,2026-08-20T20:50:08.994Z
3630,EM-3630-MT,MT,EM,2025-12-19T00:00:00.000Z,Flood,2025-12-10T00:00:00.000Z,2025-12-11T00:00:00.000Z,30,000,Blackfeet Indian Reservation,2026-08-26T11:11:06.672Z
5212,FM-5212-MT,MT,FM,2017-09-12T00:00:00.000Z,Fire,2017-09-11T00:00:00.000Z,2017-09-15T00:00:00.000Z,30,000,Blackfeet Indian Reservation,2026-08-20T20:50:08.994Z
5133,FM-5133-CO,CO,FM,2016-07-10T00:00:00.000Z,Fire,2016-07-09T00:00:00.000Z,2016-07-14T00:00:00.000Z,08,000,Statewide,2026-08-20T20:50:08.994Z
4940,DR-4940-KS,KS,DR,2026-09-01T00:00:00.000Z,Severe Storm,2026-06-04T00:00:00.000Z,2026-06-15T00:00:00.000Z,20,000,Kickapoo Indian Reservation,2026-09-03T11:06:12.500Z
4940,DR-4940-KS,KS,DR,2026-09-01T00:00:00.000Z,Severe Storm,2026-06-04T00:00:00.000Z,2026-06-15T00:00:00.000Z,20,000,Iowa Indian Reservation (Also NE),2026-09-03T11:06:12.500Z
4938,DR-4938-SD,SD,DR,2026-09-01T00:00:00.000Z,Severe Storm,2026-06-28T00:00:00.000Z,2026-07-03T00:00:00.000Z,46,000,Lower Brule Indian Reservation,2026-09-03T11:06:12.500Z
4938,DR-4938-SD,SD,DR,2026-09-01T00:00:00.000Z,Severe Storm,2026-06-28T00:00:00.000Z,2026-07-03T00:00:00.000Z,46,000,Crow Creek Indian Reservation,2026-09-03T11:06:12.500Z
5021,FM-5021-CA,CA,FM,2012-09-24T00:00:00.000Z,Fire,2012-09-23T00:00:00.000Z,2012-09-27T00:00:00.000Z,06,000,Campo Indian Reservation,2026-08-20T20:50:08.994Z
4923,DR-4923-WI,WI,DR,2026-06-30T00:00:00.000Z,Flood,2026-04-13T00:00:00.000Z,2026-04-23T00:00:00.000Z,55,000,Oneida Indian Reservation,2026-08-20T20:50:08.994Z
4919,DR-4919-MA,MA,DR,2026-06-30T00:00:00.000Z,Winter Storm,2026-02-22T00:00:00.000Z,2026-02-23T00:00:00.000Z,25,000,Mashpee Wampanoag Tribe,2026-08-20T20:50:08.994Z
4918,DR-4918-NM,NM,DR,2026-06-30T00:00:00.000Z,Severe Storm,2025-09-28T00:00:00.000Z,2025-09-29T00:00:00.000Z,35,000,Pueblo of Acoma,2026-08-20T20:50:08.994Z
4915,DR-4915-MT,MT,DR,2026-05-29T00:00:00.000Z,Straight-Line Winds,2025-12-17T00:00:00.000Z,2025-12-19T00:00:00.000Z,30,000,Crow Indian Reservation,2026-08-20T20:50:08.994Z
4914,DR-4914-MT,MT,DR,2026-05-29T00:00:00.000Z,Winter Storm,2025-12-17T00:00:00.000Z,2025-12-18T00:00:00.000Z,30,000,Fort Peck Indian Reservation,2026-08-20T20:50:08.994Z
4912,DR-4912-AK,AK,DR,2026-05-29T00:00:00.000Z,Flood,2025-10-08T00:00:00.000Z,2025-10-13T00:00:00.000Z,02,000,Kipnuk (ANV/ANVSA),2026-08-20T20:50:08.994Z
4911,DR-4911-AZ,AZ,DR,2026-05-29T00:00:00.000Z,Severe Storm,2025-10-10T00:00:00.000Z,2025-10-13T00:00:00.000Z,04,000,San Carlos Indian Reservation,2026-08-20T20:50:08.994Z
4906,DR-4906-WA,WA,DR,2026-04-07T00:00:00.000Z,Flood,2025-12-05T00:00:00.000Z,2025-12-19T00:00:00.000Z,53,000,Quinault Indian Reservation,2026-08-20T20:50:08.994Z
4906,DR-4906-WA,WA,DR,2026-04-07T00:00:00.000Z,Flood,2025-12-05T00:00:00.000Z,2025-12-19T00:00:00.000Z,53,000,Snoqualmie Indian Reservation,2026-08-20T20:50:08.994Z
4906,DR-4906-WA,WA,DR,2026-04-07T00:00:00.000Z,Flood,2025-12-05T00:00:00.000Z,2025-12-19T00:00:00.000Z,53,000,Swinomish Indian Reservation,2026-08-20T20:50:08.994Z
4906,DR-4906-WA,WA,DR,2026-04-07T00:00:00.000Z,Flood,2025-12-05T00:00:00.000Z,2025-12-19T00:00:00.000Z,53,000,Stillaguamish Indian Reservation,2026-08-20T20:50:08.994Z
4906,DR-4906-WA,WA,DR,2026-04-07T00:00:00.000Z,Flood,2025-12-05T00:00:00.000Z,2025-12-19T00:00:00.000Z,53,000,Lower Elwha Indian Reservation,2026-08-20T20:50:08.994Z
4906,DR-4906-WA,WA,DR,2026-04-07T00:00:00.000Z,Flood,2025-12-05T00:00:00.000Z,2025-12-19T00:00:00.000Z,53,000,Shoalwater Bay Reservation,2026-08-20T20:50:08.994Z
4906,DR-4906-WA,WA,DR,2026-04-07T00:00:00.000Z,Flood,2025-12-05T00:00:00.000Z,2025-12-19T00:00:00.000Z,53,000,Sauk-Suiattle Indian Reservation,2026-08-20T20:50:08.994Z
4906,DR-4906-WA,WA,DR,2026-04-07T00:00:00.000Z,Flood,2025-12-05T00:00:00.000Z,2025-12-19T00:00:00.000Z,53,000,Lummi Indian Reservation,2026-08-20T20:50:08.994Z
4906,DR-4906-WA,WA,DR,2026-04-07T00:00:00.000Z,Flood,2025-12-05T00:00:00.000Z,2025-12-19T00:00:00.000Z,53,000,Kalispel Indian Reservation,2026-08-20T20:50:08.994Z
4906,DR-4906-WA,WA,DR,2026-04-07T00:00:00.000Z,Flood,2025-12-05T00:00:00.000Z,2025-12-19T00:00:00.000Z,53,000,Makah Indian Reservation,2026-08-20T20:50:08.994Z
4906,DR-4906-WA,WA,DR,2026-04-07T00:00:00.000Z,Flood,2025-12-05T00:00:00.000Z,2025-12-19T00:00:00.000Z,53,000,Upper Skagit Indian Reservation,2026-08-20T20:50:08.994Z
4906,DR-4906-WA,WA,DR,2026-04-07T00:00:00.000Z,Flood,2025-12-05T00:00:00.000Z,2025-12-19T00:00:00.000Z,53,000,Chehalis Indian Reservation,2026-08-20T20:50:08.994Z
4906,DR-4906-WA,WA,DR,2026-04-07T00:00:00.000Z,Flood,2025-12-05T00:00:00.000Z,2025-12-19T00:00:00.000Z,53,000,Hoh Indian Reservation,2026-08-20T20:50:08.994Z
4906,DR-4906-WA,WA,DR,2026-04-07T00:00:00.000Z,Flood,2025-12-05T00:00:00.000Z,2025-12-19T00:00:00.000Z,53,000,Samish (TDSA),2026-08-20T20:50:08.994Z
4906,DR-4906-WA,WA,DR,2026-04-07T00:00:00.000Z,Flood,2025-12-05T00:00:00.000Z,2025-12-19T00:00:00.000Z,53,000,Yakama Reservation,2026-08-20T20:50:08.994Z
4906,DR-4906-WA,WA,DR,2026-04-07T00:00:00.000Z,Flood,2025-12-05T00:00:00.000Z,2025-12-19T00:00:00.000Z,53,000,Squaxin Island Indian Reservation,2026-08-20T20:50:08.994Z
4906,DR-4906-WA,WA,DR,2026-04-07T00:00:00.000Z,Flood,2025-12-05T00:00:00.000Z,2025-12-19T00:00:00.000Z,53,000,Jamestown Reservation,2026-08-20T20:50:08.994Z
4906,DR-4906-WA,WA,DR,2026-04-07T00:00:00.000Z,Flood,2025-12-05T00:00:00.000Z,2025-12-19T00:00:00.000Z,53,000,Cowlitz Reservation,2026-08-20T20:50:08.994Z
4906,DR-4906-WA,WA,DR,2026-04-07T00:00:00.000Z,Flood,2025-12-05T00:00:00.000Z,2025-12-19T00:00:00.000Z,53,000,Nooksack Indian Reservation,2026-08-20T20:50:08.994Z
4906,DR-4906-WA,WA,DR,2026-04-07T00:00:00.000Z,Flood,2025-12-05T00:00:00.000Z,2025-12-19T00:00:00.000Z,53,000,Quileute Indian Reservation,2026-08-20T20:50:08.994Z
4906,DR-4906-WA,WA,DR,2026-04-07T00:00:00.000Z,Flood,2025-12-05T00:00:00.000Z,2025-12-19T00:00:00.000Z,53,000,Puyallup Indian Reservation,2026-08-20T20:50:08.994Z
4906,DR-4906-WA,WA,DR,2026-04-07T00:00:00.000Z,Flood,2025-12-05T00:00:00.000Z,2025-12-19T00:00:00.000Z,53,000,Tulalip Indian Reservation,2026-08-20T20:50:08.994Z
4906,DR-4906-WA,WA,DR,2026-04-07T00:00:00.000Z,Flood,2025-12-05T00:00:00.000Z,2025-12-19T00:00:00.000Z,53,000,Muckleshoot Indian Reservation,2026-08-20T20:50:08.994Z
4906,DR-4906-WA,WA,DR,2026-04-07T00:00:00.000Z,Flood,2025-12-05T00:00:00.000Z,2025-12-19T00:00:00.000Z,53,000,Nisqually Indian Reservation,2026-08-20T20:50:08.994Z
4906,DR-4906-WA,WA,DR,2026-04-07T00:00:00.000Z,Flood,2025-12-05T00:00:00.000Z,2025-12-19T00:00:00.000Z,53,000,Skokomish Indian Reservation,2026-08-20T20:50:08.994Z
4902,DR-4902-MT,MT,DR,2026-04-07T00:00:00.000Z,Straight-Line Winds,2025-12-17T00:00:00.000Z,2025-12-18T00:00:00.000Z,30,000,Fort Belknap Indian Reservation,2026-08-20T20:50:08.994Z
4902,DR-4902-MT,MT,DR,2026-04-07T00:00:00.000Z,Straight-Line Winds,2025-12-17T00:00:00.000Z,2025-12-18T00:00:00.000Z,30,000,Blackfeet Indian Reservation,2026-08-20T20:50:08.994Z
4902,DR-4902-MT,MT,DR,2026-04-07T00:00:00.000Z,Straight-Line Winds,2025-12-17T00:00:00.000Z,2025-12-18T00:00:00.000Z,30,000,Northern Cheyenne Indian Reservation,2026-08-20T20:50:08.994Z
4902,DR-4902-MT,MT,DR,2026-04-07T00:00:00.000Z,Straight-Line Winds,2025-12-17T00:00:00.000Z,2025-12-18T00:00:00.000Z,30,000,Fort Peck Indian Reservation,2026-08-20T20:50:08.994Z
4899,DR-4899-MS,MS,DR,2026-02-06T00:00:00.000Z,Winter Storm,2026-01-23T00:00:00.000Z,2026-01-27T00:00:00.000Z,28,000,Mississippi Choctaw Indian Reservation,2026-08-20T20:50:08.994Z
4591,DR-4591-AL,AL,DR,2021-03-28T00:00:00.000Z,Biological,2020-01-20T00:00:00.000Z,2023-05-11T00:00:00.000Z,01,000,Poarch Band of Creek Indians,2026-09-10T11:04:55.119Z
3650,EM-3650-WA,WA,EM,2026-08-03T00:00:00.000Z,Fire,2026-08-01T00:00:00.000Z,2026-08-31T00:00:00.000Z,53,000,Colville Indian Reservation,2026-09-10T11:04:55.119Z
3650,EM-3650-WA,WA,EM,2026-08-03T00:00:00.000Z,Fire,2026-08-01T00:00:00.000Z,2026-08-31T00:00:00.000Z,53,000,Yakama Reservation,2026-09-10T11:04:55.119Z
3650,EM-3650-WA,WA,EM,2026-08-03T00:00:00.000Z,Fire,2026-08-01T00:00:00.000Z,2026-08-31T00:00:00.000Z,53,000,Spokane Indian Reservation,2026-09-10T11:04:55.119Z
4894,DR-4894-MN,MN,DR,2025-10-22T00:00:00.000Z,Straight-Line Winds,2025-06-21T00:00:00.000Z,2025-06-21T00:00:00.000Z,27,000,Leech Lake Indian Reservation,2026-08-20T20:50:08.994Z
4890,DR-4890-SD,SD,DR,2025-09-11T00:00:00.000Z,Flood,2025-06-12T00:00:00.000Z,2025-06-16T00:00:00.000Z,46,000,Lake Traverse (Sisseton) Indian Reservation,2026-08-20T20:50:08.994Z
4887,DR-4887-MT,MT,DR,2025-09-11T00:00:00.000Z,Flood,2025-05-18T00:00:00.000Z,2025-05-22T00:00:00.000Z,30,000,Crow Indian Reservation,2026-08-20T20:50:08.994Z
4485,DR-4485-TX,TX,DR,2020-03-25T00:00:00.000Z,Biological,2020-01-20T00:00:00.000Z,2023-05-11T00:00:00.000Z,48,000,Alabama Coushatta Tribe of Texas,2026-09-11T11:08:08.591Z
3501,EM-3501-TX,TX,EM,2020-03-13T00:00:00.000Z,Biological,2020-01-20T00:00:00.000Z,2023-05-11T00:00:00.000Z,48,000,Alabama Coushatta Tribe of Texas,2026-09-11T11:08:08.591Z
3458,EM-3458-TX,TX,EM,2020-03-13T00:00:00.000Z,Biological,2020-01-20T00:00:00.000Z,2023-05-11T00:00:00.000Z,48,000,Alabama Coushatta Tribe of Texas,2026-09-11T11:08:08.591Z
4941,DR-4941-SD,SD,DR,2026-09-01T00:00:00.000Z,Severe Storm,2026-06-02T00:00:00.000Z,2026-06-04T00:00:00.000Z,46,000,Oglala Sioux Tribe of the Pine Ridge Reservation,2026-09-14T14:27:14.785Z
4886,DR-4886-NM,NM,DR,2025-07-22T00:00:00.000Z,Flood,2025-06-23T00:00:00.000Z,2025-08-05T00:00:00.000Z,35,000,Mescalero Tribe,2026-08-20T20:50:08.994Z
4880,DR-4880-MI,MI,DR,2025-07-22T00:00:00.000Z,Severe Ice Storm,2025-03-28T00:00:00.000Z,2025-03-30T00:00:00.000Z,26,000,Little Traverse Bay Indian Reservation,2026-08-20T20:50:08.994Z
4857,DR-4857-AK,AK,DR,2025-01-10T00:00:00.000Z,Severe Storm,2024-08-15T00:00:00.000Z,2024-08-18T00:00:00.000Z,02,000,Kwigillingok (ANV/ANVSA),2026-08-20T20:50:08.994Z
4853,DR-4853-AK,AK,DR,2025-01-01T00:00:00.000Z,Severe Storm,2024-08-16T00:00:00.000Z,2024-08-18T00:00:00.000Z,02,000,Kipnuk (ANV/ANVSA),2026-08-20T20:50:08.994Z
4849,DR-4849-WA,WA,DR,2024-11-26T00:00:00.000Z,Fire,2024-07-17T00:00:00.000Z,2024-08-21T00:00:00.000Z,53,000,Colville Indian Reservation,2026-08-20T20:50:08.994Z
4847,DR-4847-MT,MT,DR,2024-11-14T00:00:00.000Z,Severe Storm,2024-08-06T00:00:00.000Z,2024-08-06T00:00:00.000Z,30,000,Crow Indian Reservation,2026-08-20T20:50:08.994Z
4844,DR-4844-FL,FL,DR,2024-11-05T00:00:00.000Z,Hurricane,2024-10-05T00:00:00.000Z,2024-11-02T00:00:00.000Z,12,000,Brighton Indian Reservation,2026-08-20T20:50:08.994Z
4844,DR-4844-FL,FL,DR,2024-11-05T00:00:00.000Z,Hurricane,2024-10-05T00:00:00.000Z,2024-11-02T00:00:00.000Z,12,000,Seminole Tribe of Florida,2026-08-20T20:50:08.994Z
4844,DR-4844-FL,FL,DR,2024-11-05T00:00:00.000Z,Hurricane,2024-10-05T00:00:00.000Z,2024-11-02T00:00:00.000Z,12,000,Tampa Reservation,2026-08-20T20:50:08.994Z
4844,DR-4844-FL,FL,DR,2024-11-05T00:00:00.000Z,Hurricane,2024-10-05T00:00:00.000Z,2024-11-02T00:00:00.000Z,12,000,Immokalee Indian Reservation,2026-08-20T20:50:08.994Z
4844,DR-4844-FL,FL,DR,2024-11-05T00:00:00.000Z,Hurricane,2024-10-05T00:00:00.000Z,2024-11-02T00:00:00.000Z,12,000,Hollywood Indian Reservation,2026-08-20T20:50:08.994Z
4844,DR-4844-FL,FL,DR,2024-11-05T00:00:00.000Z,Hurricane,2024-10-05T00:00:00.000Z,2024-11-02T00:00:00.000Z,12,000,Big Cypress Indian Reservation,2026-08-20T20:50:08.994Z
4844,DR-4844-FL,FL,DR,2024-11-05T00:00:00.000Z,Hurricane,2024-10-05T00:00:00.000Z,2024-11-02T00:00:00.000Z,12,000,Fort Pierce Indian Reservation,2026-08-20T20:50:08.994Z
4842,DR-4842-SD,SD,DR,2024-11-01T00:00:00.000Z,Severe Storm,2024-07-13T00:00:00.000Z,2024-07-14T00:00:00.000Z,46,000,Cheyenne River Indian Reservation,2026-08-20T20:50:08.994Z
4840,DR-4840-AZ,AZ,DR,2024-10-25T00:00:00.000Z,Flood,2024-08-22T00:00:00.000Z,2024-08-23T00:00:00.000Z,04,000,Havasupai Indian Reservation,2026-08-20T20:50:08.994Z
4834,DR-4834-FL,FL,DR,2024-10-11T00:00:00.000Z,Hurricane,2024-10-05T00:00:00.000Z,2024-11-02T00:00:00.000Z,12,000,Miccosukee Tribe of Indians of Florida,2026-08-20T20:50:08.994Z
4833,DR-4833-AZ,AZ,DR,2024-10-04T00:00:00.000Z,Fire,2024-07-10T00:00:00.000Z,2024-07-17T00:00:00.000Z,04,000,San Carlos Indian Reservation,2026-08-20T20:50:08.994Z
4829,DR-4829-SC,SC,DR,2024-09-29T00:00:00.000Z,Hurricane,2024-09-25T00:00:00.000Z,2024-10-07T00:00:00.000Z,45,000,Catawba Indian Nation,2026-08-20T20:50:08.994Z
4827,DR-4827-NC,NC,DR,2024-09-28T00:00:00.000Z,Tropical Storm,2024-09-25T00:00:00.000Z,2024-12-18T00:00:00.000Z,37,000,Eastern Band of Cherokee Indians,2026-08-20T20:50:08.994Z
4823,DR-4823-WA,WA,DR,2024-09-24T00:00:00.000Z,Fire,2024-06-22T00:00:00.000Z,2024-07-08T00:00:00.000Z,53,000,Yakama Reservation,2026-08-20T20:50:08.994Z
4818,DR-4818-NY,NY,DR,2024-09-20T00:00:00.000Z,Tropical Storm,2024-08-08T00:00:00.000Z,2024-08-10T00:00:00.000Z,36,000,St. Regis Mohawk Indian Reservation,2026-08-20T20:50:08.994Z
4809,DR-4809-NM,NM,DR,2024-08-20T00:00:00.000Z,Flood,2024-06-20T00:00:00.000Z,2024-06-21T00:00:00.000Z,35,000,Pueblo of Santa Clara,2026-08-20T20:50:08.994Z
4802,DR-4802-OK,OK,DR,2024-07-23T00:00:00.000Z,Severe Storm,2024-03-14T00:00:00.000Z,2024-03-15T00:00:00.000Z,40,000,Chickasaw (OTSA),2026-08-20T20:50:08.994Z
4801,DR-4801-MT,MT,DR,2024-07-18T00:00:00.000Z,Severe Storm,2024-05-06T00:00:00.000Z,2024-05-09T00:00:00.000Z,30,000,Rocky Boy's Indian Reservation,2026-08-20T20:50:08.994Z
4801,DR-4801-MT,MT,DR,2024-07-18T00:00:00.000Z,Severe Storm,2024-05-06T00:00:00.000Z,2024-05-09T00:00:00.000Z,30,000,Fort Belknap Indian Reservation,2026-08-20T20:50:08.994Z
4795,DR-4795-NM,NM,DR,2024-06-20T00:00:00.000Z,Fire,2024-06-17T00:00:00.000Z,2024-08-20T00:00:00.000Z,35,000,Mescalero Tribe,2026-08-20T20:50:08.994Z
4775,DR-4775-WA,WA,DR,2024-04-28T00:00:00.000Z,Severe Storm,2024-01-05T00:00:00.000Z,2024-01-29T00:00:00.000Z,53,000,Colville Indian Reservation,2026-08-20T20:50:08.994Z
4773,DR-4773-CA,CA,DR,2024-04-19T00:00:00.000Z,Severe Storm,2024-01-30T00:00:00.000Z,2024-01-31T00:00:00.000Z,06,000,Hoopa Valley Indian Reservation,2026-08-20T20:50:08.994Z
4772,DR-4772-CA,CA,DR,2024-04-19T00:00:00.000Z,Severe Storm,2024-01-31T00:00:00.000Z,2024-02-09T00:00:00.000Z,06,000,Morongo Indian Reservation,2026-08-20T20:50:08.994Z
4768,DR-4768-OR,OR,DR,2024-04-13T00:00:00.000Z,Severe Storm,2024-01-10T00:00:00.000Z,2024-01-22T00:00:00.000Z,41,000,Siletz Indian Reservation,2026-08-20T20:50:08.994Z
4763,DR-4763-AK,AK,DR,2024-03-15T00:00:00.000Z,Mud/Landslide,2023-11-20T00:00:00.000Z,2023-11-20T00:00:00.000Z,02,000,Wrangell (ANV/ANVSA),2026-08-20T20:50:08.994Z
4763,DR-4763-AK,AK,DR,2024-03-15T00:00:00.000Z,Mud/Landslide,2023-11-20T00:00:00.000Z,2023-11-20T00:00:00.000Z,02,000,Sealaska (Native Regional Corporation),2026-08-20T20:50:08.994Z
4746,DR-4746-CA,CA,DR,2023-10-18T00:00:00.000Z,Tropical Storm,2023-08-19T00:00:00.000Z,2023-08-21T00:00:00.000Z,06,000,Agua Caliente Indian Reservation,2026-08-20T20:50:08.994Z
4743,DR-4743-CA,CA,DR,2023-09-27T00:00:00.000Z,Hurricane,2023-08-19T00:00:00.000Z,2023-08-21T00:00:00.000Z,06,000,La Jolla Indian Reservation,2026-08-20T20:50:08.994Z
4733,DR-4733-OR,OR,DR,2023-08-28T00:00:00.000Z,Mud/Landslide,2023-06-11T00:00:00.000Z,2023-06-12T00:00:00.000Z,41,000,Burns Paiute Indian Reservation,2026-08-20T20:50:08.994Z
4727,DR-4727-MS,MS,DR,2023-08-12T00:00:00.000Z,Severe Storm,2023-06-14T00:00:00.000Z,2023-06-19T00:00:00.000Z,28,000,Mississippi Choctaw Indian Reservation,2026-08-20T20:50:08.994Z
4726,DR-4726-MT,MT,DR,2023-08-12T00:00:00.000Z,Flood,2023-04-10T00:00:00.000Z,2023-04-26T00:00:00.000Z,30,000,Fort Peck Indian Reservation,2026-08-20T20:50:08.994Z
4722,DR-4722-MN,MN,DR,2023-07-19T00:00:00.000Z,Flood,2023-04-11T00:00:00.000Z,2023-04-30T00:00:00.000Z,27,000,Prairie Island Community (Indian Reservation),2026-08-20T20:50:08.994Z
4718,DR-4718-SD,SD,DR,2023-07-06T00:00:00.000Z,Flood,2023-04-09T00:00:00.000Z,2023-05-05T00:00:00.000Z,46,000,Lake Traverse (Sisseton) Indian Reservation,2026-08-20T20:50:08.994Z
4714,DR-4714-CA,CA,DR,2023-05-25T00:00:00.000Z,Severe Storm,2023-03-11T00:00:00.000Z,2023-03-16T00:00:00.000Z,06,000,Soboba Indian Reservation,2026-08-20T20:50:08.994Z
4713,DR-4713-CA,CA,DR,2023-05-18T00:00:00.000Z,Severe Storm,2023-02-23T00:00:00.000Z,2023-02-26T00:00:00.000Z,06,000,Soboba Indian Reservation,2026-08-20T20:50:08.994Z
4707,DR-4707-CA,CA,DR,2023-04-25T00:00:00.000Z,Winter Storm,2023-02-14T00:00:00.000Z,2023-03-05T00:00:00.000Z,06,000,Hoopa Valley Indian Reservation,2026-08-20T20:50:08.994Z
4703,DR-4703-AZ,AZ,DR,2023-04-11T00:00:00.000Z,Severe Storm,2023-01-14T00:00:00.000Z,2023-01-17T00:00:00.000Z,04,000,Navajo Nation Reservation (Also NM and UT),2026-08-20T20:50:08.994Z
4692,DR-4692-CA,CA,DR,2023-03-08T00:00:00.000Z,Earthquake,2022-12-20T00:00:00.000Z,2023-01-01T00:00:00.000Z,06,000,Rohnerville Rancheria (Indian Reservation),2026-08-20T20:50:08.994Z
4690,DR-4690-OK,OK,DR,2023-03-03T00:00:00.000Z,Severe Storm,2022-12-21T00:00:00.000Z,2022-12-25T00:00:00.000Z,40,000,Creek (OTSA),2026-08-20T20:50:08.994Z
4688,DR-4688-SD,SD,DR,2023-02-20T00:00:00.000Z,Winter Storm,2022-12-12T00:00:00.000Z,2022-12-25T00:00:00.000Z,46,000,Oglala Sioux Tribe of the Pine Ridge Reservation,2026-08-20T20:50:08.994Z
4687,DR-4687-SD,SD,DR,2023-02-20T00:00:00.000Z,Winter Storm,2022-12-12T00:00:00.000Z,2022-12-25T00:00:00.000Z,46,000,Rosebud Indian Reservation,2026-08-20T20:50:08.994Z
4681,DR-4681-AZ,AZ,DR,2022-12-30T00:00:00.000Z,Flood,2022-10-01T00:00:00.000Z,2022-10-02T00:00:00.000Z,04,000,Havasupai Indian Reservation,2026-08-20T20:50:08.994Z
4680,DR-4680-FL,FL,DR,2022-12-13T00:00:00.000Z,Hurricane,2022-11-07T00:00:00.000Z,2022-11-30T00:00:00.000Z,12,000,Miccosukee Tribe of Indians of Florida,2026-08-20T20:50:08.994Z
4680,DR-4680-FL,FL,DR,2022-12-13T00:00:00.000Z,Hurricane,2022-11-07T00:00:00.000Z,2022-11-30T00:00:00.000Z,12,000,Seminole Tribe of Florida,2026-08-20T20:50:08.994Z
4675,DR-4675-FL,FL,DR,2022-09-30T00:00:00.000Z,Hurricane,2022-09-23T00:00:00.000Z,2022-11-04T00:00:00.000Z,12,000,Fort Pierce Indian Reservation,2026-08-20T20:50:08.994Z
4675,DR-4675-FL,FL,DR,2022-09-30T00:00:00.000Z,Hurricane,2022-09-23T00:00:00.000Z,2022-11-04T00:00:00.000Z,12,000,Hollywood Indian Reservation,2026-08-20T20:50:08.994Z
4675,DR-4675-FL,FL,DR,2022-09-30T00:00:00.000Z,Hurricane,2022-09-23T00:00:00.000Z,2022-11-04T00:00:00.000Z,12,000,Tampa Reservation,2026-08-20T20:50:08.994Z
4675,DR-4675-FL,FL,DR,2022-09-30T00:00:00.000Z,Hurricane,2022-09-23T00:00:00.000Z,2022-11-04T00:00:00.000Z,12,000,Immokalee Indian Reservation,2026-08-20T20:50:08.994Z
4675,DR-4675-FL,FL,DR,2022-09-30T00:00:00.000Z,Hurricane,2022-09-23T00:00:00.000Z,2022-11-04T00:00:00.000Z,12,000,Brighton Indian Reservation,2026-08-20T20:50:08.994Z
4675,DR-4675-FL,FL,DR,2022-09-30T00:00:00.000Z,Hurricane,2022-09-23T00:00:00.000Z,2022-11-04T00:00:00.000Z,12,000,Big Cypress Indian Reservation,2026-08-20T20:50:08.994Z
4673,DR-4673-FL,FL,DR,2022-09-29T00:00:00.000Z,Hurricane,2022-09-23T00:00:00.000Z,2022-11-04T00:00:00.000Z,12,000,Hollywood Indian Reservation,2026-08-20T20:50:08.994Z
4673,DR-4673-FL,FL,DR,2022-09-29T00:00:00.000Z,Hurricane,2022-09-23T00:00:00.000Z,2022-11-04T00:00:00.000Z,12,000,Miccosukee Tribe of Indians of Florida,2026-08-20T20:50:08.994Z
4670,DR-4670-OK,OK,DR,2022-09-20T00:00:00.000Z,Severe Storm,2022-05-02T00:00:00.000Z,2022-05-08T00:00:00.000Z,40,000,Creek (OTSA),2026-08-20T20:50:08.994Z
4669,DR-4669-AS,AS,DR,2022-09-15T00:00:00.000Z,Severe Storm,2022-07-12T00:00:00.000Z,2022-07-15T00:00:00.000Z,60,000,Statewide,2026-08-20T20:50:08.994Z
4668,DR-4668-AZ,AZ,DR,2022-09-02T00:00:00.000Z,Severe Storm,2022-07-17T00:00:00.000Z,2022-07-18T00:00:00.000Z,04,000,Salt River Pima-Maricopa Indian Community,2026-08-20T20:50:08.994Z
4659,DR-4659-MN,MN,DR,2022-07-13T00:00:00.000Z,Flood,2022-04-22T00:00:00.000Z,2022-06-15T00:00:00.000Z,27,000,White Earth Indian Reservation,2026-08-20T20:50:08.994Z
4659,DR-4659-MN,MN,DR,2022-07-13T00:00:00.000Z,Flood,2022-04-22T00:00:00.000Z,2022-06-15T00:00:00.000Z,27,000,Leech Lake Indian Reservation,2026-08-20T20:50:08.994Z
4659,DR-4659-MN,MN,DR,2022-07-13T00:00:00.000Z,Flood,2022-04-22T00:00:00.000Z,2022-06-15T00:00:00.000Z,27,000,Red Lake Indian Reservation,2026-08-20T20:50:08.994Z
4659,DR-4659-MN,MN,DR,2022-07-13T00:00:00.000Z,Flood,2022-04-22T00:00:00.000Z,2022-06-15T00:00:00.000Z,27,000,Bois Forte (Nett Lake) Indian Reservation,2026-08-20T20:50:08.994Z
4656,DR-4656-SD,SD,DR,2022-06-29T00:00:00.000Z,Severe Storm,2022-05-12T00:00:00.000Z,2022-05-12T00:00:00.000Z,46,000,Lake Traverse (Sisseton) Indian Reservation,2026-08-20T20:50:08.994Z
4656,DR-4656-SD,SD,DR,2022-06-29T00:00:00.000Z,Severe Storm,2022-05-12T00:00:00.000Z,2022-05-12T00:00:00.000Z,46,000,Flandreau Indian Reservation,2026-08-20T20:50:08.994Z
4653,DR-4653-RI,RI,DR,2022-05-12T00:00:00.000Z,Snowstorm,2022-01-28T00:00:00.000Z,2022-01-29T00:00:00.000Z,44,000,Narragansett Indian Reservation,2026-08-20T20:50:08.994Z
4651,DR-4651-MA,MA,DR,2022-04-18T00:00:00.000Z,Snowstorm,2022-01-28T00:00:00.000Z,2022-01-29T00:00:00.000Z,25,000,Mashpee Wampanoag Tribe,2026-08-20T20:50:08.994Z
4650,DR-4650-WA,WA,DR,2022-03-29T00:00:00.000Z,Flood,2021-12-26T00:00:00.000Z,2022-01-15T00:00:00.000Z,53,000,Shoalwater Bay Reservation,2026-08-20T20:50:08.994Z
4650,DR-4650-WA,WA,DR,2022-03-29T00:00:00.000Z,Flood,2021-12-26T00:00:00.000Z,2022-01-15T00:00:00.000Z,53,000,Hoh Indian Reservation,2026-08-20T20:50:08.994Z
4650,DR-4650-WA,WA,DR,2022-03-29T00:00:00.000Z,Flood,2021-12-26T00:00:00.000Z,2022-01-15T00:00:00.000Z,53,000,Chehalis Indian Reservation,2026-08-20T20:50:08.994Z
4650,DR-4650-WA,WA,DR,2022-03-29T00:00:00.000Z,Flood,2021-12-26T00:00:00.000Z,2022-01-15T00:00:00.000Z,53,000,Skokomish Indian Reservation,2026-08-20T20:50:08.994Z
4650,DR-4650-WA,WA,DR,2022-03-29T00:00:00.000Z,Flood,2021-12-26T00:00:00.000Z,2022-01-15T00:00:00.000Z,53,000,Squaxin Island Indian Reservation,2026-08-20T20:50:08.994Z
4650,DR-4650-WA,WA,DR,2022-03-29T00:00:00.000Z,Flood,2021-12-26T00:00:00.000Z,2022-01-15T00:00:00.000Z,53,000,Swinomish Indian Reservation,2026-08-20T20:50:08.994Z
4650,DR-4650-WA,WA,DR,2022-03-29T00:00:00.000Z,Flood,2021-12-26T00:00:00.000Z,2022-01-15T00:00:00.000Z,53,000,Upper Skagit Indian Reservation,2026-08-20T20:50:08.994Z
4650,DR-4650-WA,WA,DR,2022-03-29T00:00:00.000Z,Flood,2021-12-26T00:00:00.000Z,2022-01-15T00:00:00.000Z,53,000,Quinault Indian Reservation,2026-08-20T20:50:08.994Z
4650,DR-4650-WA,WA,DR,2022-03-29T00:00:00.000Z,Flood,2021-12-26T00:00:00.000Z,2022-01-15T00:00:00.000Z,53,000,Nisqually Indian Reservation,2026-08-20T20:50:08.994Z
4635,DR-4635-WA,WA,DR,2022-01-05T00:00:00.000Z,Flood,2021-11-05T00:00:00.000Z,2021-12-02T00:00:00.000Z,53,000,Nooksack Indian Reservation,2026-08-20T20:50:08.994Z
4635,DR-4635-WA,WA,DR,2022-01-05T00:00:00.000Z,Flood,2021-11-05T00:00:00.000Z,2021-12-02T00:00:00.000Z,53,000,Swinomish Indian Reservation,2026-08-20T20:50:08.994Z
4635,DR-4635-WA,WA,DR,2022-01-05T00:00:00.000Z,Flood,2021-11-05T00:00:00.000Z,2021-12-02T00:00:00.000Z,53,000,Quileute Indian Reservation,2026-08-20T20:50:08.994Z
4635,DR-4635-WA,WA,DR,2022-01-05T00:00:00.000Z,Flood,2021-11-05T00:00:00.000Z,2021-12-02T00:00:00.000Z,53,000,Lummi Indian Reservation,2026-08-20T20:50:08.994Z
4635,DR-4635-WA,WA,DR,2022-01-05T00:00:00.000Z,Flood,2021-11-05T00:00:00.000Z,2021-12-02T00:00:00.000Z,53,000,Hoh Indian Reservation,2026-08-20T20:50:08.994Z
4631,DR-4631-WA,WA,DR,2021-12-21T00:00:00.000Z,Fire,2021-07-12T00:00:00.000Z,2021-08-08T00:00:00.000Z,53,000,Colville Indian Reservation,2026-08-20T20:50:08.994Z
4629,DR-4629-CT,CT,DR,2021-10-30T00:00:00.000Z,Hurricane,2021-09-01T00:00:00.000Z,2021-09-02T00:00:00.000Z,09,000,Mashantucket Pequot Indian Reservation,2026-08-20T20:50:08.994Z
4629,DR-4629-CT,CT,DR,2021-10-30T00:00:00.000Z,Hurricane,2021-09-01T00:00:00.000Z,2021-09-02T00:00:00.000Z,09,000,Mohegan Trust Lands,2026-08-20T20:50:08.994Z
4623,DR-4623-MT,MT,DR,2021-09-30T00:00:00.000Z,Fire,2021-08-08T00:00:00.000Z,2021-08-20T00:00:00.000Z,30,000,Northern Cheyenne Indian Reservation,2026-08-20T20:50:08.994Z
4599,DR-4599-OR,OR,DR,2021-05-04T00:00:00.000Z,Severe Storm,2021-02-11T00:00:00.000Z,2021-02-15T00:00:00.000Z,41,000,Grand Ronde Indian Reservation,2026-08-20T20:50:08.994Z
4598,DR-4598-MS,MS,DR,2021-05-04T00:00:00.000Z,Severe Ice Storm,2021-02-11T00:00:00.000Z,2021-02-19T00:00:00.000Z,28,000,Mississippi Choctaw Indian Reservation,2026-08-20T20:50:08.994Z
4593,DR-4593-WA,WA,DR,2021-04-08T00:00:00.000Z,Severe Storm,2020-12-29T00:00:00.000Z,2021-01-16T00:00:00.000Z,53,000,Puyallup Indian Reservation,2026-08-20T20:50:08.994Z
4584,DR-4584-WA,WA,DR,2021-02-04T00:00:00.000Z,Fire,2020-09-01T00:00:00.000Z,2020-09-19T00:00:00.000Z,53,000,Colville Indian Reservation,2026-08-20T20:50:08.994Z
4584,DR-4584-WA,WA,DR,2021-02-04T00:00:00.000Z,Fire,2020-09-01T00:00:00.000Z,2020-09-19T00:00:00.000Z,53,000,Yakama Reservation,2026-08-20T20:50:08.994Z
4582,DR-4582-AZ,AZ,DR,2021-02-02T00:00:00.000Z,Biological,2020-01-20T00:00:00.000Z,2023-05-11T00:00:00.000Z,04,000,Navajo Nation Reservation (Also NM and UT),2026-08-20T20:50:08.994Z
4580,DR-4580-CT,CT,DR,2021-01-12T00:00:00.000Z,Hurricane,2020-08-04T00:00:00.000Z,2020-08-04T00:00:00.000Z,09,000,Mohegan Trust Lands,2026-08-20T20:50:08.994Z
4580,DR-4580-CT,CT,DR,2021-01-12T00:00:00.000Z,Hurricane,2020-08-04T00:00:00.000Z,2020-08-04T00:00:00.000Z,09,000,Mashantucket Pequot Indian Reservation,2026-08-20T20:50:08.994Z
4563,DR-4563-AL,AL,DR,2020-09-20T00:00:00.000Z,Hurricane,2020-09-14T00:00:00.000Z,2020-09-16T00:00:00.000Z,01,000,Poarch Band of Creek Indians,2026-08-20T20:50:08.994Z
4561,DR-4561-IA,IA,DR,2020-09-10T00:00:00.000Z,Severe Storm,2020-08-10T00:00:00.000Z,2020-08-10T00:00:00.000Z,19,000,Sac and Fox Tribe of the Mississippi in Iowa,2026-08-20T20:50:08.994Z
4545,DR-4545-FL,FL,DR,2020-05-08T00:00:00.000Z,Biological,2020-01-20T00:00:00.000Z,2023-05-11T00:00:00.000Z,12,000,Brighton Indian Reservation,2026-08-20T20:50:08.994Z
4545,DR-4545-FL,FL,DR,2020-05-08T00:00:00.000Z,Biological,2020-01-20T00:00:00.000Z,2023-05-11T00:00:00.000Z,12,000,Hollywood Indian Reservation,2026-08-20T20:50:08.994Z
4545,DR-4545-FL,FL,DR,2020-05-08T00:00:00.000Z,Biological,2020-01-20T00:00:00.000Z,2023-05-11T00:00:00.000Z,12,000,Seminole Tribe of Florida,2026-08-20T20:50:08.994Z
4545,DR-4545-FL,FL,DR,2020-05-08T00:00:00.000Z,Biological,2020-01-20T00:00:00.000Z,2023-05-11T00:00:00.000Z,12,000,Fort Pierce Indian Reservation,2026-08-20T20:50:08.994Z
4545,DR-4545-FL,FL,DR,2020-05-08T00:00:00.000Z,Biological,2020-01-20T00:00:00.000Z,2023-05-11T00:00:00.000Z,12,000,Immokalee Indian Reservation,2026-08-20T20:50:08.994Z
4545,DR-4545-FL,FL,DR,2020-05-08T00:00:00.000Z,Biological,2020-01-20T00:00:00.000Z,2023-05-11T00:00:00.000Z,12,000,Tampa Reservation,2026-08-20T20:50:08.994Z
4545,DR-4545-FL,FL,DR,2020-05-08T00:00:00.000Z,Biological,2020-01-20T00:00:00.000Z,2023-05-11T00:00:00.000Z,12,000,Big Cypress Indian Reservation,2026-08-20T20:50:08.994Z
4535,DR-4535-WY,WY,DR,2020-04-11T00:00:00.000Z,Biological,2020-01-20T00:00:00.000Z,2023-05-11T00:00:00.000Z,56,000,Wind River Indian Reservation,2026-08-20T20:50:08.994Z
4534,DR-4534-ID,ID,DR,2020-04-09T00:00:00.000Z,Biological,2020-01-20T00:00:00.000Z,2023-05-11T00:00:00.000Z,16,000,Fort Hall Indian Reservation,2026-08-20T20:50:08.994Z
4534,DR-4534-ID,ID,DR,2020-04-09T00:00:00.000Z,Biological,2020-01-20T00:00:00.000Z,2023-05-11T00:00:00.000Z,16,000,Nez Perce Indian Reservation,2026-08-20T20:50:08.994Z
4534,DR-4534-ID,ID,DR,2020-04-09T00:00:00.000Z,Biological,2020-01-20T00:00:00.000Z,2023-05-11T00:00:00.000Z,16,000,Duck Valley Indian Reservation (Also NV),2026-08-20T20:50:08.994Z
4534,DR-4534-ID,ID,DR,2020-04-09T00:00:00.000Z,Biological,2020-01-20T00:00:00.000Z,2023-05-11T00:00:00.000Z,16,000,Coeur d'Alene Indian Reservation,2026-08-20T20:50:08.994Z
4534,DR-4534-ID,ID,DR,2020-04-09T00:00:00.000Z,Biological,2020-01-20T00:00:00.000Z,2023-05-11T00:00:00.000Z,16,000,Kootenai Indian Reservation,2026-08-20T20:50:08.994Z
4533,DR-4533-AK,AK,DR,2020-04-09T00:00:00.000Z,Biological,2020-01-20T00:00:00.000Z,2023-05-11T00:00:00.000Z,02,000,Unalaska (ANV/ANVSA),2026-08-20T20:50:08.994Z
4533,DR-4533-AK,AK,DR,2020-04-09T00:00:00.000Z,Biological,2020-01-20T00:00:00.000Z,2023-05-11T00:00:00.000Z,02,000,Tetlin (TDSA),2026-08-20T20:50:08.994Z
4533,DR-4533-AK,AK,DR,2020-04-09T00:00:00.000Z,Biological,2020-01-20T00:00:00.000Z,2023-05-11T00:00:00.000Z,02,000,Toksook Bay (ANV/ANVSA),2026-08-20T20:50:08.994Z
4533,DR-4533-AK,AK,DR,2020-04-09T00:00:00.000Z,Biological,2020-01-20T00:00:00.000Z,2023-05-11T00:00:00.000Z,02,000,White Mountain (ANV/ANVSA),2026-08-20T20:50:08.994Z
4533,DR-4533-AK,AK,DR,2020-04-09T00:00:00.000Z,Biological,2020-01-20T00:00:00.000Z,2023-05-11T00:00:00.000Z,02,000,Tununak (ANV/ANVSA),2026-08-20T20:50:08.994Z
4533,DR-4533-AK,AK,DR,2020-04-09T00:00:00.000Z,Biological,2020-01-20T00:00:00.000Z,2023-05-11T00:00:00.000Z,02,000,Togiak (ANV/ANVSA),2026-08-20T20:50:08.994Z
4533,DR-4533-AK,AK,DR,2020-04-09T00:00:00.000Z,Biological,2020-01-20T00:00:00.000Z,2023-05-11T00:00:00.000Z,02,000,Wainwright (ANV/ANVSA),2026-08-20T20:50:08.994Z
4533,DR-4533-AK,AK,DR,2020-04-09T00:00:00.000Z,Biological,2020-01-20T00:00:00.000Z,2023-05-11T00:00:00.000Z,02,000,Teller (ANV/ANVSA),2026-08-20T20:50:08.994Z
4533,DR-4533-AK,AK,DR,2020-04-09T00:00:00.000Z,Biological,2020-01-20T00:00:00.000Z,2023-05-11T00:00:00.000Z,02,000,Stebbins (ANV/ANVSA),2026-08-20T20:50:08.994Z
4533,DR-4533-AK,AK,DR,2020-04-09T00:00:00.000Z,Biological,2020-01-20T00:00:00.000Z,2023-05-11T00:00:00.000Z,02,000,Takotna (ANV/ANVSA),2026-08-20T20:50:08.994Z
4533,DR-4533-AK,AK,DR,2020-04-09T00:00:00.000Z,Biological,2020-01-20T00:00:00.000Z,2023-05-11T00:00:00.000Z,02,000,Tetlin (ANV/ANVSA),2026-08-20T20:50:08.994Z
4533,DR-4533-AK,AK,DR,2020-04-09T00:00:00.000Z,Biological,2020-01-20T00:00:00.000Z,2023-05-11T00:00:00.000Z,02,000,Tyonek (ANV/ANVSA),2026-08-20T20:50:08.994Z
4533,DR-4533-AK,AK,DR,2020-04-09T00:00:00.000Z,Biological,2020-01-20T00:00:00.000Z,2023-05-11T00:00:00.000Z,02,000,Tanana (ANV/ANVSA),2026-08-20T20:50:08.994Z
4533,DR-4533-AK,AK,DR,2020-04-09T00:00:00.000Z,Biological,2020-01-20T00:00:00.000Z,2023-05-11T00:00:00.000Z,02,000,Tatitlek (ANV/ANVSA),2026-08-20T20:50:08.994Z
4533,DR-4533-AK,AK,DR,2020-04-09T00:00:00.000Z,Biological,2020-01-20T00:00:00.000Z,2023-05-11T00:00:00.000Z,02,000,Tok (ANV/ANVSA),2026-08-20T20:50:08.994Z
4533,DR-4533-AK,AK,DR,2020-04-09T00:00:00.000Z,Biological,2020-01-20T00:00:00.000Z,2023-05-11T00:00:00.000Z,02,000,Venetie (ANV/ANVSA),2026-08-20T20:50:08.994Z
4533,DR-4533-AK,AK,DR,2020-04-09T00:00:00.000Z,Biological,2020-01-20T00:00:00.000Z,2023-05-11T00:00:00.000Z,02,000,Stony River (ANV/ANVSA),2026-08-20T20:50:08.994Z
4533,DR-4533-AK,AK,DR,2020-04-09T00:00:00.000Z,Biological,2020-01-20T00:00:00.000Z,2023-05-11T00:00:00.000Z,02,000,Wales (ANV/ANVSA),2026-08-20T20:50:08.994Z
4533,DR-4533-AK,AK,DR,2020-04-09T00:00:00.000Z,Biological,2020-01-20T00:00:00.000Z,2023-05-11T00:00:00.000Z,02,000,Unalakleet (ANV/ANVSA),2026-08-20T20:50:08.994Z
4533,DR-4533-AK,AK,DR,2020-04-09T00:00:00.000Z,Biological,2020-01-20T00:00:00.000Z,2023-05-11T00:00:00.000Z,02,000,Tuluksak (ANV/ANVSA),2026-08-20T20:50:08.994Z
4533,DR-4533-AK,AK,DR,2020-04-09T00:00:00.000Z,Biological,2020-01-20T00:00:00.000Z,2023-05-11T00:00:00.000Z,02,000,Tanacross (ANV/ANVSA),2026-08-20T20:50:08.994Z
4533,DR-4533-AK,AK,DR,2020-04-09T00:00:00.000Z,Biological,2020-01-20T00:00:00.000Z,2023-05-11T00:00:00.000Z,02,000,Twin Hills (ANV/ANVSA),2026-08-20T20:50:08.994Z
4533,DR-4533-AK,AK,DR,2020-04-09T00:00:00.000Z,Biological,2020-01-20T00:00:00.000Z,2023-05-11T00:00:00.000Z,02,000,Yakutat (ANV/ANVSA),2026-08-20T20:50:08.994Z
4533,DR-4533-AK,AK,DR,2020-04-09T00:00:00.000Z,Biological,2020-01-20T00:00:00.000Z,2023-05-11T00:00:00.000Z,02,000,Tuntutuliak (ANV/ANVSA),2026-08-20T20:50:08.994Z
4533,DR-4533-AK,AK,DR,2020-04-09T00:00:00.000Z,Biological,2020-01-20T00:00:00.000Z,2023-05-11T00:00:00.000Z,02,000,Stevens Village (ANV/ANVSA),2026-08-20T20:50:08.994Z
4531,DR-4531-MN,MN,DR,2020-04-07T00:00:00.000Z,Biological,2020-01-20T00:00:00.000Z,2023-05-11T00:00:00.000Z,27,000,Deer Creek Indian Reservation,2026-08-20T20:50:08.994Z
4531,DR-4531-MN,MN,DR,2020-04-07T00:00:00.000Z,Biological,2020-01-20T00:00:00.000Z,2023-05-11T00:00:00.000Z,27,000,Mille Lacs Indian Reservation,2026-08-20T20:50:08.994Z
4531,DR-4531-MN,MN,DR,2020-04-07T00:00:00.000Z,Biological,2020-01-20T00:00:00.000Z,2023-05-11T00:00:00.000Z,27,000,Fond du Lac Indian Reservation,2026-08-20T20:50:08.994Z
4531,DR-4531-MN,MN,DR,2020-04-07T00:00:00.000Z,Biological,2020-01-20T00:00:00.000Z,2023-05-11T00:00:00.000Z,27,000,Ho-Chunk Reservation and Trust Lands (Also WI),2026-08-20T20:50:08.994Z
4531,DR-4531-MN,MN,DR,2020-04-07T00:00:00.000Z,Biological,2020-01-20T00:00:00.000Z,2023-05-11T00:00:00.000Z,27,000,Shakopee Community (Indian Reservation),2026-08-20T20:50:08.994Z
4531,DR-4531-MN,MN,DR,2020-04-07T00:00:00.000Z,Biological,2020-01-20T00:00:00.000Z,2023-05-11T00:00:00.000Z,27,000,Upper Sioux Community (Indian Reservation),2026-08-20T20:50:08.994Z
4531,DR-4531-MN,MN,DR,2020-04-07T00:00:00.000Z,Biological,2020-01-20T00:00:00.000Z,2023-05-11T00:00:00.000Z,27,000,White Earth Indian Reservation,2026-08-20T20:50:08.994Z
4531,DR-4531-MN,MN,DR,2020-04-07T00:00:00.000Z,Biological,2020-01-20T00:00:00.000Z,2023-05-11T00:00:00.000Z,27,000,Sandy Lake Indian Reservation,2026-08-20T20:50:08.994Z
4531,DR-4531-MN,MN,DR,2020-04-07T00:00:00.000Z,Biological,2020-01-20T00:00:00.000Z,2023-05-11T00:00:00.000Z,27,000,Grand Portage Indian Reservation,2026-08-20T20:50:08.994Z
4531,DR-4531-MN,MN,DR,2020-04-07T00:00:00.000Z,Biological,2020-01-20T00:00:00.000Z,2023-05-11T00:00:00.000Z,27,000,Lower Sioux Community (Indian Reservation),2026-08-20T20:50:08.994Z
4531,DR-4531-MN,MN,DR,2020-04-07T00:00:00.000Z,Biological,2020-01-20T00:00:00.000Z,2023-05-11T00:00:00.000Z,27,000,Leech Lake Indian Reservation,2026-08-20T20:50:08.994Z
4531,DR-4531-MN,MN,DR,2020-04-07T00:00:00.000Z,Biological,2020-01-20T00:00:00.000Z,2023-05-11T00:00:00.000Z,27,000,Bois Forte (Nett Lake) Indian Reservation,2026-08-20T20:50:08.994Z
4531,DR-4531-MN,MN,DR,2020-04-07T00:00:00.000Z,Biological,2020-01-20T00:00:00.000Z,2023-05-11T00:00:00.000Z,27,000,Vermillion Lake Indian Reservation,2026-08-20T20:50:08.994Z
4531,DR-4531-MN,MN,DR,2020-04-07T00:00:00.000Z,Biological,2020-01-20T00:00:00.000Z,2023-05-11T00:00:00.000Z,27,000,Prairie Island Community (Indian Reservation),2026-08-20T20:50:08.994Z
4531,DR-4531-MN,MN,DR,2020-04-07T00:00:00.000Z,Biological,2020-01-20T00:00:00.000Z,2023-05-11T00:00:00.000Z,27,000,Red Lake Indian Reservation,2026-08-20T20:50:08.994Z
4531,DR-4531-MN,MN,DR,2020-04-07T00:00:00.000Z,Biological,2020-01-20T00:00:00.000Z,2023-05-11T00:00:00.000Z,27,000,Minnesota Chippewa Indian Trust Lands,2026-08-20T20:50:08.994Z
4530,DR-4530-OK,OK,DR,2020-04-05T00:00:00.000Z,Biological,2020-01-20T00:00:00.000Z,2023-05-11T00:00:00.000Z,40,000,Absentee Shawnee-Citizens Band of Potawatomi (TJSA),2026-08-20T20:50:08.994Z
4530,DR-4530-OK,OK,DR,2020-04-05T00:00:00.000Z,Biological,2020-01-20T00:00:00.000Z,2023-05-11T00:00:00.000Z,40,000,Quapaw (OTSA),2026-08-20T20:50:08.994Z
4530,DR-4530-OK,OK,DR,2020-04-05T00:00:00.000Z,Biological,2020-01-20T00:00:00.000Z,2023-05-11T00:00:00.000Z,40,000,Osage Indian Reservation,2026-08-20T20:50:08.994Z
4530,DR-4530-OK,OK,DR,2020-04-05T00:00:00.000Z,Biological,2020-01-20T00:00:00.000Z,2023-05-11T00:00:00.000Z,40,000,Choctaw,2026-08-20T20:50:08.994Z
4530,DR-4530-OK,OK,DR,2020-04-05T00:00:00.000Z,Biological,2020-01-20T00:00:00.000Z,2023-05-11T00:00:00.000Z,40,000,Tonkawa (OTSA),2026-08-20T20:50:08.994Z
4530,DR-4530-OK,OK,DR,2020-04-05T00:00:00.000Z,Biological,2020-01-20T00:00:00.000Z,2023-05-11T00:00:00.000Z,40,000,Creek (OTSA),2026-08-20T20:50:08.994Z
4530,DR-4530-OK,OK,DR,2020-04-05T00:00:00.000Z,Biological,2020-01-20T00:00:00.000Z,2023-05-11T00:00:00.000Z,40,000,Wyandotte (OTSA),2026-08-20T20:50:08.994Z
4530,DR-4530-OK,OK,DR,2020-04-05T00:00:00.000Z,Biological,2020-01-20T00:00:00.000Z,2023-05-11T00:00:00.000Z,40,000,Choctaw (OTSA),2026-08-20T20:50:08.994Z
4530,DR-4530-OK,OK,DR,2020-04-05T00:00:00.000Z,Biological,2020-01-20T00:00:00.000Z,2023-05-11T00:00:00.000Z,40,000,Iowa (OTSA),2026-08-20T20:50:08.994Z
4530,DR-4530-OK,OK,DR,2020-04-05T00:00:00.000Z,Biological,2020-01-20T00:00:00.000Z,2023-05-11T00:00:00.000Z,40,000,Eastern Shawnee-Wyandotte (OTSA),2026-08-20T20:50:08.994Z
4530,DR-4530-OK,OK,DR,2020-04-05T00:00:00.000Z,Biological,2020-01-20T00:00:00.000Z,2023-05-11T00:00:00.000Z,40,000,Cherokee (TJSA),2026-08-20T20:50:08.994Z
4530,DR-4530-OK,OK,DR,2020-04-05T00:00:00.000Z,Biological,2020-01-20T00:00:00.000Z,2023-05-11T00:00:00.000Z,40,000,Iowa-Sac and Fox Joint Area (OTSA),2026-08-20T20:50:08.994Z
4530,DR-4530-OK,OK,DR,2020-04-05T00:00:00.000Z,Biological,2020-01-20T00:00:00.000Z,2023-05-11T00:00:00.000Z,40,000,Kiowa-Comanche-Apache-Fort Sill Apache-Caddo-Wichita,2026-08-20T20:50:08.994Z
4530,DR-4530-OK,OK,DR,2020-04-05T00:00:00.000Z,Biological,2020-01-20T00:00:00.000Z,2023-05-11T00:00:00.000Z,40,000,Seneca-Cayuga (OTSA),2026-08-20T20:50:08.994Z
4530,DR-4530-OK,OK,DR,2020-04-05T00:00:00.000Z,Biological,2020-01-20T00:00:00.000Z,2023-05-11T00:00:00.000Z,40,000,Miami-Peoria (Joint Area),2026-08-20T20:50:08.994Z
4530,DR-4530-OK,OK,DR,2020-04-05T00:00:00.000Z,Biological,2020-01-20T00:00:00.000Z,2023-05-11T00:00:00.000Z,40,000,Miami (OTSA),2026-08-20T20:50:08.994Z
4530,DR-4530-OK,OK,DR,2020-04-05T00:00:00.000Z,Biological,2020-01-20T00:00:00.000Z,2023-05-11T00:00:00.000Z,40,000,Otoe-Missouria (OTSA),2026-08-20T20:50:08.994Z
4530,DR-4530-OK,OK,DR,2020-04-05T00:00:00.000Z,Biological,2020-01-20T00:00:00.000Z,2023-05-11T00:00:00.000Z,40,000,Pawnee (OTSA),2026-08-20T20:50:08.994Z
4530,DR-4530-OK,OK,DR,2020-04-05T00:00:00.000Z,Biological,2020-01-20T00:00:00.000Z,2023-05-11T00:00:00.000Z,40,000,Kaw (OTSA),2026-08-20T20:50:08.994Z
4530,DR-4530-OK,OK,DR,2020-04-05T00:00:00.000Z,Biological,2020-01-20T00:00:00.000Z,2023-05-11T00:00:00.000Z,40,000,Seminole (OTSA),2026-08-20T20:50:08.994Z
4530,DR-4530-OK,OK,DR,2020-04-05T00:00:00.000Z,Biological,2020-01-20T00:00:00.000Z,2023-05-11T00:00:00.000Z,40,000,Peoria (OTSA),2026-08-20T20:50:08.994Z
4530,DR-4530-OK,OK,DR,2020-04-05T00:00:00.000Z,Biological,2020-01-20T00:00:00.000Z,2023-05-11T00:00:00.000Z,40,000,Ponca (OTSA),2026-08-20T20:50:08.994Z
4530,DR-4530-OK,OK,DR,2020-04-05T00:00:00.000Z,Biological,2020-01-20T00:00:00.000Z,2023-05-11T00:00:00.000Z,40,000,Kiowa-Comanche-Apache-Fort Sill Apache (OTSA),2026-08-20T20:50:08.994Z
4530,DR-4530-OK,OK,DR,2020-04-05T00:00:00.000Z,Biological,2020-01-20T00:00:00.000Z,2023-05-11T00:00:00.000Z,40,000,Cheyenne-Arapaho (OTSA),2026-08-20T20:50:08.994Z
4530,DR-4530-OK,OK,DR,2020-04-05T00:00:00.000Z,Biological,2020-01-20T00:00:00.000Z,2023-05-11T00:00:00.000Z,40,000,Ottowa (OTSA),2026-08-20T20:50:08.994Z
4530,DR-4530-OK,OK,DR,2020-04-05T00:00:00.000Z,Biological,2020-01-20T00:00:00.000Z,2023-05-11T00:00:00.000Z,40,000,Modoc (OTSA),2026-08-20T20:50:08.994Z
4530,DR-4530-OK,OK,DR,2020-04-05T00:00:00.000Z,Biological,2020-01-20T00:00:00.000Z,2023-05-11T00:00:00.000Z,40,000,Kaw-Ponca (Joint Area),2026-08-20T20:50:08.994Z
4530,DR-4530-OK,OK,DR,2020-04-05T00:00:00.000Z,Biological,2020-01-20T00:00:00.000Z,2023-05-11T00:00:00.000Z,40,000,Eastern Shawnee (OTSA),2026-08-20T20:50:08.994Z
4530,DR-4530-OK,OK,DR,2020-04-05T00:00:00.000Z,Biological,2020-01-20T00:00:00.000Z,2023-05-11T00:00:00.000Z,40,000,Kickapoo (OTSA),2026-08-20T20:50:08.994Z
4530,DR-4530-OK,OK,DR,2020-04-05T00:00:00.000Z,Biological,2020-01-20T00:00:00.000Z,2023-05-11T00:00:00.000Z,40,000,Sac and Fox (OTSA),2026-08-20T20:50:08.994Z
4530,DR-4530-OK,OK,DR,2020-04-05T00:00:00.000Z,Biological,2020-01-20T00:00:00.000Z,2023-05-11T00:00:00.000Z,40,000,Chickasaw (OTSA),2026-08-20T20:50:08.994Z
4530,DR-4530-OK,OK,DR,2020-04-05T00:00:00.000Z,Biological,2020-01-20T00:00:00.000Z,2023-05-11T00:00:00.000Z,40,000,Cherokee (OTSA),2026-08-20T20:50:08.994Z
4530,DR-4530-OK,OK,DR,2020-04-05T00:00:00.000Z,Biological,2020-01-20T00:00:00.000Z,2023-05-11T00:00:00.000Z,40,000,Citizen Potawatomi Nation,2026-08-20T20:50:08.994Z
4530,DR-4530-OK,OK,DR,2020-04-05T00:00:00.000Z,Biological,2020-01-20T00:00:00.000Z,2023-05-11T00:00:00.000Z,40,000,Creek-Seminole Joint Area (OTSA),2026-08-20T20:50:08.994Z
4530,DR-4530-OK,OK,DR,2020-04-05T00:00:00.000Z,Biological,2020-01-20T00:00:00.000Z,2023-05-11T00:00:00.000Z,40,000,Caddo-Wichita-Delaware (OTSA),2026-08-20T20:50:08.994Z
4529,DR-4529-NM,NM,DR,2020-04-05T00:00:00.000Z,Biological,2020-01-20T00:00:00.000Z,2023-05-11T00:00:00.000Z,35,000,San Felipe/Santa Ana Joint Area,2026-08-20T20:50:08.994Z
4529,DR-4529-NM,NM,DR,2020-04-05T00:00:00.000Z,Biological,2020-01-20T00:00:00.000Z,2023-05-11T00:00:00.000Z,35,000,Jicarilla Apache Indian Reservation,2026-08-20T20:50:08.994Z
4529,DR-4529-NM,NM,DR,2020-04-05T00:00:00.000Z,Biological,2020-01-20T00:00:00.000Z,2023-05-11T00:00:00.000Z,35,000,Pueblo of Acoma,2026-08-20T20:50:08.994Z
4529,DR-4529-NM,NM,DR,2020-04-05T00:00:00.000Z,Biological,2020-01-20T00:00:00.000Z,2023-05-11T00:00:00.000Z,35,000,Alamo Navajo Indian Reservation,2026-08-20T20:50:08.994Z
4529,DR-4529-NM,NM,DR,2020-04-05T00:00:00.000Z,Biological,2020-01-20T00:00:00.000Z,2023-05-11T00:00:00.000Z,35,000,Santo Domingo Pueblo (Indian Reservation),2026-08-20T20:50:08.994Z
4529,DR-4529-NM,NM,DR,2020-04-05T00:00:00.000Z,Biological,2020-01-20T00:00:00.000Z,2023-05-11T00:00:00.000Z,35,000,Cochiti Pueblo (Indian Reservation),2026-08-20T20:50:08.994Z
4529,DR-4529-NM,NM,DR,2020-04-05T00:00:00.000Z,Biological,2020-01-20T00:00:00.000Z,2023-05-11T00:00:00.000Z,35,000,Pueblo of Picuris,2026-08-20T20:50:08.994Z
4529,DR-4529-NM,NM,DR,2020-04-05T00:00:00.000Z,Biological,2020-01-20T00:00:00.000Z,2023-05-11T00:00:00.000Z,35,000,Santa Clara Pueblo (Indian Reservation),2026-08-20T20:50:08.994Z
4529,DR-4529-NM,NM,DR,2020-04-05T00:00:00.000Z,Biological,2020-01-20T00:00:00.000Z,2023-05-11T00:00:00.000Z,35,000,San Felipe/Santo Domingo Joint Area,2026-08-20T20:50:08.994Z
4529,DR-4529-NM,NM,DR,2020-04-05T00:00:00.000Z,Biological,2020-01-20T00:00:00.000Z,2023-05-11T00:00:00.000Z,35,000,Nambe Pueblo (Indian Reservation),2026-08-20T20:50:08.994Z
4529,DR-4529-NM,NM,DR,2020-04-05T00:00:00.000Z,Biological,2020-01-20T00:00:00.000Z,2023-05-11T00:00:00.000Z,35,000,Pueblo of San Felipe,2026-08-20T20:50:08.994Z
4529,DR-4529-NM,NM,DR,2020-04-05T00:00:00.000Z,Biological,2020-01-20T00:00:00.000Z,2023-05-11T00:00:00.000Z,35,000,Navajo Nation Reservation (Also  AZ and UT),2026-08-20T20:50:08.994Z
4529,DR-4529-NM,NM,DR,2020-04-05T00:00:00.000Z,Biological,2020-01-20T00:00:00.000Z,2023-05-11T00:00:00.000Z,35,000,Pueblo of Taos,2026-08-20T20:50:08.994Z
4529,DR-4529-NM,NM,DR,2020-04-05T00:00:00.000Z,Biological,2020-01-20T00:00:00.000Z,2023-05-11T00:00:00.000Z,35,000,Jemez Pueblo (Indian Reservation),2026-08-20T20:50:08.994Z
4529,DR-4529-NM,NM,DR,2020-04-05T00:00:00.000Z,Biological,2020-01-20T00:00:00.000Z,2023-05-11T00:00:00.000Z,35,000,Zia Pueblo (Indian Reservation),2026-08-20T20:50:08.994Z
4529,DR-4529-NM,NM,DR,2020-04-05T00:00:00.000Z,Biological,2020-01-20T00:00:00.000Z,2023-05-11T00:00:00.000Z,35,000,Isleta Pueblo (Indian Reservation),2026-08-20T20:50:08.994Z
4529,DR-4529-NM,NM,DR,2020-04-05T00:00:00.000Z,Biological,2020-01-20T00:00:00.000Z,2023-05-11T00:00:00.000Z,35,000,Santa Ana Pueblo (Indian Reservation),2026-08-20T20:50:08.994Z
4529,DR-4529-NM,NM,DR,2020-04-05T00:00:00.000Z,Biological,2020-01-20T00:00:00.000Z,2023-05-11T00:00:00.000Z,35,000,Pueblo of Santa Clara,2026-08-20T20:50:08.994Z
4529,DR-4529-NM,NM,DR,2020-04-05T00:00:00.000Z,Biological,2020-01-20T00:00:00.000Z,2023-05-11T00:00:00.000Z,35,000,Zia Pueblo (Indian Reservation),2026-08-20T20:50:08.994Z
4529,DR-4529-NM,NM,DR,2020-04-05T00:00:00.000Z,Biological,2020-01-20T00:00:00.000Z,2023-05-11T00:00:00.000Z,35,000,Sandia Pueblo (Indian Reservation),2026-08-20T20:50:08.994Z
4529,DR-4529-NM,NM,DR,2020-04-05T00:00:00.000Z,Biological,2020-01-20T00:00:00.000Z,2023-05-11T00:00:00.000Z,35,000,Jemez Pueblo (Indian Reservation),2026-08-20T20:50:08.994Z
4529,DR-4529-NM,NM,DR,2020-04-05T00:00:00.000Z,Biological,2020-01-20T00:00:00.000Z,2023-05-11T00:00:00.000Z,35,000,San Ildefonso Pueblo (Indian Reservation),2026-08-20T20:50:08.994Z
4529,DR-4529-NM,NM,DR,2020-04-05T00:00:00.000Z,Biological,2020-01-20T00:00:00.000Z,2023-05-11T00:00:00.000Z,35,000,Zuni Pueblo (Indian Reservation),2026-08-20T20:50:08.994Z
4529,DR-4529-NM,NM,DR,2020-04-05T00:00:00.000Z,Biological,2020-01-20T00:00:00.000Z,2023-05-11T00:00:00.000Z,35,000,Tesuque Pueblo (Indian Reservation),2026-08-20T20:50:08.994Z
4529,DR-4529-NM,NM,DR,2020-04-05T00:00:00.000Z,Biological,2020-01-20T00:00:00.000Z,2023-05-11T00:00:00.000Z,35,000,Laguna Pueblo (Indian Reservation),2026-08-20T20:50:08.994Z
4529,DR-4529-NM,NM,DR,2020-04-05T00:00:00.000Z,Biological,2020-01-20T00:00:00.000Z,2023-05-11T00:00:00.000Z,35,000,Mescalero Tribe,2026-08-20T20:50:08.994Z
4529,DR-4529-NM,NM,DR,2020-04-05T00:00:00.000Z,Biological,2020-01-20T00:00:00.000Z,2023-05-11T00:00:00.000Z,35,000,Pueblo of Pojoaque,2026-08-20T20:50:08.994Z
4529,DR-4529-NM,NM,DR,2020-04-05T00:00:00.000Z,Biological,2020-01-20T00:00:00.000Z,2023-05-11T00:00:00.000Z,35,000,San Felipe Pueblo (Indian Reservation),2026-08-20T20:50:08.994Z
4529,DR-4529-NM,NM,DR,2020-04-05T00:00:00.000Z,Biological,2020-01-20T00:00:00.000Z,2023-05-11T00:00:00.000Z,35,000,Ramah Navajo Community (Indian Reservation),2026-08-20T20:50:08.994Z
4529,DR-4529-NM,NM,DR,2020-04-05T00:00:00.000Z,Biological,2020-01-20T00:00:00.000Z,2023-05-11T00:00:00.000Z,35,000,Taos Pueblo (Indian Reservation),2026-08-20T20:50:08.994Z
4529,DR-4529-NM,NM,DR,2020-04-05T00:00:00.000Z,Biological,2020-01-20T00:00:00.000Z,2023-05-11T00:00:00.000Z,35,000,Pueblo of Santa Ana,2026-08-20T20:50:08.994Z
4529,DR-4529-NM,NM,DR,2020-04-05T00:00:00.000Z,Biological,2020-01-20T00:00:00.000Z,2023-05-11T00:00:00.000Z,35,000,San Juan Pueblo (Indian Reservation),2026-08-20T20:50:08.994Z
4529,DR-4529-NM,NM,DR,2020-04-05T00:00:00.000Z,Biological,2020-01-20T00:00:00.000Z,2023-05-11T00:00:00.000Z,35,000,Canoncito Indian Reservation,2026-08-20T20:50:08.994Z
4529,DR-4529-NM,NM,DR,2020-04-05T00:00:00.000Z,Biological,2020-01-20T00:00:00.000Z,2023-05-11T00:00:00.000Z,35,000,Santo Domingo Pueblo (Indian Reservation),2026-08-20T20:50:08.994Z
4529,DR-4529-NM,NM,DR,2020-04-05T00:00:00.000Z,Biological,2020-01-20T00:00:00.000Z,2023-05-11T00:00:00.000Z,35,000,Ute Mountain Indian Reservation (Also CO),2026-08-20T20:50:08.994Z
4529,DR-4529-NM,NM,DR,2020-04-05T00:00:00.000Z,Biological,2020-01-20T00:00:00.000Z,2023-05-11T00:00:00.000Z,35,000,Zuni Pueblo (Indian Reservation),2026-08-20T20:50:08.994Z
4528,DR-4528-MS,MS,DR,2020-04-05T00:00:00.000Z,Biological,2020-01-20T00:00:00.000Z,2023-05-11T00:00:00.000Z,28,000,Mississippi Choctaw Indian Reservation,2026-08-20T20:50:08.994Z
4527,DR-4527-SD,SD,DR,2020-04-05T00:00:00.000Z,Biological,2020-01-20T00:00:00.000Z,2023-05-11T00:00:00.000Z,46,000,Oglala Sioux Tribe of the Pine Ridge Reservation,2026-08-20T20:50:08.994Z
4527,DR-4527-SD,SD,DR,2020-04-05T00:00:00.000Z,Biological,2020-01-20T00:00:00.000Z,2023-05-11T00:00:00.000Z,46,000,Turtle Mountain Reservation and Trust Lands (& ND),2026-08-20T20:50:08.994Z
4527,DR-4527-SD,SD,DR,2020-04-05T00:00:00.000Z,Biological,2020-01-20T00:00:00.000Z,2023-05-11T00:00:00.000Z,46,000,Cheyenne River Indian Reservation,2026-08-20T20:50:08.994Z
4527,DR-4527-SD,SD,DR,2020-04-05T00:00:00.000Z,Biological,2020-01-20T00:00:00.000Z,2023-05-11T00:00:00.000Z,46,000,Crow Creek Indian Reservation,2026-08-20T20:50:08.994Z
4527,DR-4527-SD,SD,DR,2020-04-05T00:00:00.000Z,Biological,2020-01-20T00:00:00.000Z,2023-05-11T00:00:00.000Z,46,000,Rosebud Indian Reservation,2026-08-20T20:50:08.994Z
4527,DR-4527-SD,SD,DR,2020-04-05T00:00:00.000Z,Biological,2020-01-20T00:00:00.000Z,2023-05-11T00:00:00.000Z,46,000,Flandreau Indian Reservation,2026-08-20T20:50:08.994Z
4527,DR-4527-SD,SD,DR,2020-04-05T00:00:00.000Z,Biological,2020-01-20T00:00:00.000Z,2023-05-11T00:00:00.000Z,46,000,Lower Brule Indian Reservation,2026-08-20T20:50:08.994Z
4527,DR-4527-SD,SD,DR,2020-04-05T00:00:00.000Z,Biological,2020-01-20T00:00:00.000Z,2023-05-11T00:00:00.000Z,46,000,Lake Traverse (Sisseton) Indian Reservation,2026-08-20T20:50:08.994Z
4527,DR-4527-SD,SD,DR,2020-04-05T00:00:00.000Z,Biological,2020-01-20T00:00:00.000Z,2023-05-11T00:00:00.000Z,46,000,Northern Cheyenne Reservation and Trust Lands (&MT),2026-08-20T20:50:08.994Z
4527,DR-4527-SD,SD,DR,2020-04-05T00:00:00.000Z,Biological,2020-01-20T00:00:00.000Z,2023-05-11T00:00:00.000Z,46,000,Standing Rock Sioux Tribe of North & South Dakota,2026-08-20T20:50:08.994Z
4527,DR-4527-SD,SD,DR,2020-04-05T00:00:00.000Z,Biological,2020-01-20T00:00:00.000Z,2023-05-11T00:00:00.000Z,46,000,Yankton Indian Reservation,2026-08-20T20:50:08.994Z
4525,DR-4525-UT,UT,DR,2020-04-04T00:00:00.000Z,Biological,2020-01-20T00:00:00.000Z,2023-05-11T00:00:00.000Z,49,000,Northwestern Shoshoni Indian Reservation,2026-08-20T20:50:08.994Z
4525,DR-4525-UT,UT,DR,2020-04-04T00:00:00.000Z,Biological,2020-01-20T00:00:00.000Z,2023-05-11T00:00:00.000Z,49,000,Uintah and Ouray Indian Reservation,2026-08-20T20:50:08.994Z
4525,DR-4525-UT,UT,DR,2020-04-04T00:00:00.000Z,Biological,2020-01-20T00:00:00.000Z,2023-05-11T00:00:00.000Z,49,000,Ute Mountain Indian Reservation,2026-08-20T20:50:08.994Z
4525,DR-4525-UT,UT,DR,2020-04-04T00:00:00.000Z,Biological,2020-01-20T00:00:00.000Z,2023-05-11T00:00:00.000Z,49,000,Skull Valley Indian Reservation,2026-08-20T20:50:08.994Z
4525,DR-4525-UT,UT,DR,2020-04-04T00:00:00.000Z,Biological,2020-01-20T00:00:00.000Z,2023-05-11T00:00:00.000Z,49,000,Paiute of Utah Indian Reservation,2026-08-20T20:50:08.994Z
4525,DR-4525-UT,UT,DR,2020-04-04T00:00:00.000Z,Biological,2020-01-20T00:00:00.000Z,2023-05-11T00:00:00.000Z,49,000,Navajo Nation Reservation (Also AZ and NM),2026-08-20T20:50:08.994Z
4525,DR-4525-UT,UT,DR,2020-04-04T00:00:00.000Z,Biological,2020-01-20T00:00:00.000Z,2023-05-11T00:00:00.000Z,49,000,Goshute Indian Reservation (Also NV),2026-08-20T20:50:08.994Z
4524,DR-4524-AZ,AZ,DR,2020-04-04T00:00:00.000Z,Biological,2020-01-20T00:00:00.000Z,2023-05-11T00:00:00.000Z,04,000,Hualapai Indian Reservation,2026-08-20T20:50:08.994Z
4524,DR-4524-AZ,AZ,DR,2020-04-04T00:00:00.000Z,Biological,2020-01-20T00:00:00.000Z,2023-05-11T00:00:00.000Z,04,000,Yavapai Indian Reservation,2026-08-20T20:50:08.994Z
4524,DR-4524-AZ,AZ,DR,2020-04-04T00:00:00.000Z,Biological,2020-01-20T00:00:00.000Z,2023-05-11T00:00:00.000Z,04,000,Tohono O'odham Reservation and Trust Lands,2026-08-20T20:50:08.994Z
4524,DR-4524-AZ,AZ,DR,2020-04-04T00:00:00.000Z,Biological,2020-01-20T00:00:00.000Z,2023-05-11T00:00:00.000Z,04,000,Navajo Nation Reservation (Also NM and UT),2026-08-20T20:50:08.994Z
4524,DR-4524-AZ,AZ,DR,2020-04-04T00:00:00.000Z,Biological,2020-01-20T00:00:00.000Z,2023-05-11T00:00:00.000Z,04,000,Tonto Apache Reservation,2026-08-20T20:50:08.994Z
4524,DR-4524-AZ,AZ,DR,2020-04-04T00:00:00.000Z,Biological,2020-01-20T00:00:00.000Z,2023-05-11T00:00:00.000Z,04,000,Fort McDowell Indian Reservation,2026-08-20T20:50:08.994Z
4524,DR-4524-AZ,AZ,DR,2020-04-04T00:00:00.000Z,Biological,2020-01-20T00:00:00.000Z,2023-05-11T00:00:00.000Z,04,000,Yavapai-Apache Nation Indian Reservation,2026-08-20T20:50:08.994Z
4524,DR-4524-AZ,AZ,DR,2020-04-04T00:00:00.000Z,Biological,2020-01-20T00:00:00.000Z,2023-05-11T00:00:00.000Z,04,000,Pascua Yaqui Indian Reservation,2026-08-20T20:50:08.994Z
4524,DR-4524-AZ,AZ,DR,2020-04-04T00:00:00.000Z,Biological,2020-01-20T00:00:00.000Z,2023-05-11T00:00:00.000Z,04,000,Kaibab Indian Reservation,2026-08-20T20:50:08.994Z
4524,DR-4524-AZ,AZ,DR,2020-04-04T00:00:00.000Z,Biological,2020-01-20T00:00:00.000Z,2023-05-11T00:00:00.000Z,04,000,Gila River Indian Reservation,2026-08-20T20:50:08.994Z
4524,DR-4524-AZ,AZ,DR,2020-04-04T00:00:00.000Z,Biological,2020-01-20T00:00:00.000Z,2023-05-11T00:00:00.000Z,04,000,Fort Mojave Indian Reservation (Also CA),2026-08-20T20:50:08.994Z
4524,DR-4524-AZ,AZ,DR,2020-04-04T00:00:00.000Z,Biological,2020-01-20T00:00:00.000Z,2023-05-11T00:00:00.000Z,04,000,Zuni Pueblo (Indian Reservation),2026-08-20T20:50:08.994Z
4524,DR-4524-AZ,AZ,DR,2020-04-04T00:00:00.000Z,Biological,2020-01-20T00:00:00.000Z,2023-05-11T00:00:00.000Z,04,000,Salt River Pima-Maricopa Indian Community,2026-08-20T20:50:08.994Z
4524,DR-4524-AZ,AZ,DR,2020-04-04T00:00:00.000Z,Biological,2020-01-20T00:00:00.000Z,2023-05-11T00:00:00.000Z,04,000,Hopi Indian Reservation,2026-08-20T20:50:08.994Z
4524,DR-4524-AZ,AZ,DR,2020-04-04T00:00:00.000Z,Biological,2020-01-20T00:00:00.000Z,2023-05-11T00:00:00.000Z,04,000,Havasupai Indian Reservation,2026-08-20T20:50:08.994Z
4524,DR-4524-AZ,AZ,DR,2020-04-04T00:00:00.000Z,Biological,2020-01-20T00:00:00.000Z,2023-05-11T00:00:00.000Z,04,000,Colorado River Indian Reservation (Also CA),2026-08-20T20:50:08.994Z
4524,DR-4524-AZ,AZ,DR,2020-04-04T00:00:00.000Z,Biological,2020-01-20T00:00:00.000Z,2023-05-11T00:00:00.000Z,04,000,San Carlos Indian Reservation,2026-08-20T20:50:08.994Z
4524,DR-4524-AZ,AZ,DR,2020-04-04T00:00:00.000Z,Biological,2020-01-20T00:00:00.000Z,2023-05-11T00:00:00.000Z,04,000,White Mountain Apache Tribe,2026-08-20T20:50:08.994Z
4524,DR-4524-AZ,AZ,DR,2020-04-04T00:00:00.000Z,Biological,2020-01-20T00:00:00.000Z,2023-05-11T00:00:00.000Z,04,000,Fort Yuma (Quechan) Indian Reservation (Also CA),2026-08-20T20:50:08.994Z
4524,DR-4524-AZ,AZ,DR,2020-04-04T00:00:00.000Z,Biological,2020-01-20T00:00:00.000Z,2023-05-11T00:00:00.000Z,04,000,Maricopa Indian Reservation (Ak Chin),2026-08-20T20:50:08.994Z
4524,DR-4524-AZ,AZ,DR,2020-04-04T00:00:00.000Z,Biological,2020-01-20T00:00:00.000Z,2023-05-11T00:00:00.000Z,04,000,Cocopah Indian Reservation,2026-08-20T20:50:08.994Z
4523,DR-4523-NV,NV,DR,2020-04-04T00:00:00.000Z,Biological,2020-01-20T00:00:00.000Z,2023-05-11T00:00:00.000Z,32,000,Wells Colony (Reservation),2026-08-20T20:50:08.994Z
4523,DR-4523-NV,NV,DR,2020-04-04T00:00:00.000Z,Biological,2020-01-20T00:00:00.000Z,2023-05-11T00:00:00.000Z,32,000,Walker River Indian Reservation,2026-08-20T20:50:08.994Z
4523,DR-4523-NV,NV,DR,2020-04-04T00:00:00.000Z,Biological,2020-01-20T00:00:00.000Z,2023-05-11T00:00:00.000Z,32,000,Duck Valley (Western Shoshone) Indian Reservation (A,2026-08-20T20:50:08.994Z
4523,DR-4523-NV,NV,DR,2020-04-04T00:00:00.000Z,Biological,2020-01-20T00:00:00.000Z,2023-05-11T00:00:00.000Z,32,000,Moapa River Indian Reservation,2026-08-20T20:50:08.994Z
4523,DR-4523-NV,NV,DR,2020-04-04T00:00:00.000Z,Biological,2020-01-20T00:00:00.000Z,2023-05-11T00:00:00.000Z,32,000,Stewart Community,2026-08-20T20:50:08.994Z
4523,DR-4523-NV,NV,DR,2020-04-04T00:00:00.000Z,Biological,2020-01-20T00:00:00.000Z,2023-05-11T00:00:00.000Z,32,000,Ely Colony (Reservation),2026-08-20T20:50:08.994Z
4523,DR-4523-NV,NV,DR,2020-04-04T00:00:00.000Z,Biological,2020-01-20T00:00:00.000Z,2023-05-11T00:00:00.000Z,32,000,Fort McDermitt Indian Reservation (Also OR),2026-08-20T20:50:08.994Z
4523,DR-4523-NV,NV,DR,2020-04-04T00:00:00.000Z,Biological,2020-01-20T00:00:00.000Z,2023-05-11T00:00:00.000Z,32,000,Duckwater Indian Reservation,2026-08-20T20:50:08.994Z
4523,DR-4523-NV,NV,DR,2020-04-04T00:00:00.000Z,Biological,2020-01-20T00:00:00.000Z,2023-05-11T00:00:00.000Z,32,000,South Fork Reservation and Trust Lands,2026-08-20T20:50:08.994Z
4523,DR-4523-NV,NV,DR,2020-04-04T00:00:00.000Z,Biological,2020-01-20T00:00:00.000Z,2023-05-11T00:00:00.000Z,32,000,Campbell Ranch (Reservation),2026-08-20T20:50:08.994Z
4523,DR-4523-NV,NV,DR,2020-04-04T00:00:00.000Z,Biological,2020-01-20T00:00:00.000Z,2023-05-11T00:00:00.000Z,32,000,Dresslerville Colony (Reservation),2026-08-20T20:50:08.994Z
4523,DR-4523-NV,NV,DR,2020-04-04T00:00:00.000Z,Biological,2020-01-20T00:00:00.000Z,2023-05-11T00:00:00.000Z,32,000,Yomba Indian Reservation,2026-08-20T20:50:08.994Z
4523,DR-4523-NV,NV,DR,2020-04-04T00:00:00.000Z,Biological,2020-01-20T00:00:00.000Z,2023-05-11T00:00:00.000Z,32,000,Battle Mountain Reservation,2026-08-20T20:50:08.994Z
4523,DR-4523-NV,NV,DR,2020-04-04T00:00:00.000Z,Biological,2020-01-20T00:00:00.000Z,2023-05-11T00:00:00.000Z,32,000,Yerington Indian Reservation,2026-08-20T20:50:08.994Z
4523,DR-4523-NV,NV,DR,2020-04-04T00:00:00.000Z,Biological,2020-01-20T00:00:00.000Z,2023-05-11T00:00:00.000Z,32,000,Winnemucca Colony (Reservation),2026-08-20T20:50:08.994Z
4523,DR-4523-NV,NV,DR,2020-04-04T00:00:00.000Z,Biological,2020-01-20T00:00:00.000Z,2023-05-11T00:00:00.000Z,32,000,Fort Mojave Indian Reservation (Also AZ),2026-08-20T20:50:08.994Z
4523,DR-4523-NV,NV,DR,2020-04-04T00:00:00.000Z,Biological,2020-01-20T00:00:00.000Z,2023-05-11T00:00:00.000Z,32,000,Fallon Indian Reservation,2026-08-20T20:50:08.994Z
4523,DR-4523-NV,NV,DR,2020-04-04T00:00:00.000Z,Biological,2020-01-20T00:00:00.000Z,2023-05-11T00:00:00.000Z,32,000,Pyramid Lake Indian Reservation,2026-08-20T20:50:08.994Z
4523,DR-4523-NV,NV,DR,2020-04-04T00:00:00.000Z,Biological,2020-01-20T00:00:00.000Z,2023-05-11T00:00:00.000Z,32,000,Carson Colony (Indian Reservation),2026-08-20T20:50:08.994Z
4523,DR-4523-NV,NV,DR,2020-04-04T00:00:00.000Z,Biological,2020-01-20T00:00:00.000Z,2023-05-11T00:00:00.000Z,32,000,Fallon Colony (Reservation),2026-08-20T20:50:08.994Z
4523,DR-4523-NV,NV,DR,2020-04-04T00:00:00.000Z,Biological,2020-01-20T00:00:00.000Z,2023-05-11T00:00:00.000Z,32,000,Goshute Indian Reservation (Also UT),2026-08-20T20:50:08.994Z
4523,DR-4523-NV,NV,DR,2020-04-04T00:00:00.000Z,Biological,2020-01-20T00:00:00.000Z,2023-05-11T00:00:00.000Z,32,000,Washoe Indian Reservation,2026-08-20T20:50:08.994Z
4523,DR-4523-NV,NV,DR,2020-04-04T00:00:00.000Z,Biological,2020-01-20T00:00:00.000Z,2023-05-11T00:00:00.000Z,32,000,Las Vegas Colony (Reservation),2026-08-20T20:50:08.994Z
4523,DR-4523-NV,NV,DR,2020-04-04T00:00:00.000Z,Biological,2020-01-20T00:00:00.000Z,2023-05-11T00:00:00.000Z,32,000,Reno-Sparks Colony (Reservation),2026-08-20T20:50:08.994Z
4523,DR-4523-NV,NV,DR,2020-04-04T00:00:00.000Z,Biological,2020-01-20T00:00:00.000Z,2023-05-11T00:00:00.000Z,32,000,Lovelock Colony (Reservation),2026-08-20T20:50:08.994Z
4523,DR-4523-NV,NV,DR,2020-04-04T00:00:00.000Z,Biological,2020-01-20T00:00:00.000Z,2023-05-11T00:00:00.000Z,32,000,Elko Colony (Reservation),2026-08-20T20:50:08.994Z
4523,DR-4523-NV,NV,DR,2020-04-04T00:00:00.000Z,Biological,2020-01-20T00:00:00.000Z,2023-05-11T00:00:00.000Z,32,000,Summit Lake Indian Reservation,2026-08-20T20:50:08.994Z
4522,DR-4522-ME,ME,DR,2020-04-04T00:00:00.000Z,Biological,2020-01-20T00:00:00.000Z,2023-05-11T00:00:00.000Z,23,000,Penobscot Indian Reservation,2026-08-20T20:50:08.994Z
4522,DR-4522-ME,ME,DR,2020-04-04T00:00:00.000Z,Biological,2020-01-20T00:00:00.000Z,2023-05-11T00:00:00.000Z,23,000,Indian Township Indian Reservation,2026-08-20T20:50:08.994Z
4522,DR-4522-ME,ME,DR,2020-04-04T00:00:00.000Z,Biological,2020-01-20T00:00:00.000Z,2023-05-11T00:00:00.000Z,23,000,Passamaquoddy Pleasant Point Indian Reservation,2026-08-20T20:50:08.994Z
4522,DR-4522-ME,ME,DR,2020-04-04T00:00:00.000Z,Biological,2020-01-20T00:00:00.000Z,2023-05-11T00:00:00.000Z,23,000,Pleasant Point Indian Reservation,2026-08-20T20:50:08.994Z
4522,DR-4522-ME,ME,DR,2020-04-04T00:00:00.000Z,Biological,2020-01-20T00:00:00.000Z,2023-05-11T00:00:00.000Z,23,000,Penobscot Indian Island Indian Reservation,2026-08-20T20:50:08.994Z
4522,DR-4522-ME,ME,DR,2020-04-04T00:00:00.000Z,Biological,2020-01-20T00:00:00.000Z,2023-05-11T00:00:00.000Z,23,000,Houlton Maliseet Indian Trust Lands,2026-08-20T20:50:08.994Z
4522,DR-4522-ME,ME,DR,2020-04-04T00:00:00.000Z,Biological,2020-01-20T00:00:00.000Z,2023-05-11T00:00:00.000Z,23,000,Aroostook Band of Micmac (TDSA),2026-08-20T20:50:08.994Z
4522,DR-4522-ME,ME,DR,2020-04-04T00:00:00.000Z,Biological,2020-01-20T00:00:00.000Z,2023-05-11T00:00:00.000Z,23,000,Passamaquoddy Indian Reservation,2026-08-20T20:50:08.994Z
4522,DR-4522-ME,ME,DR,2020-04-04T00:00:00.000Z,Biological,2020-01-20T00:00:00.000Z,2023-05-11T00:00:00.000Z,23,000,Passamaquoddy Indian Township,2026-08-20T20:50:08.994Z
4521,DR-4521-NE,NE,DR,2020-04-04T00:00:00.000Z,Biological,2020-01-20T00:00:00.000Z,2023-05-11T00:00:00.000Z,31,000,Pine Ridge Indian Reservation Trust Lands,2026-08-20T20:50:08.994Z
4521,DR-4521-NE,NE,DR,2020-04-04T00:00:00.000Z,Biological,2020-01-20T00:00:00.000Z,2023-05-11T00:00:00.000Z,31,000,Ponca (TDSA),2026-08-20T20:50:08.994Z
4521,DR-4521-NE,NE,DR,2020-04-04T00:00:00.000Z,Biological,2020-01-20T00:00:00.000Z,2023-05-11T00:00:00.000Z,31,000,Iowa Indian Reservation (Also KS),2026-08-20T20:50:08.994Z
4521,DR-4521-NE,NE,DR,2020-04-04T00:00:00.000Z,Biological,2020-01-20T00:00:00.000Z,2023-05-11T00:00:00.000Z,31,000,Winnebago Indian Reservation,2026-08-20T20:50:08.994Z
4521,DR-4521-NE,NE,DR,2020-04-04T00:00:00.000Z,Biological,2020-01-20T00:00:00.000Z,2023-05-11T00:00:00.000Z,31,000,Santee Indian Reservation,2026-08-20T20:50:08.994Z
4521,DR-4521-NE,NE,DR,2020-04-04T00:00:00.000Z,Biological,2020-01-20T00:00:00.000Z,2023-05-11T00:00:00.000Z,31,000,Ponca TDSA,2026-08-20T20:50:08.994Z
4521,DR-4521-NE,NE,DR,2020-04-04T00:00:00.000Z,Biological,2020-01-20T00:00:00.000Z,2023-05-11T00:00:00.000Z,31,000,Sac and Fox Indian Reservation (Also KS),2026-08-20T20:50:08.994Z
4521,DR-4521-NE,NE,DR,2020-04-04T00:00:00.000Z,Biological,2020-01-20T00:00:00.000Z,2023-05-11T00:00:00.000Z,31,000,Omaha Indian Reservation,2026-08-20T20:50:08.994Z
4520,DR-4520-WI,WI,DR,2020-04-04T00:00:00.000Z,Biological,2020-01-20T00:00:00.000Z,2023-05-11T00:00:00.000Z,55,000,Sokaogon Chippewa Community (Indian Reservation),2026-08-20T20:50:08.994Z
4520,DR-4520-WI,WI,DR,2020-04-04T00:00:00.000Z,Biological,2020-01-20T00:00:00.000Z,2023-05-11T00:00:00.000Z,55,000,Forest County Potawatomi Reservation and Trust Lands,2026-08-20T20:50:08.994Z
4520,DR-4520-WI,WI,DR,2020-04-04T00:00:00.000Z,Biological,2020-01-20T00:00:00.000Z,2023-05-11T00:00:00.000Z,55,000,Bad River Indian Reservation,2026-08-20T20:50:08.994Z
4520,DR-4520-WI,WI,DR,2020-04-04T00:00:00.000Z,Biological,2020-01-20T00:00:00.000Z,2023-05-11T00:00:00.000Z,55,000,Red Cliff Indian Reservation,2026-08-20T20:50:08.994Z
4520,DR-4520-WI,WI,DR,2020-04-04T00:00:00.000Z,Biological,2020-01-20T00:00:00.000Z,2023-05-11T00:00:00.000Z,55,000,Menominee Indian Reservation,2026-08-20T20:50:08.994Z
4520,DR-4520-WI,WI,DR,2020-04-04T00:00:00.000Z,Biological,2020-01-20T00:00:00.000Z,2023-05-11T00:00:00.000Z,55,000,Stockbridge Indian Reservation,2026-08-20T20:50:08.994Z
4520,DR-4520-WI,WI,DR,2020-04-04T00:00:00.000Z,Biological,2020-01-20T00:00:00.000Z,2023-05-11T00:00:00.000Z,55,000,Lac du Flambeau Indian Reservation,2026-08-20T20:50:08.994Z
4520,DR-4520-WI,WI,DR,2020-04-04T00:00:00.000Z,Biological,2020-01-20T00:00:00.000Z,2023-05-11T00:00:00.000Z,55,000,Oneida Indian Reservation,2026-08-20T20:50:08.994Z
4520,DR-4520-WI,WI,DR,2020-04-04T00:00:00.000Z,Biological,2020-01-20T00:00:00.000Z,2023-05-11T00:00:00.000Z,55,000,Ho-Chunk Reservation,2026-08-20T20:50:08.994Z
4520,DR-4520-WI,WI,DR,2020-04-04T00:00:00.000Z,Biological,2020-01-20T00:00:00.000Z,2023-05-11T00:00:00.000Z,55,000,St. Croix Indian Reservation,2026-08-20T20:50:08.994Z
4520,DR-4520-WI,WI,DR,2020-04-04T00:00:00.000Z,Biological,2020-01-20T00:00:00.000Z,2023-05-11T00:00:00.000Z,55,000,Lac Courte Oreilles Indian Reservation,2026-08-20T20:50:08.994Z
4519,DR-4519-OR,OR,DR,2020-04-03T00:00:00.000Z,Flood,2020-02-05T00:00:00.000Z,2020-02-09T00:00:00.000Z,41,000,Umatilla Indian Reservation,2026-08-20T20:50:08.994Z
4518,DR-4518-AR,AR,DR,2020-04-03T00:00:00.000Z,Biological,2020-01-20T00:00:00.000Z,2023-05-11T00:00:00.000Z,05,000,Ozark Test Tribe,2026-08-20T20:50:08.994Z
4515,DR-4515-IN,IN,DR,2020-04-03T00:00:00.000Z,Biological,2020-01-20T00:00:00.000Z,2023-05-11T00:00:00.000Z,18,000,Pokagon Potawatomi Band (TDSA),2026-08-20T20:50:08.994Z
4512,DR-4512-VA,VA,DR,2020-04-02T00:00:00.000Z,Biological,2020-01-20T00:00:00.000Z,2023-05-11T00:00:00.000Z,51,000,Pamunkey Indian Reservation,2026-08-20T20:50:08.994Z
4512,DR-4512-VA,VA,DR,2020-04-02T00:00:00.000Z,Biological,2020-01-20T00:00:00.000Z,2023-05-11T00:00:00.000Z,51,000,Chickahominy (TDSA),2026-08-20T20:50:08.994Z
4512,DR-4512-VA,VA,DR,2020-04-02T00:00:00.000Z,Biological,2020-01-20T00:00:00.000Z,2023-05-11T00:00:00.000Z,51,000,Mattaponi Indian Reservation,2026-08-20T20:50:08.994Z
4512,DR-4512-VA,VA,DR,2020-04-02T00:00:00.000Z,Biological,2020-01-20T00:00:00.000Z,2023-05-11T00:00:00.000Z,51,000,Eastern Chickahominy (TDSA),2026-08-20T20:50:08.994Z
4509,DR-4509-ND,ND,DR,2020-04-01T00:00:00.000Z,Biological,2020-01-20T00:00:00.000Z,2023-05-11T00:00:00.000Z,38,000,Standing Rock Sioux Tribe of North & South Dakota,2026-08-20T20:50:08.994Z
4509,DR-4509-ND,ND,DR,2020-04-01T00:00:00.000Z,Biological,2020-01-20T00:00:00.000Z,2023-05-11T00:00:00.000Z,38,000,Turtle Mountain Indian Reservation,2026-08-20T20:50:08.994Z
4509,DR-4509-ND,ND,DR,2020-04-01T00:00:00.000Z,Biological,2020-01-20T00:00:00.000Z,2023-05-11T00:00:00.000Z,38,000,Fort Berthold Indian Reservation,2026-08-20T20:50:08.994Z
4509,DR-4509-ND,ND,DR,2020-04-01T00:00:00.000Z,Biological,2020-01-20T00:00:00.000Z,2023-05-11T00:00:00.000Z,38,000,Lake Traverse Sisseton Indian Reservation,2026-08-20T20:50:08.994Z
4509,DR-4509-ND,ND,DR,2020-04-01T00:00:00.000Z,Biological,2020-01-20T00:00:00.000Z,2023-05-11T00:00:00.000Z,38,000,Spirit Lake Reservation,2026-08-20T20:50:08.994Z
4508,DR-4508-MT,MT,DR,2020-03-31T00:00:00.000Z,Biological,2020-01-20T00:00:00.000Z,2023-05-11T00:00:00.000Z,30,000,Fort Belknap Indian Reservation,2026-08-20T20:50:08.994Z
4508,DR-4508-MT,MT,DR,2020-03-31T00:00:00.000Z,Biological,2020-01-20T00:00:00.000Z,2023-05-11T00:00:00.000Z,30,000,Crow/Northern Cheyenne Area,2026-08-20T20:50:08.994Z
4508,DR-4508-MT,MT,DR,2020-03-31T00:00:00.000Z,Biological,2020-01-20T00:00:00.000Z,2023-05-11T00:00:00.000Z,30,000,Flathead Indian Reservation,2026-08-20T20:50:08.994Z
4508,DR-4508-MT,MT,DR,2020-03-31T00:00:00.000Z,Biological,2020-01-20T00:00:00.000Z,2023-05-11T00:00:00.000Z,30,000,Crow Indian Reservation,2026-08-20T20:50:08.994Z
4508,DR-4508-MT,MT,DR,2020-03-31T00:00:00.000Z,Biological,2020-01-20T00:00:00.000Z,2023-05-11T00:00:00.000Z,30,000,Rocky Boy's Indian Reservation,2026-08-20T20:50:08.994Z
4508,DR-4508-MT,MT,DR,2020-03-31T00:00:00.000Z,Biological,2020-01-20T00:00:00.000Z,2023-05-11T00:00:00.000Z,30,000,Northern Cheyenne Indian Reservation,2026-08-20T20:50:08.994Z
4508,DR-4508-MT,MT,DR,2020-03-31T00:00:00.000Z,Biological,2020-01-20T00:00:00.000Z,2023-05-11T00:00:00.000Z,30,000,Blackfeet Indian Reservation,2026-08-20T20:50:08.994Z
4508,DR-4508-MT,MT,DR,2020-03-31T00:00:00.000Z,Biological,2020-01-20T00:00:00.000Z,2023-05-11T00:00:00.000Z,30,000,Fort Peck Indian Reservation,2026-08-20T20:50:08.994Z
4505,DR-4505-RI,RI,DR,2020-03-30T00:00:00.000Z,Biological,2020-01-20T00:00:00.000Z,2023-05-11T00:00:00.000Z,44,000,Grand Ronde Indian Reservation,2026-08-20T20:50:08.994Z
4505,DR-4505-RI,RI,DR,2020-03-30T00:00:00.000Z,Biological,2020-01-20T00:00:00.000Z,2023-05-11T00:00:00.000Z,44,000,Narragansett Indian Reservation,2026-08-20T20:50:08.994Z
4504,DR-4504-KS,KS,DR,2020-03-29T00:00:00.000Z,Biological,2020-01-20T00:00:00.000Z,2023-05-11T00:00:00.000Z,20,000,Sac and Fox Indian Reservation (Also NE),2026-08-20T20:50:08.994Z
4504,DR-4504-KS,KS,DR,2020-03-29T00:00:00.000Z,Biological,2020-01-20T00:00:00.000Z,2023-05-11T00:00:00.000Z,20,000,Delaware-Muncie (TDSA),2026-08-20T20:50:08.994Z
4503,DR-4503-AL,AL,DR,2020-03-29T00:00:00.000Z,Biological,2020-01-20T00:00:00.000Z,2023-05-11T00:00:00.000Z,01,000,MOWA Choctaw (SAIR),2026-08-20T20:50:08.994Z
4503,DR-4503-AL,AL,DR,2020-03-29T00:00:00.000Z,Biological,2020-01-20T00:00:00.000Z,2023-05-11T00:00:00.000Z,01,000,Poarch Band of Creek Indians,2026-08-20T20:50:08.994Z
4501,DR-4501-GA,GA,DR,2020-03-29T00:00:00.000Z,Biological,2020-01-20T00:00:00.000Z,2023-05-11T00:00:00.000Z,13,000,Tama Indian Reservation,2026-08-20T20:50:08.994Z
4500,DR-4500-CT,CT,DR,2020-03-28T00:00:00.000Z,Biological,2020-01-20T00:00:00.000Z,2023-05-11T00:00:00.000Z,09,000,Paucatuck Eastern Pequot Indian Reservation,2026-08-20T20:50:08.994Z
4500,DR-4500-CT,CT,DR,2020-03-28T00:00:00.000Z,Biological,2020-01-20T00:00:00.000Z,2023-05-11T00:00:00.000Z,09,000,Golden Hill Indian Reservation,2026-08-20T20:50:08.994Z
4500,DR-4500-CT,CT,DR,2020-03-28T00:00:00.000Z,Biological,2020-01-20T00:00:00.000Z,2023-05-11T00:00:00.000Z,09,000,Mashantucket Pequot Indian Reservation,2026-08-20T20:50:08.994Z
4500,DR-4500-CT,CT,DR,2020-03-28T00:00:00.000Z,Biological,2020-01-20T00:00:00.000Z,2023-05-11T00:00:00.000Z,09,000,Schaghticoke Indian Reservation,2026-08-20T20:50:08.994Z
4499,DR-4499-OR,OR,DR,2020-03-28T00:00:00.000Z,Biological,2020-01-20T00:00:00.000Z,2023-05-11T00:00:00.000Z,41,000,Klamath Reservation and Trust Lands,2026-08-20T20:50:08.994Z
4499,DR-4499-OR,OR,DR,2020-03-28T00:00:00.000Z,Biological,2020-01-20T00:00:00.000Z,2023-05-11T00:00:00.000Z,41,000,Siletz Indian Reservation,2026-08-20T20:50:08.994Z
4499,DR-4499-OR,OR,DR,2020-03-28T00:00:00.000Z,Biological,2020-01-20T00:00:00.000Z,2023-05-11T00:00:00.000Z,41,000,Warm Springs Indian Reservation,2026-08-20T20:50:08.994Z
4499,DR-4499-OR,OR,DR,2020-03-28T00:00:00.000Z,Biological,2020-01-20T00:00:00.000Z,2023-05-11T00:00:00.000Z,41,000,Klamath TDSA,2026-08-20T20:50:08.994Z
4499,DR-4499-OR,OR,DR,2020-03-28T00:00:00.000Z,Biological,2020-01-20T00:00:00.000Z,2023-05-11T00:00:00.000Z,41,000,"Coos,Lower Unqua and Siuslaw Indian Reservation",2026-08-20T20:50:08.994Z
4499,DR-4499-OR,OR,DR,2020-03-28T00:00:00.000Z,Biological,2020-01-20T00:00:00.000Z,2023-05-11T00:00:00.000Z,41,000,Grand Ronde Indian Reservation,2026-08-20T20:50:08.994Z
4499,DR-4499-OR,OR,DR,2020-03-28T00:00:00.000Z,Biological,2020-01-20T00:00:00.000Z,2023-05-11T00:00:00.000Z,41,000,Umatilla Indian Reservation,2026-08-20T20:50:08.994Z
4499,DR-4499-OR,OR,DR,2020-03-28T00:00:00.000Z,Biological,2020-01-20T00:00:00.000Z,2023-05-11T00:00:00.000Z,41,000,Burns Paiute Indian Reservation,2026-08-20T20:50:08.994Z
4499,DR-4499-OR,OR,DR,2020-03-28T00:00:00.000Z,Biological,2020-01-20T00:00:00.000Z,2023-05-11T00:00:00.000Z,41,000,Fort McDermitt Indian Reservation (Also NV),2026-08-20T20:50:08.994Z
4499,DR-4499-OR,OR,DR,2020-03-28T00:00:00.000Z,Biological,2020-01-20T00:00:00.000Z,2023-05-11T00:00:00.000Z,41,000,Cow Creek Indian Reservation,2026-08-20T20:50:08.994Z
4499,DR-4499-OR,OR,DR,2020-03-28T00:00:00.000Z,Biological,2020-01-20T00:00:00.000Z,2023-05-11T00:00:00.000Z,41,000,Coquille Indian Reservation,2026-08-20T20:50:08.994Z
4498,DR-4498-CO,CO,DR,2020-03-28T00:00:00.000Z,Biological,2020-01-20T00:00:00.000Z,2023-05-11T00:00:00.000Z,08,000,Southern Ute Indian Reservation,2026-08-20T20:50:08.994Z
4498,DR-4498-CO,CO,DR,2020-03-28T00:00:00.000Z,Biological,2020-01-20T00:00:00.000Z,2023-05-11T00:00:00.000Z,08,000,Ute Mountain Indian Reservation (Also NM),2026-08-20T20:50:08.994Z
4496,DR-4496-MA,MA,DR,2020-03-27T00:00:00.000Z,Biological,2020-01-20T00:00:00.000Z,2023-05-11T00:00:00.000Z,25,000,Wampanoag Tribe of Gay Head (Aquinnah),2026-08-20T20:50:08.994Z
4496,DR-4496-MA,MA,DR,2020-03-27T00:00:00.000Z,Biological,2020-01-20T00:00:00.000Z,2023-05-11T00:00:00.000Z,25,000,Mashpee Wampanoag Tribe,2026-08-20T20:50:08.994Z
4496,DR-4496-MA,MA,DR,2020-03-27T00:00:00.000Z,Biological,2020-01-20T00:00:00.000Z,2023-05-11T00:00:00.000Z,25,000,Hassanamisco Indian Reservation,2026-08-20T20:50:08.994Z
4494,DR-4494-MI,MI,DR,2020-03-27T00:00:00.000Z,Biological,2020-01-20T00:00:00.000Z,2023-05-11T00:00:00.000Z,26,000,Huron Potawatomi Indian Reservation,2026-08-20T20:50:08.994Z
4494,DR-4494-MI,MI,DR,2020-03-27T00:00:00.000Z,Biological,2020-01-20T00:00:00.000Z,2023-05-11T00:00:00.000Z,26,000,Sault Ste. Marie Indian Reservation,2026-08-20T20:50:08.994Z
4494,DR-4494-MI,MI,DR,2020-03-27T00:00:00.000Z,Biological,2020-01-20T00:00:00.000Z,2023-05-11T00:00:00.000Z,26,000,Pokagon Potawatomi Band (TDSA),2026-08-20T20:50:08.994Z
4494,DR-4494-MI,MI,DR,2020-03-27T00:00:00.000Z,Biological,2020-01-20T00:00:00.000Z,2023-05-11T00:00:00.000Z,26,000,Bay Mills Indian Reservation,2026-08-20T20:50:08.994Z
4494,DR-4494-MI,MI,DR,2020-03-27T00:00:00.000Z,Biological,2020-01-20T00:00:00.000Z,2023-05-11T00:00:00.000Z,26,000,Ontonagon Indian Reservation,2026-08-20T20:50:08.994Z
4494,DR-4494-MI,MI,DR,2020-03-27T00:00:00.000Z,Biological,2020-01-20T00:00:00.000Z,2023-05-11T00:00:00.000Z,26,000,L'Anse Indian Reservation,2026-08-20T20:50:08.994Z
4494,DR-4494-MI,MI,DR,2020-03-27T00:00:00.000Z,Biological,2020-01-20T00:00:00.000Z,2023-05-11T00:00:00.000Z,26,000,Isabella Indian Reservation,2026-08-20T20:50:08.994Z
4494,DR-4494-MI,MI,DR,2020-03-27T00:00:00.000Z,Biological,2020-01-20T00:00:00.000Z,2023-05-11T00:00:00.000Z,26,000,Lac Vieux Desert Indian Reservation,2026-08-20T20:50:08.994Z
4494,DR-4494-MI,MI,DR,2020-03-27T00:00:00.000Z,Biological,2020-01-20T00:00:00.000Z,2023-05-11T00:00:00.000Z,26,000,Hannahville Community Indian Reservation,2026-08-20T20:50:08.994Z
4494,DR-4494-MI,MI,DR,2020-03-27T00:00:00.000Z,Biological,2020-01-20T00:00:00.000Z,2023-05-11T00:00:00.000Z,26,000,Grand Traverse Indian Reservation,2026-08-20T20:50:08.994Z
4494,DR-4494-MI,MI,DR,2020-03-27T00:00:00.000Z,Biological,2020-01-20T00:00:00.000Z,2023-05-11T00:00:00.000Z,26,000,Little Traverse Bay Indian Reservation,2026-08-20T20:50:08.994Z
4492,DR-4492-SC,SC,DR,2020-03-27T00:00:00.000Z,Biological,2020-01-20T00:00:00.000Z,2023-05-11T00:00:00.000Z,45,000,Catawba Indian Nation,2026-08-20T20:50:08.994Z
4488,DR-4488-NJ,NJ,DR,2020-03-25T00:00:00.000Z,Biological,2020-01-20T00:00:00.000Z,2023-05-11T00:00:00.000Z,34,000,Rankokus Indian Reservation,2026-08-20T20:50:08.994Z
4488,DR-4488-NJ,NJ,DR,2020-03-25T00:00:00.000Z,Biological,2020-01-20T00:00:00.000Z,2023-05-11T00:00:00.000Z,34,000,Ramapough (TDSA),2026-08-20T20:50:08.994Z
4487,DR-4487-NC,NC,DR,2020-03-25T00:00:00.000Z,Biological,2020-01-20T00:00:00.000Z,2023-05-11T00:00:00.000Z,37,000,Waccamaw Siouan (TDSA),2026-08-20T20:50:08.994Z
4487,DR-4487-NC,NC,DR,2020-03-25T00:00:00.000Z,Biological,2020-01-20T00:00:00.000Z,2023-05-11T00:00:00.000Z,37,000,Haliwa-Saponi (TDSA),2026-08-20T20:50:08.994Z
4487,DR-4487-NC,NC,DR,2020-03-25T00:00:00.000Z,Biological,2020-01-20T00:00:00.000Z,2023-05-11T00:00:00.000Z,37,000,Lumbee (TDSA),2026-08-20T20:50:08.994Z
4487,DR-4487-NC,NC,DR,2020-03-25T00:00:00.000Z,Biological,2020-01-20T00:00:00.000Z,2023-05-11T00:00:00.000Z,37,000,Coharie (TDSA),2026-08-20T20:50:08.994Z
4487,DR-4487-NC,NC,DR,2020-03-25T00:00:00.000Z,Biological,2020-01-20T00:00:00.000Z,2023-05-11T00:00:00.000Z,37,000,Meherrin (TDSA),2026-08-20T20:50:08.994Z
4487,DR-4487-NC,NC,DR,2020-03-25T00:00:00.000Z,Biological,2020-01-20T00:00:00.000Z,2023-05-11T00:00:00.000Z,37,000,Eastern Band of Cherokee Indians,2026-08-20T20:50:08.994Z
4486,DR-4486-FL,FL,DR,2020-03-25T00:00:00.000Z,Biological,2020-01-20T00:00:00.000Z,2023-05-11T00:00:00.000Z,12,000,Miccosukee Tribe of Indians of Florida,2026-08-20T20:50:08.994Z
4486,DR-4486-FL,FL,DR,2020-03-25T00:00:00.000Z,Biological,2020-01-20T00:00:00.000Z,2023-05-11T00:00:00.000Z,12,000,Poarch Creek Reservation and Trust Lands (also AL),2026-08-20T20:50:08.994Z
4486,DR-4486-FL,FL,DR,2020-03-25T00:00:00.000Z,Biological,2020-01-20T00:00:00.000Z,2023-05-11T00:00:00.000Z,12,000,Florida Tribe of Eastern Creek (TDSA),2026-08-20T20:50:08.994Z
4485,DR-4485-TX,TX,DR,2020-03-25T00:00:00.000Z,Biological,2020-01-20T00:00:00.000Z,2023-05-11T00:00:00.000Z,48,000,Ysleta del Sur Pueblo (Indian Reservation),2026-08-20T20:50:08.994Z
4485,DR-4485-TX,TX,DR,2020-03-25T00:00:00.000Z,Biological,2020-01-20T00:00:00.000Z,2023-05-11T00:00:00.000Z,48,000,Kickapoo Reservation,2026-08-20T20:50:08.994Z
4484,DR-4484-LA,LA,DR,2020-03-24T00:00:00.000Z,Biological,2020-01-20T00:00:00.000Z,2023-05-11T00:00:00.000Z,22,000,Apache Choctaw (TDSA),2026-08-20T20:50:08.994Z
4484,DR-4484-LA,LA,DR,2020-03-24T00:00:00.000Z,Biological,2020-01-20T00:00:00.000Z,2023-05-11T00:00:00.000Z,22,000,Clifton Choctaw (TDSA),2026-08-20T20:50:08.994Z
4484,DR-4484-LA,LA,DR,2020-03-24T00:00:00.000Z,Biological,2020-01-20T00:00:00.000Z,2023-05-11T00:00:00.000Z,22,000,Jena Band of Choctaw (TDSA),2026-08-20T20:50:08.994Z
4484,DR-4484-LA,LA,DR,2020-03-24T00:00:00.000Z,Biological,2020-01-20T00:00:00.000Z,2023-05-11T00:00:00.000Z,22,000,Chitimacha Indian Reservation,2026-08-20T20:50:08.994Z
4484,DR-4484-LA,LA,DR,2020-03-24T00:00:00.000Z,Biological,2020-01-20T00:00:00.000Z,2023-05-11T00:00:00.000Z,22,000,United Houma Nation (TDSA),2026-08-20T20:50:08.994Z
4484,DR-4484-LA,LA,DR,2020-03-24T00:00:00.000Z,Biological,2020-01-20T00:00:00.000Z,2023-05-11T00:00:00.000Z,22,000,Tunica-Biloxi Indian Reservation,2026-08-20T20:50:08.994Z
4484,DR-4484-LA,LA,DR,2020-03-24T00:00:00.000Z,Biological,2020-01-20T00:00:00.000Z,2023-05-11T00:00:00.000Z,22,000,Coushatta Indian Reservation,2026-08-20T20:50:08.994Z
4483,DR-4483-IA,IA,DR,2020-03-23T00:00:00.000Z,Biological,2020-01-20T00:00:00.000Z,2023-05-11T00:00:00.000Z,19,000,Sac and Fox Tribe of the Mississippi in Iowa,2026-08-20T20:50:08.994Z
4483,DR-4483-IA,IA,DR,2020-03-23T00:00:00.000Z,Biological,2020-01-20T00:00:00.000Z,2023-05-11T00:00:00.000Z,19,000,Omaha Indian Reservation,2026-08-20T20:50:08.994Z
4481,DR-4481-WA,WA,DR,2020-03-22T00:00:00.000Z,Biological,2020-01-20T00:00:00.000Z,2023-05-11T00:00:00.000Z,53,000,Tulalip Indian Reservation,2026-08-20T20:50:08.994Z
4481,DR-4481-WA,WA,DR,2020-03-22T00:00:00.000Z,Biological,2020-01-20T00:00:00.000Z,2023-05-11T00:00:00.000Z,53,000,Hoh Indian Reservation,2026-08-20T20:50:08.994Z
4481,DR-4481-WA,WA,DR,2020-03-22T00:00:00.000Z,Biological,2020-01-20T00:00:00.000Z,2023-05-11T00:00:00.000Z,53,000,Yakama Reservation,2026-08-20T20:50:08.994Z
4481,DR-4481-WA,WA,DR,2020-03-22T00:00:00.000Z,Biological,2020-01-20T00:00:00.000Z,2023-05-11T00:00:00.000Z,53,000,Swinomish Indian Reservation,2026-08-20T20:50:08.994Z
4481,DR-4481-WA,WA,DR,2020-03-22T00:00:00.000Z,Biological,2020-01-20T00:00:00.000Z,2023-05-11T00:00:00.000Z,53,000,Nooksack Indian Reservation,2026-08-20T20:50:08.994Z
4481,DR-4481-WA,WA,DR,2020-03-22T00:00:00.000Z,Biological,2020-01-20T00:00:00.000Z,2023-05-11T00:00:00.000Z,53,000,Sauk-Suiattle Indian Reservation,2026-08-20T20:50:08.994Z
4481,DR-4481-WA,WA,DR,2020-03-22T00:00:00.000Z,Biological,2020-01-20T00:00:00.000Z,2023-05-11T00:00:00.000Z,53,000,Chehalis Indian Reservation,2026-08-20T20:50:08.994Z
4481,DR-4481-WA,WA,DR,2020-03-22T00:00:00.000Z,Biological,2020-01-20T00:00:00.000Z,2023-05-11T00:00:00.000Z,53,000,Port Gamble Indian Reservation,2026-08-20T20:50:08.994Z
4481,DR-4481-WA,WA,DR,2020-03-22T00:00:00.000Z,Biological,2020-01-20T00:00:00.000Z,2023-05-11T00:00:00.000Z,53,000,Squaxin Island Indian Reservation,2026-08-20T20:50:08.994Z
4481,DR-4481-WA,WA,DR,2020-03-22T00:00:00.000Z,Biological,2020-01-20T00:00:00.000Z,2023-05-11T00:00:00.000Z,53,000,Skokomish Indian Reservation,2026-08-20T20:50:08.994Z
4481,DR-4481-WA,WA,DR,2020-03-22T00:00:00.000Z,Biological,2020-01-20T00:00:00.000Z,2023-05-11T00:00:00.000Z,53,000,Shoalwater Bay Reservation,2026-08-20T20:50:08.994Z
4481,DR-4481-WA,WA,DR,2020-03-22T00:00:00.000Z,Biological,2020-01-20T00:00:00.000Z,2023-05-11T00:00:00.000Z,53,000,Makah Indian Reservation,2026-08-20T20:50:08.994Z
4481,DR-4481-WA,WA,DR,2020-03-22T00:00:00.000Z,Biological,2020-01-20T00:00:00.000Z,2023-05-11T00:00:00.000Z,53,000,Stillaguamish Indian Reservation,2026-08-20T20:50:08.994Z
4481,DR-4481-WA,WA,DR,2020-03-22T00:00:00.000Z,Biological,2020-01-20T00:00:00.000Z,2023-05-11T00:00:00.000Z,53,000,Puyallup Indian Reservation,2026-08-20T20:50:08.994Z
4481,DR-4481-WA,WA,DR,2020-03-22T00:00:00.000Z,Biological,2020-01-20T00:00:00.000Z,2023-05-11T00:00:00.000Z,53,000,Kalispel Indian Reservation,2026-08-20T20:50:08.994Z
4481,DR-4481-WA,WA,DR,2020-03-22T00:00:00.000Z,Biological,2020-01-20T00:00:00.000Z,2023-05-11T00:00:00.000Z,53,000,Lummi Indian Reservation,2026-08-20T20:50:08.994Z
4481,DR-4481-WA,WA,DR,2020-03-22T00:00:00.000Z,Biological,2020-01-20T00:00:00.000Z,2023-05-11T00:00:00.000Z,53,000,Jamestown Reservation,2026-08-20T20:50:08.994Z
4481,DR-4481-WA,WA,DR,2020-03-22T00:00:00.000Z,Biological,2020-01-20T00:00:00.000Z,2023-05-11T00:00:00.000Z,53,000,Ozette Indian Reservation,2026-08-20T20:50:08.994Z
4481,DR-4481-WA,WA,DR,2020-03-22T00:00:00.000Z,Biological,2020-01-20T00:00:00.000Z,2023-05-11T00:00:00.000Z,53,000,Quileute Indian Reservation,2026-08-20T20:50:08.994Z
4481,DR-4481-WA,WA,DR,2020-03-22T00:00:00.000Z,Biological,2020-01-20T00:00:00.000Z,2023-05-11T00:00:00.000Z,53,000,Lower Elwha Indian Reservation,2026-08-20T20:50:08.994Z
4481,DR-4481-WA,WA,DR,2020-03-22T00:00:00.000Z,Biological,2020-01-20T00:00:00.000Z,2023-05-11T00:00:00.000Z,53,000,Quinault Indian Reservation,2026-08-20T20:50:08.994Z
4481,DR-4481-WA,WA,DR,2020-03-22T00:00:00.000Z,Biological,2020-01-20T00:00:00.000Z,2023-05-11T00:00:00.000Z,53,000,Upper Skagit Indian Reservation,2026-08-20T20:50:08.994Z
4481,DR-4481-WA,WA,DR,2020-03-22T00:00:00.000Z,Biological,2020-01-20T00:00:00.000Z,2023-05-11T00:00:00.000Z,53,000,Muckleshoot Indian Reservation,2026-08-20T20:50:08.994Z
4481,DR-4481-WA,WA,DR,2020-03-22T00:00:00.000Z,Biological,2020-01-20T00:00:00.000Z,2023-05-11T00:00:00.000Z,53,000,Samish (TDSA),2026-08-20T20:50:08.994Z
4481,DR-4481-WA,WA,DR,2020-03-22T00:00:00.000Z,Biological,2020-01-20T00:00:00.000Z,2023-05-11T00:00:00.000Z,53,000,Spokane Indian Reservation,2026-08-20T20:50:08.994Z
4481,DR-4481-WA,WA,DR,2020-03-22T00:00:00.000Z,Biological,2020-01-20T00:00:00.000Z,2023-05-11T00:00:00.000Z,53,000,Port Madison Indian Reservation,2026-08-20T20:50:08.994Z
4481,DR-4481-WA,WA,DR,2020-03-22T00:00:00.000Z,Biological,2020-01-20T00:00:00.000Z,2023-05-11T00:00:00.000Z,53,000,Nisqually Indian Reservation,2026-08-20T20:50:08.994Z
4481,DR-4481-WA,WA,DR,2020-03-22T00:00:00.000Z,Biological,2020-01-20T00:00:00.000Z,2023-05-11T00:00:00.000Z,53,000,Colville Indian Reservation,2026-08-20T20:50:08.994Z
4480,DR-4480-NY,NY,DR,2020-03-20T00:00:00.000Z,Biological,2020-01-20T00:00:00.000Z,2023-05-11T00:00:00.000Z,36,000,Cayuga Nation (TDSA),2026-08-20T20:50:08.994Z
4480,DR-4480-NY,NY,DR,2020-03-20T00:00:00.000Z,Biological,2020-01-20T00:00:00.000Z,2023-05-11T00:00:00.000Z,36,000,Oneida (East) Indian Reservation,2026-08-20T20:50:08.994Z
4469,DR-4469-SD,SD,DR,2019-11-18T00:00:00.000Z,Severe Storm,2019-09-09T00:00:00.000Z,2019-09-26T00:00:00.000Z,46,000,Flandreau Indian Reservation,2026-08-20T20:50:08.994Z
4469,DR-4469-SD,SD,DR,2019-11-18T00:00:00.000Z,Severe Storm,2019-09-09T00:00:00.000Z,2019-09-26T00:00:00.000Z,46,000,Yankton Indian Reservation,2026-08-20T20:50:08.994Z
4467,DR-4467-SD,SD,DR,2019-10-07T00:00:00.000Z,Severe Storm,2019-06-30T00:00:00.000Z,2019-07-21T00:00:00.000Z,46,000,Cheyenne River Indian Reservation,2026-08-20T20:50:08.994Z
4467,DR-4467-SD,SD,DR,2019-10-07T00:00:00.000Z,Severe Storm,2019-06-30T00:00:00.000Z,2019-07-21T00:00:00.000Z,46,000,Lower Brule Indian Reservation,2026-08-20T20:50:08.994Z
4463,DR-4463-SD,SD,DR,2019-09-23T00:00:00.000Z,Flood,2019-05-21T00:00:00.000Z,2019-06-07T00:00:00.000Z,46,000,Rosebud Indian Reservation,2026-08-20T20:50:08.994Z
4463,DR-4463-SD,SD,DR,2019-09-23T00:00:00.000Z,Flood,2019-05-21T00:00:00.000Z,2019-06-07T00:00:00.000Z,46,000,Cheyenne River Indian Reservation,2026-08-20T20:50:08.994Z
4459,DR-4459-WI,WI,DR,2019-08-27T00:00:00.000Z,Flood,2019-07-18T00:00:00.000Z,2019-07-20T00:00:00.000Z,55,000,St. Croix Indian Reservation,2026-08-20T20:50:08.994Z
4459,DR-4459-WI,WI,DR,2019-08-27T00:00:00.000Z,Flood,2019-07-18T00:00:00.000Z,2019-07-20T00:00:00.000Z,55,000,Menominee Indian Reservation,2026-08-20T20:50:08.994Z
4456,DR-4456-OK,OK,DR,2019-08-07T00:00:00.000Z,Severe Storm,2019-05-07T00:00:00.000Z,2019-06-09T00:00:00.000Z,40,000,Creek (OTSA),2026-08-20T20:50:08.994Z
4448,DR-4448-SD,SD,DR,2019-06-20T00:00:00.000Z,Severe Storm,2019-03-13T00:00:00.000Z,2019-03-26T00:00:00.000Z,46,000,Oglala Sioux Tribe of the Pine Ridge Reservation,2026-08-20T20:50:08.994Z
4446,DR-4446-NE,NE,DR,2019-06-17T00:00:00.000Z,Flood,2019-03-13T00:00:00.000Z,2019-04-01T00:00:00.000Z,31,000,Ponca (TDSA),2026-08-20T20:50:08.994Z
4446,DR-4446-NE,NE,DR,2019-06-17T00:00:00.000Z,Flood,2019-03-13T00:00:00.000Z,2019-04-01T00:00:00.000Z,31,000,Ponca TDSA,2026-08-20T20:50:08.994Z
4443,DR-4443-ID,ID,DR,2019-06-12T00:00:00.000Z,Flood,2019-04-07T00:00:00.000Z,2019-04-13T00:00:00.000Z,16,000,Nez Perce Indian Reservation,2026-08-20T20:50:08.994Z
4442,DR-4442-MN,MN,DR,2019-06-12T00:00:00.000Z,Flood,2019-03-12T00:00:00.000Z,2019-04-28T00:00:00.000Z,27,000,Upper Sioux Community (Indian Reservation),2026-08-20T20:50:08.994Z
4442,DR-4442-MN,MN,DR,2019-06-12T00:00:00.000Z,Flood,2019-03-12T00:00:00.000Z,2019-04-28T00:00:00.000Z,27,000,Prairie Island Community (Indian Reservation),2026-08-20T20:50:08.994Z
4442,DR-4442-MN,MN,DR,2019-06-12T00:00:00.000Z,Flood,2019-03-12T00:00:00.000Z,2019-04-28T00:00:00.000Z,27,000,Red Lake Indian Reservation,2026-08-20T20:50:08.994Z
4442,DR-4442-MN,MN,DR,2019-06-12T00:00:00.000Z,Flood,2019-03-12T00:00:00.000Z,2019-04-28T00:00:00.000Z,27,000,White Earth Indian Reservation,2026-08-20T20:50:08.994Z
4440,DR-4440-SD,SD,DR,2019-06-07T00:00:00.000Z,Flood,2019-03-13T00:00:00.000Z,2019-04-26T00:00:00.000Z,46,000,Oglala Sioux Tribe of the Pine Ridge Reservation,2026-08-20T20:50:08.994Z
4440,DR-4440-SD,SD,DR,2019-06-07T00:00:00.000Z,Flood,2019-03-13T00:00:00.000Z,2019-04-26T00:00:00.000Z,46,000,Rosebud Indian Reservation,2026-08-20T20:50:08.994Z
4440,DR-4440-SD,SD,DR,2019-06-07T00:00:00.000Z,Flood,2019-03-13T00:00:00.000Z,2019-04-26T00:00:00.000Z,46,000,Cheyenne River Indian Reservation,2026-08-20T20:50:08.994Z
4440,DR-4440-SD,SD,DR,2019-06-07T00:00:00.000Z,Flood,2019-03-13T00:00:00.000Z,2019-04-26T00:00:00.000Z,46,000,Lake Traverse (Sisseton) Indian Reservation,2026-08-20T20:50:08.994Z
4438,DR-4438-OK,OK,DR,2019-06-01T00:00:00.000Z,Severe Storm,2019-05-07T00:00:00.000Z,2019-06-09T00:00:00.000Z,40,000,Pawnee (OTSA),2026-08-20T20:50:08.994Z
4436,DR-4436-AZ,AZ,DR,2019-05-21T00:00:00.000Z,Severe Storm,2019-02-21T00:00:00.000Z,2019-02-24T00:00:00.000Z,04,000,Navajo Nation Reservation (Also NM and UT),2026-08-20T20:50:08.994Z
4430,DR-4430-IA,IA,DR,2019-04-29T00:00:00.000Z,Flood,2019-03-13T00:00:00.000Z,2019-04-01T00:00:00.000Z,19,000,Sac and Fox Tribe of the Mississippi in Iowa,2026-08-20T20:50:08.994Z
4425,DR-4425-CA,CA,DR,2019-04-08T00:00:00.000Z,Severe Storm,2019-02-14T00:00:00.000Z,2019-02-15T00:00:00.000Z,06,000,Soboba Indian Reservation,2026-08-20T20:50:08.994Z
4423,DR-4423-CA,CA,DR,2019-03-28T00:00:00.000Z,Severe Storm,2019-02-14T00:00:00.000Z,2019-02-14T00:00:00.000Z,06,000,Cahuilla Indian Reservation,2026-08-20T20:50:08.994Z
4422,DR-4422-CA,CA,DR,2019-03-26T00:00:00.000Z,Severe Storm,2019-02-14T00:00:00.000Z,2019-02-15T00:00:00.000Z,06,000,La Jolla Indian Reservation,2026-08-20T20:50:08.994Z
4420,DR-4420-NE,NE,DR,2019-03-21T00:00:00.000Z,Flood,2019-03-09T00:00:00.000Z,2019-07-14T00:00:00.000Z,31,000,Winnebago Indian Reservation,2026-08-20T20:50:08.994Z
4420,DR-4420-NE,NE,DR,2019-03-21T00:00:00.000Z,Flood,2019-03-09T00:00:00.000Z,2019-07-14T00:00:00.000Z,31,000,Omaha Indian Reservation,2026-08-20T20:50:08.994Z
4420,DR-4420-NE,NE,DR,2019-03-21T00:00:00.000Z,Flood,2019-03-09T00:00:00.000Z,2019-07-14T00:00:00.000Z,31,000,Sac and Fox Indian Reservation (Also KS),2026-08-20T20:50:08.994Z
4420,DR-4420-NE,NE,DR,2019-03-21T00:00:00.000Z,Flood,2019-03-09T00:00:00.000Z,2019-07-14T00:00:00.000Z,31,000,Ponca (TDSA),2026-08-20T20:50:08.994Z
4420,DR-4420-NE,NE,DR,2019-03-21T00:00:00.000Z,Flood,2019-03-09T00:00:00.000Z,2019-07-14T00:00:00.000Z,31,000,Santee Indian Reservation,2026-08-20T20:50:08.994Z
4409,DR-4409-AZ,AZ,DR,2018-11-30T00:00:00.000Z,Severe Storm,2018-10-01T00:00:00.000Z,2018-10-03T00:00:00.000Z,04,000,Tohono O'odham Reservation and Trust Lands,2026-08-20T20:50:08.994Z
4390,DR-4390-MN,MN,DR,2018-09-05T00:00:00.000Z,Flood,2018-06-15T00:00:00.000Z,2018-07-12T00:00:00.000Z,27,000,Red Lake Indian Reservation,2026-08-20T20:50:08.994Z
4390,DR-4390-MN,MN,DR,2018-09-05T00:00:00.000Z,Flood,2018-06-15T00:00:00.000Z,2018-07-12T00:00:00.000Z,27,000,Leech Lake Indian Reservation,2026-08-20T20:50:08.994Z
4390,DR-4390-MN,MN,DR,2018-09-05T00:00:00.000Z,Flood,2018-06-15T00:00:00.000Z,2018-07-12T00:00:00.000Z,27,000,White Earth Indian Reservation,2026-08-20T20:50:08.994Z
4389,DR-4389-AZ,AZ,DR,2018-08-31T00:00:00.000Z,Flood,2018-07-11T00:00:00.000Z,2018-07-12T00:00:00.000Z,04,000,Havasupai Indian Reservation,2026-08-20T20:50:08.994Z
4384,DR-4384-WA,WA,DR,2018-08-17T00:00:00.000Z,Flood,2018-05-05T00:00:00.000Z,2018-05-28T00:00:00.000Z,53,000,Colville Indian Reservation,2026-08-20T20:50:08.994Z
4352,DR-4352-NM,NM,DR,2017-12-20T00:00:00.000Z,Flood,2017-10-04T00:00:00.000Z,2017-10-06T00:00:00.000Z,35,000,Pueblo of Acoma,2026-08-20T20:50:08.994Z
4346,DR-4346-SC,SC,DR,2017-10-16T00:00:00.000Z,Hurricane,2017-09-06T00:00:00.000Z,2017-09-13T00:00:00.000Z,45,000,Catawba Indian Nation,2026-08-20T20:50:08.994Z
4341,DR-4341-FL,FL,DR,2017-09-27T00:00:00.000Z,Hurricane,2017-09-04T00:00:00.000Z,2017-10-04T00:00:00.000Z,12,000,Hollywood Indian Reservation,2026-08-20T20:50:08.994Z
4341,DR-4341-FL,FL,DR,2017-09-27T00:00:00.000Z,Hurricane,2017-09-04T00:00:00.000Z,2017-10-04T00:00:00.000Z,12,000,Big Cypress Indian Reservation,2026-08-20T20:50:08.994Z
4341,DR-4341-FL,FL,DR,2017-09-27T00:00:00.000Z,Hurricane,2017-09-04T00:00:00.000Z,2017-10-04T00:00:00.000Z,12,000,Brighton Indian Reservation,2026-08-20T20:50:08.994Z
4341,DR-4341-FL,FL,DR,2017-09-27T00:00:00.000Z,Hurricane,2017-09-04T00:00:00.000Z,2017-10-04T00:00:00.000Z,12,000,Fort Pierce Indian Reservation,2026-08-20T20:50:08.994Z
4341,DR-4341-FL,FL,DR,2017-09-27T00:00:00.000Z,Hurricane,2017-09-04T00:00:00.000Z,2017-10-04T00:00:00.000Z,12,000,Tampa Reservation,2026-08-20T20:50:08.994Z
4341,DR-4341-FL,FL,DR,2017-09-27T00:00:00.000Z,Hurricane,2017-09-04T00:00:00.000Z,2017-10-04T00:00:00.000Z,12,000,Immokalee Indian Reservation,2026-08-20T20:50:08.994Z
4323,DR-4323-ND,ND,DR,2017-07-12T00:00:00.000Z,Flood,2017-03-23T00:00:00.000Z,2017-04-29T00:00:00.000Z,38,000,Turtle Mountain Indian Reservation,2026-08-20T20:50:08.994Z
4315,DR-4315-OK,OK,DR,2017-05-26T00:00:00.000Z,Severe Storm,2017-04-28T00:00:00.000Z,2017-05-02T00:00:00.000Z,40,000,Pawnee (OTSA),2026-08-20T20:50:08.994Z
4312,DR-4312-CA,CA,DR,2017-05-02T00:00:00.000Z,Severe Storm,2017-02-08T00:00:00.000Z,2017-02-11T00:00:00.000Z,06,000,Resighini Rancheria (Indian Reservation),2026-08-20T20:50:08.994Z
4308,DR-4308-CA,CA,DR,2017-04-01T00:00:00.000Z,Flood,2017-02-01T00:00:00.000Z,2017-02-23T00:00:00.000Z,06,000,Tule River Indian Reservation,2026-08-20T20:50:08.994Z
4303,DR-4303-NV,NV,DR,2017-02-17T00:00:00.000Z,Severe Storm,2017-01-05T00:00:00.000Z,2017-01-14T00:00:00.000Z,32,000,Pyramid Lake Indian Reservation,2026-08-20T20:50:08.994Z
4303,DR-4303-NV,NV,DR,2017-02-17T00:00:00.000Z,Severe Storm,2017-01-05T00:00:00.000Z,2017-01-14T00:00:00.000Z,32,000,Washoe Indian Reservation,2026-08-20T20:50:08.994Z
4303,DR-4303-NV,NV,DR,2017-02-17T00:00:00.000Z,Severe Storm,2017-01-05T00:00:00.000Z,2017-01-14T00:00:00.000Z,32,000,Reno-Sparks Colony (Reservation),2026-08-20T20:50:08.994Z
4302,DR-4302-CA,CA,DR,2017-02-14T00:00:00.000Z,Severe Storm,2017-01-03T00:00:00.000Z,2017-01-05T00:00:00.000Z,06,000,Hoopa Valley Indian Reservation,2026-08-20T20:50:08.994Z
4298,DR-4298-SD,SD,DR,2017-02-01T00:00:00.000Z,Severe Storm,2016-12-24T00:00:00.000Z,2016-12-26T00:00:00.000Z,46,000,Oglala Sioux Tribe of the Pine Ridge Reservation,2026-08-20T20:50:08.994Z
4298,DR-4298-SD,SD,DR,2017-02-01T00:00:00.000Z,Severe Storm,2016-12-24T00:00:00.000Z,2016-12-26T00:00:00.000Z,46,000,Lake Traverse (Sisseton) Indian Reservation,2026-08-20T20:50:08.994Z
4298,DR-4298-SD,SD,DR,2017-02-01T00:00:00.000Z,Severe Storm,2016-12-24T00:00:00.000Z,2016-12-26T00:00:00.000Z,46,000,Cheyenne River Indian Reservation,2026-08-20T20:50:08.994Z
4276,DR-4276-WI,WI,DR,2016-08-09T00:00:00.000Z,Severe Storm,2016-07-11T00:00:00.000Z,2016-07-12T00:00:00.000Z,55,000,Bad River Indian Reservation,2026-08-20T20:50:08.994Z
4246,DR-4246-ID,ID,DR,2015-12-23T00:00:00.000Z,Severe Storm,2015-11-17T00:00:00.000Z,2015-11-17T00:00:00.000Z,16,000,Coeur d'Alene Indian Reservation,2026-08-20T20:50:08.994Z
4243,DR-4243-WA,WA,DR,2015-10-20T00:00:00.000Z,Fire,2015-08-09T00:00:00.000Z,2015-09-10T00:00:00.000Z,53,000,Colville Indian Reservation,2026-08-20T20:50:08.994Z
4237,DR-4237-SD,SD,DR,2015-08-07T00:00:00.000Z,Severe Storm,2015-05-08T00:00:00.000Z,2015-05-29T00:00:00.000Z,46,000,Oglala Sioux Tribe of the Pine Ridge Reservation,2026-08-20T20:50:08.994Z
4233,DR-4233-SD,SD,DR,2015-07-30T00:00:00.000Z,Severe Storm,2015-06-17T00:00:00.000Z,2015-06-24T00:00:00.000Z,46,000,Crow Creek Indian Reservation,2026-08-20T20:50:08.994Z
4233,DR-4233-SD,SD,DR,2015-07-30T00:00:00.000Z,Severe Storm,2015-06-17T00:00:00.000Z,2015-06-24T00:00:00.000Z,46,000,Lower Brule Indian Reservation,2026-08-20T20:50:08.994Z
4206,DR-4206-CA,CA,DR,2015-01-27T00:00:00.000Z,Flood,2014-12-04T00:00:00.000Z,2014-12-06T00:00:00.000Z,06,000,Soboba Indian Reservation,2026-08-20T20:50:08.994Z
4202,DR-4202-NV,NV,DR,2014-11-05T00:00:00.000Z,Flood,2014-09-07T00:00:00.000Z,2014-09-09T00:00:00.000Z,32,000,Moapa River Indian Reservation,2026-08-20T20:50:08.994Z
4198,DR-4198-MT,MT,DR,2014-10-09T00:00:00.000Z,Severe Storm,2014-08-21T00:00:00.000Z,2014-08-25T00:00:00.000Z,30,000,Fort Belknap Indian Reservation,2026-08-20T20:50:08.994Z
4197,DR-4197-NM,NM,DR,2014-10-06T00:00:00.000Z,Severe Storm,2014-07-27T00:00:00.000Z,2014-08-05T00:00:00.000Z,35,000,Pueblo of Santa Clara,2026-08-20T20:50:08.994Z
4197,DR-4197-NM,NM,DR,2014-10-06T00:00:00.000Z,Severe Storm,2014-07-27T00:00:00.000Z,2014-08-05T00:00:00.000Z,35,000,Pueblo of Acoma,2026-08-20T20:50:08.994Z
4190,DR-4190-ND,ND,DR,2014-08-19T00:00:00.000Z,Flood,2014-06-25T00:00:00.000Z,2014-07-01T00:00:00.000Z,38,000,Standing Rock Sioux Tribe of North & South Dakota,2026-08-20T20:50:08.994Z
4188,DR-4188-WA,WA,DR,2014-08-11T00:00:00.000Z,Fire,2014-07-09T00:00:00.000Z,2014-08-05T00:00:00.000Z,53,000,Colville Indian Reservation,2026-08-20T20:50:08.994Z
4186,DR-4186-SD,SD,DR,2014-07-28T00:00:00.000Z,Flood,2014-06-13T00:00:00.000Z,2014-06-20T00:00:00.000Z,46,000,Standing Rock Sioux Tribe of North & South Dakota,2026-08-20T20:50:08.994Z
4184,DR-4184-IA,IA,DR,2014-07-24T00:00:00.000Z,Flood,2014-06-14T00:00:00.000Z,2014-06-23T00:00:00.000Z,19,000,Sac and Fox Tribe of the Mississippi in Iowa,2026-08-20T20:50:08.994Z
4182,DR-4182-MN,MN,DR,2014-07-21T00:00:00.000Z,Flood,2014-06-11T00:00:00.000Z,2014-07-11T00:00:00.000Z,27,000,Bois Forte (Nett Lake) Indian Reservation,2026-08-20T20:50:08.994Z
4182,DR-4182-MN,MN,DR,2014-07-21T00:00:00.000Z,Flood,2014-06-11T00:00:00.000Z,2014-07-11T00:00:00.000Z,27,000,Prairie Island Community (Indian Reservation),2026-08-20T20:50:08.994Z
4182,DR-4182-MN,MN,DR,2014-07-21T00:00:00.000Z,Flood,2014-06-11T00:00:00.000Z,2014-07-11T00:00:00.000Z,27,000,Red Lake Indian Reservation,2026-08-20T20:50:08.994Z
4168,DR-4168-WA,WA,DR,2014-04-02T00:00:00.000Z,Mud/Landslide,2014-03-22T00:00:00.000Z,2014-04-28T00:00:00.000Z,53,000,Stillaguamish Indian Reservation,2026-08-20T20:50:08.994Z
4168,DR-4168-WA,WA,DR,2014-04-02T00:00:00.000Z,Mud/Landslide,2014-03-22T00:00:00.000Z,2014-04-28T00:00:00.000Z,53,000,Sauk-Suiattle Indian Reservation,2026-08-20T20:50:08.994Z
4168,DR-4168-WA,WA,DR,2014-04-02T00:00:00.000Z,Mud/Landslide,2014-03-22T00:00:00.000Z,2014-04-28T00:00:00.000Z,53,000,Tulalip Indian Reservation,2026-08-20T20:50:08.994Z
4155,DR-4155-SD,SD,DR,2013-11-08T00:00:00.000Z,Severe Storm,2013-10-03T00:00:00.000Z,2013-10-16T00:00:00.000Z,46,000,Oglala Sioux Tribe of the Pine Ridge Reservation,2026-08-20T20:50:08.994Z
4155,DR-4155-SD,SD,DR,2013-11-08T00:00:00.000Z,Severe Storm,2013-10-03T00:00:00.000Z,2013-10-16T00:00:00.000Z,46,000,Cheyenne River Indian Reservation,2026-08-20T20:50:08.994Z
4152,DR-4152-NM,NM,DR,2013-10-29T00:00:00.000Z,Flood,2013-09-09T00:00:00.000Z,2013-09-22T00:00:00.000Z,35,000,Isleta Pueblo (Indian Reservation),2026-08-20T20:50:08.994Z
4152,DR-4152-NM,NM,DR,2013-10-29T00:00:00.000Z,Flood,2013-09-09T00:00:00.000Z,2013-09-22T00:00:00.000Z,35,000,Sandia Pueblo (Indian Reservation),2026-08-20T20:50:08.994Z
4152,DR-4152-NM,NM,DR,2013-10-29T00:00:00.000Z,Flood,2013-09-09T00:00:00.000Z,2013-09-22T00:00:00.000Z,35,000,Navajo Nation Reservation (Also  AZ and UT),2026-08-20T20:50:08.994Z
4151,DR-4151-NM,NM,DR,2013-10-24T00:00:00.000Z,Severe Storm,2013-09-13T00:00:00.000Z,2013-09-16T00:00:00.000Z,35,000,Santa Clara Pueblo (Indian Reservation),2026-08-20T20:50:08.994Z
4148,DR-4148-NM,NM,DR,2013-09-30T00:00:00.000Z,Severe Storm,2013-07-23T00:00:00.000Z,2013-07-28T00:00:00.000Z,35,000,San Felipe Pueblo (Indian Reservation),2026-08-20T20:50:08.994Z
4148,DR-4148-NM,NM,DR,2013-09-30T00:00:00.000Z,Severe Storm,2013-07-23T00:00:00.000Z,2013-07-28T00:00:00.000Z,35,000,Cochiti Pueblo (Indian Reservation),2026-08-20T20:50:08.994Z
4148,DR-4148-NM,NM,DR,2013-09-30T00:00:00.000Z,Severe Storm,2013-07-23T00:00:00.000Z,2013-07-28T00:00:00.000Z,35,000,Navajo Nation Reservation (Also  AZ and UT),2026-08-20T20:50:08.994Z
4148,DR-4148-NM,NM,DR,2013-09-30T00:00:00.000Z,Severe Storm,2013-07-23T00:00:00.000Z,2013-07-28T00:00:00.000Z,35,000,Sandia Pueblo (Indian Reservation),2026-08-20T20:50:08.994Z
4148,DR-4148-NM,NM,DR,2013-09-30T00:00:00.000Z,Severe Storm,2013-07-23T00:00:00.000Z,2013-07-28T00:00:00.000Z,35,000,Santo Domingo Pueblo (Indian Reservation),2026-08-20T20:50:08.994Z
4147,DR-4147-NM,NM,DR,2013-09-27T00:00:00.000Z,Severe Storm,2013-07-19T00:00:00.000Z,2013-07-21T00:00:00.000Z,35,000,Santa Clara Pueblo (Indian Reservation),2026-08-20T20:50:08.994Z
4146,DR-4146-NC,NC,DR,2013-09-25T00:00:00.000Z,Flood,2013-07-03T00:00:00.000Z,2013-07-13T00:00:00.000Z,37,000,Eastern Band of Cherokee Indians,2026-08-20T20:50:08.994Z
4142,DR-4142-CA,CA,DR,2013-08-29T00:00:00.000Z,Fire,2013-07-29T00:00:00.000Z,2013-08-01T00:00:00.000Z,06,000,Karuk Reservation,2026-08-20T20:50:08.994Z
4128,DR-4128-ND,ND,DR,2013-07-12T00:00:00.000Z,Severe Storm,2013-05-17T00:00:00.000Z,2013-06-16T00:00:00.000Z,38,000,Turtle Mountain Indian Reservation,2026-08-20T20:50:08.994Z
4128,DR-4128-ND,ND,DR,2013-07-12T00:00:00.000Z,Severe Storm,2013-05-17T00:00:00.000Z,2013-06-16T00:00:00.000Z,38,000,Spirit Lake Reservation,2026-08-20T20:50:08.994Z
4127,DR-4127-MT,MT,DR,2013-07-10T00:00:00.000Z,Flood,2013-05-19T00:00:00.000Z,2013-06-03T00:00:00.000Z,30,000,Rocky Boy's Indian Reservation,2026-08-20T20:50:08.994Z
4127,DR-4127-MT,MT,DR,2013-07-10T00:00:00.000Z,Flood,2013-05-19T00:00:00.000Z,2013-06-03T00:00:00.000Z,30,000,Fort Belknap Indian Reservation,2026-08-20T20:50:08.994Z
4127,DR-4127-MT,MT,DR,2013-07-10T00:00:00.000Z,Flood,2013-05-19T00:00:00.000Z,2013-06-03T00:00:00.000Z,30,000,Fort Peck Indian Reservation,2026-08-20T20:50:08.994Z
4125,DR-4125-SD,SD,DR,2013-06-28T00:00:00.000Z,Severe Storm,2013-05-24T00:00:00.000Z,2013-05-31T00:00:00.000Z,46,000,Oglala Sioux Tribe of the Pine Ridge Reservation,2026-08-20T20:50:08.994Z
4123,DR-4123-ND,ND,DR,2013-06-25T00:00:00.000Z,Flood,2013-05-25T00:00:00.000Z,2013-06-01T00:00:00.000Z,38,000,Standing Rock Sioux Tribe of North & South Dakota,2026-08-20T20:50:08.994Z
4118,DR-4118-ND,ND,DR,2013-05-29T00:00:00.000Z,Flood,2013-04-22T00:00:00.000Z,2013-05-16T00:00:00.000Z,38,000,Spirit Lake Reservation,2026-08-20T20:50:08.994Z
4115,DR-4115-SD,SD,DR,2013-05-10T00:00:00.000Z,Severe Storm,2013-04-08T00:00:00.000Z,2013-04-10T00:00:00.000Z,46,000,Oglala Sioux Tribe of the Pine Ridge Reservation,2026-08-20T20:50:08.994Z
4106,DR-4106-CT,CT,DR,2013-03-21T00:00:00.000Z,Severe Storm,2013-02-08T00:00:00.000Z,2013-02-11T00:00:00.000Z,09,000,Mashantucket Pequot Indian Reservation,2026-08-20T20:50:08.994Z
4104,DR-4104-AZ,AZ,DR,2013-03-05T00:00:00.000Z,Freezing,2012-12-15T00:00:00.000Z,2013-01-21T00:00:00.000Z,04,000,Navajo Nation Reservation (Also NM and UT),2026-08-20T20:50:08.994Z
4103,DR-4103-NC,NC,DR,2013-03-01T00:00:00.000Z,Mud/Landslide,2013-01-14T00:00:00.000Z,2013-01-17T00:00:00.000Z,37,000,Eastern Band of Cherokee Indians,2026-08-20T20:50:08.994Z
4087,DR-4087-CT,CT,DR,2012-10-30T00:00:00.000Z,Hurricane,2012-10-27T00:00:00.000Z,2012-11-08T00:00:00.000Z,09,000,Mashantucket Pequot Indian Reservation,2026-08-20T20:50:08.994Z
4083,DR-4083-WA,WA,DR,2012-09-25T00:00:00.000Z,Severe Storm,2012-07-20T00:00:00.000Z,2012-07-20T00:00:00.000Z,53,000,Colville Indian Reservation,2026-08-20T20:50:08.994Z
4081,DR-4081-MS,MS,DR,2012-08-29T00:00:00.000Z,Hurricane,2012-08-26T00:00:00.000Z,2012-09-11T00:00:00.000Z,28,000,Mississippi Choctaw Indian Reservation,2026-08-20T20:50:08.994Z
4079,DR-4079-NM,NM,DR,2012-08-24T00:00:00.000Z,Flood,2012-06-22T00:00:00.000Z,2012-07-12T00:00:00.000Z,35,000,Santa Clara Pueblo (Indian Reservation),2026-08-20T20:50:08.994Z
4079,DR-4079-NM,NM,DR,2012-08-24T00:00:00.000Z,Flood,2012-06-22T00:00:00.000Z,2012-07-12T00:00:00.000Z,35,000,Mescalero Tribe,2026-08-20T20:50:08.994Z
4076,DR-4076-WI,WI,DR,2012-08-02T00:00:00.000Z,Severe Storm,2012-06-19T00:00:00.000Z,2012-06-20T00:00:00.000Z,55,000,Red Cliff Indian Reservation,2026-08-20T20:50:08.994Z
4074,DR-4074-MT,MT,DR,2012-08-02T00:00:00.000Z,Fire,2012-06-25T00:00:00.000Z,2012-07-10T00:00:00.000Z,30,000,Crow/Northern Cheyenne Area,2026-08-20T20:50:08.994Z
4069,DR-4069-MN,MN,DR,2012-07-06T00:00:00.000Z,Severe Storm,2012-06-14T00:00:00.000Z,2012-06-21T00:00:00.000Z,27,000,Grand Portage Indian Reservation,2026-08-20T20:50:08.994Z
4069,DR-4069-MN,MN,DR,2012-07-06T00:00:00.000Z,Severe Storm,2012-06-14T00:00:00.000Z,2012-06-21T00:00:00.000Z,27,000,Fond du Lac Indian Reservation,2026-08-20T20:50:08.994Z
4069,DR-4069-MN,MN,DR,2012-07-06T00:00:00.000Z,Severe Storm,2012-06-14T00:00:00.000Z,2012-06-21T00:00:00.000Z,27,000,Mille Lacs Indian Reservation,2026-08-20T20:50:08.994Z
4047,DR-4047-NM,NM,DR,2011-11-23T00:00:00.000Z,Flood,2011-08-19T00:00:00.000Z,2011-08-24T00:00:00.000Z,35,000,Santa Clara Pueblo (Indian Reservation),2026-08-20T20:50:08.994Z
4047,DR-4047-NM,NM,DR,2011-11-23T00:00:00.000Z,Flood,2011-08-19T00:00:00.000Z,2011-08-24T00:00:00.000Z,35,000,Pueblo of Acoma,2026-08-20T20:50:08.994Z
4047,DR-4047-NM,NM,DR,2011-11-23T00:00:00.000Z,Flood,2011-08-19T00:00:00.000Z,2011-08-24T00:00:00.000Z,35,000,Cochiti Pueblo (Indian Reservation),2026-08-20T20:50:08.994Z
4027,DR-4027-RI,RI,DR,2011-09-03T00:00:00.000Z,Hurricane,2011-08-27T00:00:00.000Z,2011-08-29T00:00:00.000Z,44,000,Statewide,2026-08-20T20:50:08.994Z
4013,DR-4013-NE,NE,DR,2011-08-12T00:00:00.000Z,Flood,2011-05-24T00:00:00.000Z,2011-08-01T00:00:00.000Z,31,000,Omaha Indian Reservation,2026-08-20T20:50:08.994Z
4011,DR-4011-UT,UT,DR,2011-08-08T00:00:00.000Z,Flood,2011-04-18T00:00:00.000Z,2011-07-16T00:00:00.000Z,49,000,Uintah and Ouray Indian Reservation,2026-08-20T20:50:08.994Z
4009,DR-4009-MN,MN,DR,2011-07-28T00:00:00.000Z,Severe Storm,2011-07-01T00:00:00.000Z,2011-07-11T00:00:00.000Z,27,000,Mille Lacs Indian Reservation,2026-08-20T20:50:08.994Z
4007,DR-4007-WY,WY,DR,2011-07-22T00:00:00.000Z,Severe Storm,2011-05-18T00:00:00.000Z,2011-07-08T00:00:00.000Z,56,000,Wind River Indian Reservation,2026-08-20T20:50:08.994Z
3640,EM-3640-MS,MS,EM,2026-01-24T00:00:00.000Z,Winter Storm,2026-01-23T00:00:00.000Z,2026-01-27T00:00:00.000Z,28,000,Mississippi Choctaw Indian Reservation,2026-08-20T20:50:08.994Z
3637,EM-3637-NC,NC,EM,2026-01-24T00:00:00.000Z,Winter Storm,2026-01-21T00:00:00.000Z,2026-01-27T00:00:00.000Z,37,000,Eastern Band of Cherokee Indians,2026-08-20T20:50:08.994Z
3637,EM-3637-NC,NC,EM,2026-01-24T00:00:00.000Z,Winter Storm,2026-01-21T00:00:00.000Z,2026-01-27T00:00:00.000Z,37,000,Lumbee (TDSA),2026-08-20T20:50:08.994Z
3632,EM-3632-SC,SC,EM,2026-01-23T00:00:00.000Z,Winter Storm,2026-01-21T00:00:00.000Z,2026-01-27T00:00:00.000Z,45,000,Catawba Indian Nation,2026-08-20T20:50:08.994Z
3629,EM-3629-WA,WA,EM,2025-12-12T00:00:00.000Z,Flood,2025-12-09T00:00:00.000Z,2025-12-19T00:00:00.000Z,53,000,Samish (TDSA),2026-08-20T20:50:08.994Z
3623,EM-3623-FL,FL,EM,2024-10-08T00:00:00.000Z,Hurricane,2024-10-05T00:00:00.000Z,2024-11-02T00:00:00.000Z,12,000,Brighton Indian Reservation,2026-08-20T20:50:08.994Z
3623,EM-3623-FL,FL,EM,2024-10-08T00:00:00.000Z,Hurricane,2024-10-05T00:00:00.000Z,2024-11-02T00:00:00.000Z,12,000,Hollywood Indian Reservation,2026-08-20T20:50:08.994Z
3623,EM-3623-FL,FL,EM,2024-10-08T00:00:00.000Z,Hurricane,2024-10-05T00:00:00.000Z,2024-11-02T00:00:00.000Z,12,000,Big Cypress Indian Reservation,2026-08-20T20:50:08.994Z
3623,EM-3623-FL,FL,EM,2024-10-08T00:00:00.000Z,Hurricane,2024-10-05T00:00:00.000Z,2024-11-02T00:00:00.000Z,12,000,Seminole Tribe of Florida,2026-08-20T20:50:08.994Z
3623,EM-3623-FL,FL,EM,2024-10-08T00:00:00.000Z,Hurricane,2024-10-05T00:00:00.000Z,2024-11-02T00:00:00.000Z,12,000,Fort Pierce Indian Reservation,2026-08-20T20:50:08.994Z
3623,EM-3623-FL,FL,EM,2024-10-08T00:00:00.000Z,Hurricane,2024-10-05T00:00:00.000Z,2024-11-02T00:00:00.000Z,12,000,Tampa Reservation,2026-08-20T20:50:08.994Z
3623,EM-3623-FL,FL,EM,2024-10-08T00:00:00.000Z,Hurricane,2024-10-05T00:00:00.000Z,2024-11-02T00:00:00.000Z,12,000,Immokalee Indian Reservation,2026-08-20T20:50:08.994Z
3617,EM-3617-NC,NC,EM,2024-09-26T00:00:00.000Z,Tropical Storm,2024-09-25T00:00:00.000Z,2024-12-18T00:00:00.000Z,37,000,Eastern Band of Cherokee Indians,2026-08-20T20:50:08.994Z
3604,EM-3604-CT,CT,EM,2024-01-13T00:00:00.000Z,Severe Storm,2024-01-10T00:00:00.000Z,2024-01-13T00:00:00.000Z,09,000,Mashantucket Pequot Indian Reservation,2026-08-20T20:50:08.994Z
3604,EM-3604-CT,CT,EM,2024-01-13T00:00:00.000Z,Severe Storm,2024-01-10T00:00:00.000Z,2024-01-13T00:00:00.000Z,09,000,Mohegan Trust Lands,2026-08-20T20:50:08.994Z
3588,EM-3588-FL,FL,EM,2022-11-09T00:00:00.000Z,Tropical Storm,2022-11-07T00:00:00.000Z,,12,000,Seminole Tribe of Florida,2026-08-20T20:50:08.994Z
3588,EM-3588-FL,FL,EM,2022-11-09T00:00:00.000Z,Tropical Storm,2022-11-07T00:00:00.000Z,,12,000,Big Cypress Indian Reservation,2026-08-20T20:50:08.994Z
3588,EM-3588-FL,FL,EM,2022-11-09T00:00:00.000Z,Tropical Storm,2022-11-07T00:00:00.000Z,,12,000,Hollywood Indian Reservation,2026-08-20T20:50:08.994Z
3588,EM-3588-FL,FL,EM,2022-11-09T00:00:00.000Z,Tropical Storm,2022-11-07T00:00:00.000Z,,12,000,Tampa Reservation,2026-08-20T20:50:08.994Z
3588,EM-3588-FL,FL,EM,2022-11-09T00:00:00.000Z,Tropical Storm,2022-11-07T00:00:00.000Z,,12,000,Immokalee Indian Reservation,2026-08-20T20:50:08.994Z
3588,EM-3588-FL,FL,EM,2022-11-09T00:00:00.000Z,Tropical Storm,2022-11-07T00:00:00.000Z,,12,000,Fort Pierce Indian Reservation,2026-08-20T20:50:08.994Z
3588,EM-3588-FL,FL,EM,2022-11-09T00:00:00.000Z,Tropical Storm,2022-11-07T00:00:00.000Z,,12,000,Brighton Indian Reservation,2026-08-20T20:50:08.994Z
3587,EM-3587-FL,FL,EM,2022-11-08T00:00:00.000Z,Tropical Storm,2022-11-07T00:00:00.000Z,2022-11-30T00:00:00.000Z,12,000,Seminole Tribe of Florida,2026-08-20T20:50:08.994Z
3587,EM-3587-FL,FL,EM,2022-11-08T00:00:00.000Z,Tropical Storm,2022-11-07T00:00:00.000Z,2022-11-30T00:00:00.000Z,12,000,Miccosukee Tribe of Indians of Florida,2026-08-20T20:50:08.994Z
3586,EM-3586-NC,NC,EM,2022-10-01T00:00:00.000Z,Hurricane,2022-09-28T00:00:00.000Z,2022-10-04T00:00:00.000Z,37,000,Eastern Band of Cherokee Indians,2026-08-20T20:50:08.994Z
3584,EM-3584-FL,FL,EM,2022-09-24T00:00:00.000Z,Hurricane,2022-09-23T00:00:00.000Z,2022-11-04T00:00:00.000Z,12,000,Miccosukee Tribe of Indians of Florida,2026-08-20T20:50:08.994Z
3584,EM-3584-FL,FL,EM,2022-09-24T00:00:00.000Z,Hurricane,2022-09-23T00:00:00.000Z,2022-11-04T00:00:00.000Z,12,000,Seminole Tribe of Florida,2026-08-20T20:50:08.994Z
3580,EM-3580-NM,NM,EM,2020-03-13T00:00:00.000Z,Biological,2020-01-20T00:00:00.000Z,2023-05-11T00:00:00.000Z,35,000,Tesuque Pueblo (Indian Reservation),2026-08-20T20:50:08.994Z
3579,EM-3579-OK,OK,EM,2020-03-13T00:00:00.000Z,Biological,2020-01-20T00:00:00.000Z,2023-05-11T00:00:00.000Z,40,000,Kickapoo (OTSA),2026-08-20T20:50:08.994Z
3578,EM-3578-OK,OK,EM,2020-03-13T00:00:00.000Z,Biological,2020-01-20T00:00:00.000Z,2023-05-11T00:00:00.000Z,40,000,Eastern Shawnee (OTSA),2026-08-20T20:50:08.994Z
3570,EM-3570-OK,OK,EM,2020-03-13T00:00:00.000Z,Biological,2020-01-20T00:00:00.000Z,2023-05-11T00:00:00.000Z,40,000,Otoe-Missouria (OTSA),2026-08-20T20:50:08.994Z
3569,EM-3569-MS,MS,EM,2021-08-28T00:00:00.000Z,Hurricane,2021-08-28T00:00:00.000Z,2021-09-01T00:00:00.000Z,28,000,Mississippi Choctaw Indian Reservation,2026-08-20T20:50:08.994Z
3566,EM-3566-MA,MA,EM,2021-08-22T00:00:00.000Z,Hurricane,2021-08-20T00:00:00.000Z,2021-09-29T00:00:00.000Z,25,000,Mashpee Wampanoag Tribe,2026-08-20T20:50:08.994Z
3564,EM-3564-CT,CT,EM,2021-08-22T00:00:00.000Z,Hurricane,2021-08-21T00:00:00.000Z,2021-08-24T00:00:00.000Z,09,000,Mashantucket Pequot Indian Reservation,2026-08-20T20:50:08.994Z
3564,EM-3564-CT,CT,EM,2021-08-22T00:00:00.000Z,Hurricane,2021-08-21T00:00:00.000Z,2021-08-24T00:00:00.000Z,09,000,Mohegan Trust Lands,2026-08-20T20:50:08.994Z
3563,EM-3563-RI,RI,EM,2021-08-21T00:00:00.000Z,Hurricane,2021-08-20T00:00:00.000Z,2021-08-24T00:00:00.000Z,44,000,Narragansett Indian Reservation,2026-08-20T20:50:08.994Z
3559,EM-3559-NM,NM,EM,2020-03-13T00:00:00.000Z,Biological,2020-01-20T00:00:00.000Z,2023-05-11T00:00:00.000Z,35,000,Santo Domingo Pueblo (Indian Reservation),2026-08-20T20:50:08.994Z
3559,EM-3559-NM,NM,EM,2020-03-13T00:00:00.000Z,Biological,2020-01-20T00:00:00.000Z,2023-05-11T00:00:00.000Z,35,000,Santo Domingo Pueblo (Indian Reservation),2026-08-20T20:50:08.994Z
3558,EM-3558-NM,NM,EM,2020-03-13T00:00:00.000Z,Biological,2020-01-20T00:00:00.000Z,2023-05-11T00:00:00.000Z,35,000,Pueblo of Santa Ana,2026-08-20T20:50:08.994Z
3558,EM-3558-NM,NM,EM,2020-03-13T00:00:00.000Z,Biological,2020-01-20T00:00:00.000Z,2023-05-11T00:00:00.000Z,35,000,Santa Ana Pueblo (Indian Reservation),2026-08-20T20:50:08.994Z
3557,EM-3557-NY,NY,EM,2020-03-13T00:00:00.000Z,Biological,2020-01-20T00:00:00.000Z,2023-05-11T00:00:00.000Z,36,000,Oneida (East) Indian Reservation,2026-08-20T20:50:08.994Z
3545,EM-3545-AL,AL,EM,2020-09-14T00:00:00.000Z,Hurricane,2020-09-14T00:00:00.000Z,2020-09-16T00:00:00.000Z,01,000,Poarch Band of Creek Indians,2026-08-20T20:50:08.994Z
3536,EM-3536-SD,SD,EM,2020-03-13T00:00:00.000Z,Biological,2020-01-20T00:00:00.000Z,2023-05-11T00:00:00.000Z,46,000,Cheyenne River Indian Reservation,2026-08-20T20:50:08.994Z
3535,EM-3535-CT,CT,EM,2020-08-06T00:00:00.000Z,Hurricane,2020-08-04T00:00:00.000Z,2020-08-04T00:00:00.000Z,09,000,Mohegan Trust Lands,2026-08-20T20:50:08.994Z
3535,EM-3535-CT,CT,EM,2020-08-06T00:00:00.000Z,Hurricane,2020-08-04T00:00:00.000Z,2020-08-04T00:00:00.000Z,09,000,Mashantucket Pequot Indian Reservation,2026-08-20T20:50:08.994Z
3534,EM-3534-NC,NC,EM,2020-08-02T00:00:00.000Z,Hurricane,2020-07-31T00:00:00.000Z,2020-08-04T00:00:00.000Z,37,000,Eastern Band of Cherokee Indians,2026-08-20T20:50:08.994Z
3528,EM-3528-AL,AL,EM,2020-03-13T00:00:00.000Z,Biological,2020-01-20T00:00:00.000Z,2023-05-11T00:00:00.000Z,01,000,Poarch Band of Creek Indians,2026-08-20T20:50:08.994Z
3526,EM-3526-SD,SD,EM,2020-03-13T00:00:00.000Z,Biological,2020-01-20T00:00:00.000Z,2023-05-11T00:00:00.000Z,46,000,Lake Traverse (Sisseton) Indian Reservation,2026-08-20T20:50:08.994Z
3524,EM-3524-IA,IA,EM,2020-03-13T00:00:00.000Z,Biological,2020-01-20T00:00:00.000Z,2023-05-11T00:00:00.000Z,19,000,Sac and Fox Tribe of the Mississippi in Iowa,2026-08-20T20:50:08.994Z
3523,EM-3523-NE,NE,EM,2020-03-13T00:00:00.000Z,Biological,2020-01-20T00:00:00.000Z,2023-05-11T00:00:00.000Z,31,000,Santee Indian Reservation,2026-08-20T20:50:08.994Z
3522,EM-3522-LA,LA,EM,2020-03-13T00:00:00.000Z,Biological,2020-01-20T00:00:00.000Z,2023-05-11T00:00:00.000Z,22,000,Coushatta Indian Reservation,2026-08-20T20:50:08.994Z
3521,EM-3521-NM,NM,EM,2020-03-13T00:00:00.000Z,Biological,2020-01-20T00:00:00.000Z,2023-05-11T00:00:00.000Z,35,000,Pueblo of San Felipe,2026-08-20T20:50:08.994Z
3520,EM-3520-NM,NM,EM,2020-03-13T00:00:00.000Z,Biological,2020-01-20T00:00:00.000Z,2023-05-11T00:00:00.000Z,35,000,Sandia Pueblo (Indian Reservation),2026-08-20T20:50:08.994Z
3519,EM-3519-NM,NM,EM,2020-03-13T00:00:00.000Z,Biological,2020-01-20T00:00:00.000Z,2023-05-11T00:00:00.000Z,35,000,Isleta Pueblo (Indian Reservation),2026-08-20T20:50:08.994Z
3518,EM-3518-OK,OK,EM,2020-03-13T00:00:00.000Z,Biological,2020-01-20T00:00:00.000Z,2023-05-11T00:00:00.000Z,40,000,Chickasaw (OTSA),2026-08-20T20:50:08.994Z
3517,EM-3517-OK,OK,EM,2020-03-13T00:00:00.000Z,Biological,2020-01-20T00:00:00.000Z,2023-05-11T00:00:00.000Z,40,000,Kaw (OTSA),2026-08-20T20:50:08.994Z
3516,EM-3516-MT,MT,EM,2020-03-13T00:00:00.000Z,Biological,2020-01-20T00:00:00.000Z,2023-05-11T00:00:00.000Z,30,000,Fort Peck Indian Reservation,2026-08-20T20:50:08.994Z
3515,EM-3515-RI,RI,EM,2020-03-13T00:00:00.000Z,Biological,2020-01-20T00:00:00.000Z,2023-05-11T00:00:00.000Z,44,000,Narragansett Indian Reservation,2026-08-20T20:50:08.994Z
3514,EM-3514-OK,OK,EM,2020-03-13T00:00:00.000Z,Biological,2020-01-20T00:00:00.000Z,2023-05-11T00:00:00.000Z,40,000,Osage Indian Reservation,2026-08-20T20:50:08.994Z
3513,EM-3513-SD,SD,EM,2020-03-13T00:00:00.000Z,Biological,2020-01-20T00:00:00.000Z,2023-05-11T00:00:00.000Z,46,000,Oglala Sioux Tribe of the Pine Ridge Reservation,2026-08-20T20:50:08.994Z
3512,EM-3512-ND,ND,EM,2020-03-13T00:00:00.000Z,Biological,2020-01-20T00:00:00.000Z,2023-05-11T00:00:00.000Z,38,000,Fort Berthold Indian Reservation,2026-08-20T20:50:08.994Z
3511,EM-3511-OK,OK,EM,2020-03-13T00:00:00.000Z,Biological,2020-01-20T00:00:00.000Z,2023-05-11T00:00:00.000Z,40,000,Caddo-Wichita-Delaware (OTSA),2026-08-20T20:50:08.994Z
3510,EM-3510-NM,NM,EM,2020-03-13T00:00:00.000Z,Biological,2020-01-20T00:00:00.000Z,2023-05-11T00:00:00.000Z,35,000,Pueblo of Taos,2026-08-20T20:50:08.994Z
3509,EM-3509-OK,OK,EM,2020-03-13T00:00:00.000Z,Biological,2020-01-20T00:00:00.000Z,2023-05-11T00:00:00.000Z,40,000,Peoria (OTSA),2026-08-20T20:50:08.994Z
3508,EM-3508-MN,MN,EM,2020-03-13T00:00:00.000Z,Biological,2020-01-20T00:00:00.000Z,2023-05-11T00:00:00.000Z,27,000,Shakopee Community (Indian Reservation),2026-08-20T20:50:08.994Z
3507,EM-3507-WA,WA,EM,2020-03-13T00:00:00.000Z,Biological,2020-01-20T00:00:00.000Z,2023-05-11T00:00:00.000Z,53,000,Tulalip Indian Reservation,2026-08-20T20:50:08.994Z
3506,EM-3506-NM,NM,EM,2020-03-13T00:00:00.000Z,Biological,2020-01-20T00:00:00.000Z,2023-05-11T00:00:00.000Z,35,000,Zuni Pueblo (Indian Reservation),2026-08-20T20:50:08.994Z
3505,EM-3505-OK,OK,EM,2020-03-13T00:00:00.000Z,Biological,2020-01-20T00:00:00.000Z,2023-05-11T00:00:00.000Z,40,000,Absentee Shawnee-Citizens Band of Potawatomi (TJSA),2026-08-20T20:50:08.994Z
3504,EM-3504-NY,NY,EM,2020-03-13T00:00:00.000Z,Biological,2020-01-20T00:00:00.000Z,2023-05-11T00:00:00.000Z,36,000,St. Regis Mohawk Indian Reservation,2026-08-20T20:50:08.994Z
3503,EM-3503-MN,MN,EM,2020-03-13T00:00:00.000Z,Biological,2020-01-20T00:00:00.000Z,2023-05-11T00:00:00.000Z,27,000,Upper Sioux Community (Indian Reservation),2026-08-20T20:50:08.994Z
3502,EM-3502-OK,OK,EM,2020-03-13T00:00:00.000Z,Biological,2020-01-20T00:00:00.000Z,2023-05-11T00:00:00.000Z,40,000,Creek (OTSA),2026-08-20T20:50:08.994Z
3500,EM-3500-NM,NM,EM,2020-03-13T00:00:00.000Z,Biological,2020-01-20T00:00:00.000Z,2023-05-11T00:00:00.000Z,35,000,Pueblo of Picuris,2026-08-20T20:50:08.994Z
3499,EM-3499-OK,OK,EM,2020-03-13T00:00:00.000Z,Biological,2020-01-20T00:00:00.000Z,2023-05-11T00:00:00.000Z,40,000,Cherokee (OTSA),2026-08-20T20:50:08.994Z
3498,EM-3498-ME,ME,EM,2020-03-13T00:00:00.000Z,Biological,2020-01-20T00:00:00.000Z,2023-05-11T00:00:00.000Z,23,000,Passamaquoddy Indian Reservation,2026-08-20T20:50:08.994Z
3497,EM-3497-MA,MA,EM,2020-03-13T00:00:00.000Z,Biological,2020-01-20T00:00:00.000Z,2023-05-11T00:00:00.000Z,25,000,Wampanoag Tribe of Gay Head (Aquinnah),2026-08-20T20:50:08.994Z
3496,EM-3496-NM,NM,EM,2020-03-13T00:00:00.000Z,Biological,2020-01-20T00:00:00.000Z,2023-05-11T00:00:00.000Z,35,000,Pueblo of Acoma,2026-08-20T20:50:08.994Z
3495,EM-3495-OK,OK,EM,2020-03-13T00:00:00.000Z,Biological,2020-01-20T00:00:00.000Z,2023-05-11T00:00:00.000Z,40,000,Ponca (OTSA),2026-08-20T20:50:08.994Z
3494,EM-3494-OK,OK,EM,2020-03-13T00:00:00.000Z,Biological,2020-01-20T00:00:00.000Z,2023-05-11T00:00:00.000Z,40,000,Citizen Potawatomi Nation,2026-08-20T20:50:08.994Z
3493,EM-3493-NE,NE,EM,2020-03-13T00:00:00.000Z,Biological,2020-01-20T00:00:00.000Z,2023-05-11T00:00:00.000Z,31,000,Omaha Indian Reservation,2026-08-20T20:50:08.994Z
3492,EM-3492-KS,KS,EM,2020-03-13T00:00:00.000Z,Biological,2020-01-20T00:00:00.000Z,2023-05-11T00:00:00.000Z,20,000,Kickapoo Indian Reservation,2026-08-20T20:50:08.994Z
3491,EM-3491-KS,KS,EM,2020-03-13T00:00:00.000Z,Biological,2020-01-20T00:00:00.000Z,2023-05-11T00:00:00.000Z,20,000,Iowa Indian Reservation (Also NE),2026-08-20T20:50:08.994Z
3490,EM-3490-KS,KS,EM,2020-03-13T00:00:00.000Z,Biological,2020-01-20T00:00:00.000Z,2023-05-11T00:00:00.000Z,20,000,Prairie Band Potawatomi Reservation,2026-08-20T20:50:08.994Z
3489,EM-3489-NE,NE,EM,2020-03-13T00:00:00.000Z,Biological,2020-01-20T00:00:00.000Z,2023-05-11T00:00:00.000Z,31,000,Winnebago Indian Reservation,2026-08-20T20:50:08.994Z
3488,EM-3488-NE,NE,EM,2020-03-13T00:00:00.000Z,Biological,2020-01-20T00:00:00.000Z,2023-05-11T00:00:00.000Z,31,000,Ponca (TDSA),2026-08-20T20:50:08.994Z
3488,EM-3488-NE,NE,EM,2020-03-13T00:00:00.000Z,Biological,2020-01-20T00:00:00.000Z,2023-05-11T00:00:00.000Z,31,000,Ponca TDSA,2026-08-20T20:50:08.994Z
3487,EM-3487-OK,OK,EM,2020-03-13T00:00:00.000Z,Biological,2020-01-20T00:00:00.000Z,2023-05-11T00:00:00.000Z,40,000,Quapaw (OTSA),2026-08-20T20:50:08.994Z
3486,EM-3486-OK,OK,EM,2020-03-13T00:00:00.000Z,Biological,2020-01-20T00:00:00.000Z,2023-05-11T00:00:00.000Z,40,000,Choctaw,2026-08-20T20:50:08.994Z
3485,EM-3485-NM,NM,EM,2020-03-13T00:00:00.000Z,Biological,2020-01-20T00:00:00.000Z,2023-05-11T00:00:00.000Z,35,000,Pueblo of Santa Clara,2026-08-20T20:50:08.994Z
3484,EM-3484-MA,MA,EM,2020-03-13T00:00:00.000Z,Biological,2020-01-20T00:00:00.000Z,2023-05-11T00:00:00.000Z,25,000,Mashpee Wampanoag Tribe,2026-08-20T20:50:08.994Z
3483,EM-3483-NE,NE,EM,2020-03-13T00:00:00.000Z,Biological,2020-01-20T00:00:00.000Z,2023-05-11T00:00:00.000Z,31,000,Sac and Fox Indian Reservation (Also KS),2026-08-20T20:50:08.994Z
3483,EM-3483-NE,NE,EM,2020-03-13T00:00:00.000Z,Biological,2020-01-20T00:00:00.000Z,2023-05-11T00:00:00.000Z,31,000,Santee Indian Reservation,2026-08-20T20:50:08.994Z
3483,EM-3483-NE,NE,EM,2020-03-13T00:00:00.000Z,Biological,2020-01-20T00:00:00.000Z,2023-05-11T00:00:00.000Z,31,000,Ponca (TDSA),2026-08-20T20:50:08.994Z
3483,EM-3483-NE,NE,EM,2020-03-13T00:00:00.000Z,Biological,2020-01-20T00:00:00.000Z,2023-05-11T00:00:00.000Z,31,000,Omaha Indian Reservation,2026-08-20T20:50:08.994Z
3483,EM-3483-NE,NE,EM,2020-03-13T00:00:00.000Z,Biological,2020-01-20T00:00:00.000Z,2023-05-11T00:00:00.000Z,31,000,Winnebago Indian Reservation,2026-08-20T20:50:08.994Z
3483,EM-3483-NE,NE,EM,2020-03-13T00:00:00.000Z,Biological,2020-01-20T00:00:00.000Z,2023-05-11T00:00:00.000Z,31,000,Iowa Indian Reservation (Also KS),2026-08-20T20:50:08.994Z
3481,EM-3481-KS,KS,EM,2020-03-13T00:00:00.000Z,Biological,2020-01-20T00:00:00.000Z,2023-05-11T00:00:00.000Z,20,000,Iowa Indian Reservation (Also NE),2026-08-20T20:50:08.994Z
3481,EM-3481-KS,KS,EM,2020-03-13T00:00:00.000Z,Biological,2020-01-20T00:00:00.000Z,2023-05-11T00:00:00.000Z,20,000,Sac and Fox Indian Reservation (Also NE),2026-08-20T20:50:08.994Z
3481,EM-3481-KS,KS,EM,2020-03-13T00:00:00.000Z,Biological,2020-01-20T00:00:00.000Z,2023-05-11T00:00:00.000Z,20,000,Prairie Band Potawatomi Reservation,2026-08-20T20:50:08.994Z
3481,EM-3481-KS,KS,EM,2020-03-13T00:00:00.000Z,Biological,2020-01-20T00:00:00.000Z,2023-05-11T00:00:00.000Z,20,000,Kickapoo Indian Reservation,2026-08-20T20:50:08.994Z
3480,EM-3480-IA,IA,EM,2020-03-13T00:00:00.000Z,Biological,2020-01-20T00:00:00.000Z,2023-05-11T00:00:00.000Z,19,000,Omaha Indian Reservation,2026-08-20T20:50:08.994Z
3480,EM-3480-IA,IA,EM,2020-03-13T00:00:00.000Z,Biological,2020-01-20T00:00:00.000Z,2023-05-11T00:00:00.000Z,19,000,Sac and Fox Tribe of the Mississippi in Iowa,2026-08-20T20:50:08.994Z
3479,EM-3479-WY,WY,EM,2020-03-13T00:00:00.000Z,Biological,2020-01-20T00:00:00.000Z,2023-05-11T00:00:00.000Z,56,000,Wind River Indian Reservation,2026-08-20T20:50:08.994Z
3478,EM-3478-UT,UT,EM,2020-03-13T00:00:00.000Z,Biological,2020-01-20T00:00:00.000Z,2023-05-11T00:00:00.000Z,49,000,Uintah and Ouray Indian Reservation,2026-08-20T20:50:08.994Z
3478,EM-3478-UT,UT,EM,2020-03-13T00:00:00.000Z,Biological,2020-01-20T00:00:00.000Z,2023-05-11T00:00:00.000Z,49,000,Navajo Nation Reservation (Also AZ and NM),2026-08-20T20:50:08.994Z
3478,EM-3478-UT,UT,EM,2020-03-13T00:00:00.000Z,Biological,2020-01-20T00:00:00.000Z,2023-05-11T00:00:00.000Z,49,000,Northwestern Shoshoni Indian Reservation,2026-08-20T20:50:08.994Z
3478,EM-3478-UT,UT,EM,2020-03-13T00:00:00.000Z,Biological,2020-01-20T00:00:00.000Z,2023-05-11T00:00:00.000Z,49,000,Paiute of Utah Indian Reservation,2026-08-20T20:50:08.994Z
3478,EM-3478-UT,UT,EM,2020-03-13T00:00:00.000Z,Biological,2020-01-20T00:00:00.000Z,2023-05-11T00:00:00.000Z,49,000,Skull Valley Indian Reservation,2026-08-20T20:50:08.994Z
3478,EM-3478-UT,UT,EM,2020-03-13T00:00:00.000Z,Biological,2020-01-20T00:00:00.000Z,2023-05-11T00:00:00.000Z,49,000,Goshute Indian Reservation (Also NV),2026-08-20T20:50:08.994Z
3478,EM-3478-UT,UT,EM,2020-03-13T00:00:00.000Z,Biological,2020-01-20T00:00:00.000Z,2023-05-11T00:00:00.000Z,49,000,Ute Mountain Indian Reservation,2026-08-20T20:50:08.994Z
3477,EM-3477-ND,ND,EM,2020-03-13T00:00:00.000Z,Biological,2020-01-20T00:00:00.000Z,2023-05-11T00:00:00.000Z,38,000,Lake Traverse Sisseton Indian Reservation,2026-08-20T20:50:08.994Z
3477,EM-3477-ND,ND,EM,2020-03-13T00:00:00.000Z,Biological,2020-01-20T00:00:00.000Z,2023-05-11T00:00:00.000Z,38,000,Spirit Lake Reservation,2026-08-20T20:50:08.994Z
3477,EM-3477-ND,ND,EM,2020-03-13T00:00:00.000Z,Biological,2020-01-20T00:00:00.000Z,2023-05-11T00:00:00.000Z,38,000,Turtle Mountain Indian Reservation,2026-08-20T20:50:08.994Z
3477,EM-3477-ND,ND,EM,2020-03-13T00:00:00.000Z,Biological,2020-01-20T00:00:00.000Z,2023-05-11T00:00:00.000Z,38,000,Fort Berthold Indian Reservation,2026-08-20T20:50:08.994Z
3477,EM-3477-ND,ND,EM,2020-03-13T00:00:00.000Z,Biological,2020-01-20T00:00:00.000Z,2023-05-11T00:00:00.000Z,38,000,Standing Rock Sioux Tribe of North & South Dakota,2026-08-20T20:50:08.994Z
3476,EM-3476-MT,MT,EM,2020-03-13T00:00:00.000Z,Biological,2020-01-20T00:00:00.000Z,2023-05-11T00:00:00.000Z,30,000,Fort Belknap Indian Reservation,2026-08-20T20:50:08.994Z
3476,EM-3476-MT,MT,EM,2020-03-13T00:00:00.000Z,Biological,2020-01-20T00:00:00.000Z,2023-05-11T00:00:00.000Z,30,000,Flathead Indian Reservation,2026-08-20T20:50:08.994Z
3476,EM-3476-MT,MT,EM,2020-03-13T00:00:00.000Z,Biological,2020-01-20T00:00:00.000Z,2023-05-11T00:00:00.000Z,30,000,Fort Peck Indian Reservation,2026-08-20T20:50:08.994Z
3476,EM-3476-MT,MT,EM,2020-03-13T00:00:00.000Z,Biological,2020-01-20T00:00:00.000Z,2023-05-11T00:00:00.000Z,30,000,Northern Cheyenne Indian Reservation,2026-08-20T20:50:08.994Z
3476,EM-3476-MT,MT,EM,2020-03-13T00:00:00.000Z,Biological,2020-01-20T00:00:00.000Z,2023-05-11T00:00:00.000Z,30,000,Crow Indian Reservation,2026-08-20T20:50:08.994Z
3476,EM-3476-MT,MT,EM,2020-03-13T00:00:00.000Z,Biological,2020-01-20T00:00:00.000Z,2023-05-11T00:00:00.000Z,30,000,Blackfeet Indian Reservation,2026-08-20T20:50:08.994Z
3476,EM-3476-MT,MT,EM,2020-03-13T00:00:00.000Z,Biological,2020-01-20T00:00:00.000Z,2023-05-11T00:00:00.000Z,30,000,Crow/Northern Cheyenne Area,2026-08-20T20:50:08.994Z
3476,EM-3476-MT,MT,EM,2020-03-13T00:00:00.000Z,Biological,2020-01-20T00:00:00.000Z,2023-05-11T00:00:00.000Z,30,000,Rocky Boy's Indian Reservation,2026-08-20T20:50:08.994Z
3475,EM-3475-SD,SD,EM,2020-03-13T00:00:00.000Z,Biological,2020-01-20T00:00:00.000Z,2023-05-11T00:00:00.000Z,46,000,Lower Brule Indian Reservation,2026-08-20T20:50:08.994Z
3475,EM-3475-SD,SD,EM,2020-03-13T00:00:00.000Z,Biological,2020-01-20T00:00:00.000Z,2023-05-11T00:00:00.000Z,46,000,Flandreau Indian Reservation,2026-08-20T20:50:08.994Z
3475,EM-3475-SD,SD,EM,2020-03-13T00:00:00.000Z,Biological,2020-01-20T00:00:00.000Z,2023-05-11T00:00:00.000Z,46,000,Cheyenne River Indian Reservation,2026-08-20T20:50:08.994Z
3475,EM-3475-SD,SD,EM,2020-03-13T00:00:00.000Z,Biological,2020-01-20T00:00:00.000Z,2023-05-11T00:00:00.000Z,46,000,Crow Creek Indian Reservation,2026-08-20T20:50:08.994Z
3475,EM-3475-SD,SD,EM,2020-03-13T00:00:00.000Z,Biological,2020-01-20T00:00:00.000Z,2023-05-11T00:00:00.000Z,46,000,Rosebud Indian Reservation,2026-08-20T20:50:08.994Z
3475,EM-3475-SD,SD,EM,2020-03-13T00:00:00.000Z,Biological,2020-01-20T00:00:00.000Z,2023-05-11T00:00:00.000Z,46,000,Lake Traverse (Sisseton) Indian Reservation,2026-08-20T20:50:08.994Z
3475,EM-3475-SD,SD,EM,2020-03-13T00:00:00.000Z,Biological,2020-01-20T00:00:00.000Z,2023-05-11T00:00:00.000Z,46,000,Oglala Sioux Tribe of the Pine Ridge Reservation,2026-08-20T20:50:08.994Z
3475,EM-3475-SD,SD,EM,2020-03-13T00:00:00.000Z,Biological,2020-01-20T00:00:00.000Z,2023-05-11T00:00:00.000Z,46,000,Northern Cheyenne Reservation and Trust Lands (&MT),2026-08-20T20:50:08.994Z
3475,EM-3475-SD,SD,EM,2020-03-13T00:00:00.000Z,Biological,2020-01-20T00:00:00.000Z,2023-05-11T00:00:00.000Z,46,000,Turtle Mountain Reservation and Trust Lands (& ND),2026-08-20T20:50:08.994Z
3475,EM-3475-SD,SD,EM,2020-03-13T00:00:00.000Z,Biological,2020-01-20T00:00:00.000Z,2023-05-11T00:00:00.000Z,46,000,Yankton Indian Reservation,2026-08-20T20:50:08.994Z
3475,EM-3475-SD,SD,EM,2020-03-13T00:00:00.000Z,Biological,2020-01-20T00:00:00.000Z,2023-05-11T00:00:00.000Z,46,000,Standing Rock Sioux Tribe of North & South Dakota,2026-08-20T20:50:08.994Z
3474,EM-3474-MS,MS,EM,2020-03-13T00:00:00.000Z,Biological,2020-01-20T00:00:00.000Z,2023-05-11T00:00:00.000Z,28,000,Mississippi Choctaw Indian Reservation,2026-08-20T20:50:08.994Z
3472,EM-3472-AL,AL,EM,2020-03-13T00:00:00.000Z,Biological,2020-01-20T00:00:00.000Z,2023-05-11T00:00:00.000Z,01,000,Poarch Band of Creek Indians,2026-08-20T20:50:08.994Z
3471,EM-3471-NC,NC,EM,2020-03-13T00:00:00.000Z,Biological,2020-01-20T00:00:00.000Z,2023-05-11T00:00:00.000Z,37,000,Eastern Band of Cherokee Indians,2026-08-20T20:50:08.994Z
3470,EM-3470-SC,SC,EM,2020-03-13T00:00:00.000Z,Biological,2020-01-20T00:00:00.000Z,2023-05-11T00:00:00.000Z,45,000,Catawba Indian Nation,2026-08-20T20:50:08.994Z
3468,EM-3468-FL,FL,EM,2020-03-13T00:00:00.000Z,Biological,2020-01-20T00:00:00.000Z,2023-05-11T00:00:00.000Z,12,000,Fort Pierce Indian Reservation,2026-08-20T20:50:08.994Z
3468,EM-3468-FL,FL,EM,2020-03-13T00:00:00.000Z,Biological,2020-01-20T00:00:00.000Z,2023-05-11T00:00:00.000Z,12,000,Immokalee Indian Reservation,2026-08-20T20:50:08.994Z
3468,EM-3468-FL,FL,EM,2020-03-13T00:00:00.000Z,Biological,2020-01-20T00:00:00.000Z,2023-05-11T00:00:00.000Z,12,000,Brighton Indian Reservation,2026-08-20T20:50:08.994Z
3468,EM-3468-FL,FL,EM,2020-03-13T00:00:00.000Z,Biological,2020-01-20T00:00:00.000Z,2023-05-11T00:00:00.000Z,12,000,Big Cypress Indian Reservation,2026-08-20T20:50:08.994Z
3468,EM-3468-FL,FL,EM,2020-03-13T00:00:00.000Z,Biological,2020-01-20T00:00:00.000Z,2023-05-11T00:00:00.000Z,12,000,Tampa Reservation,2026-08-20T20:50:08.994Z
3468,EM-3468-FL,FL,EM,2020-03-13T00:00:00.000Z,Biological,2020-01-20T00:00:00.000Z,2023-05-11T00:00:00.000Z,12,000,Hollywood Indian Reservation,2026-08-20T20:50:08.994Z
3464,EM-3464-GA,GA,EM,2020-03-13T00:00:00.000Z,Biological,2020-01-20T00:00:00.000Z,2023-05-11T00:00:00.000Z,13,000,Tama Indian Reservation,2026-08-20T20:50:08.994Z
3462,EM-3462-OK,OK,EM,2020-03-13T00:00:00.000Z,Biological,2020-01-20T00:00:00.000Z,2023-05-11T00:00:00.000Z,40,000,Absentee Shawnee-Citizens Band of Potawatomi (TJSA),2026-08-20T20:50:08.994Z
3462,EM-3462-OK,OK,EM,2020-03-13T00:00:00.000Z,Biological,2020-01-20T00:00:00.000Z,2023-05-11T00:00:00.000Z,40,000,Wyandotte (OTSA),2026-08-20T20:50:08.994Z
3462,EM-3462-OK,OK,EM,2020-03-13T00:00:00.000Z,Biological,2020-01-20T00:00:00.000Z,2023-05-11T00:00:00.000Z,40,000,Cheyenne-Arapaho (OTSA),2026-08-20T20:50:08.994Z
3462,EM-3462-OK,OK,EM,2020-03-13T00:00:00.000Z,Biological,2020-01-20T00:00:00.000Z,2023-05-11T00:00:00.000Z,40,000,Peoria (OTSA),2026-08-20T20:50:08.994Z
3462,EM-3462-OK,OK,EM,2020-03-13T00:00:00.000Z,Biological,2020-01-20T00:00:00.000Z,2023-05-11T00:00:00.000Z,40,000,Kaw (OTSA),2026-08-20T20:50:08.994Z
3462,EM-3462-OK,OK,EM,2020-03-13T00:00:00.000Z,Biological,2020-01-20T00:00:00.000Z,2023-05-11T00:00:00.000Z,40,000,Modoc (OTSA),2026-08-20T20:50:08.994Z
3462,EM-3462-OK,OK,EM,2020-03-13T00:00:00.000Z,Biological,2020-01-20T00:00:00.000Z,2023-05-11T00:00:00.000Z,40,000,Iowa-Sac and Fox Joint Area (OTSA),2026-08-20T20:50:08.994Z
3462,EM-3462-OK,OK,EM,2020-03-13T00:00:00.000Z,Biological,2020-01-20T00:00:00.000Z,2023-05-11T00:00:00.000Z,40,000,Choctaw,2026-08-20T20:50:08.994Z
3462,EM-3462-OK,OK,EM,2020-03-13T00:00:00.000Z,Biological,2020-01-20T00:00:00.000Z,2023-05-11T00:00:00.000Z,40,000,Creek-Seminole Joint Area (OTSA),2026-08-20T20:50:08.994Z
3462,EM-3462-OK,OK,EM,2020-03-13T00:00:00.000Z,Biological,2020-01-20T00:00:00.000Z,2023-05-11T00:00:00.000Z,40,000,Citizen Potawatomi Nation,2026-08-20T20:50:08.994Z
3462,EM-3462-OK,OK,EM,2020-03-13T00:00:00.000Z,Biological,2020-01-20T00:00:00.000Z,2023-05-11T00:00:00.000Z,40,000,Kiowa-Comanche-Apache-Fort Sill Apache (OTSA),2026-08-20T20:50:08.994Z
3462,EM-3462-OK,OK,EM,2020-03-13T00:00:00.000Z,Biological,2020-01-20T00:00:00.000Z,2023-05-11T00:00:00.000Z,40,000,Creek (OTSA),2026-08-20T20:50:08.994Z
3462,EM-3462-OK,OK,EM,2020-03-13T00:00:00.000Z,Biological,2020-01-20T00:00:00.000Z,2023-05-11T00:00:00.000Z,40,000,Seminole (OTSA),2026-08-20T20:50:08.994Z
3462,EM-3462-OK,OK,EM,2020-03-13T00:00:00.000Z,Biological,2020-01-20T00:00:00.000Z,2023-05-11T00:00:00.000Z,40,000,Caddo-Wichita-Delaware (OTSA),2026-08-20T20:50:08.994Z
3462,EM-3462-OK,OK,EM,2020-03-13T00:00:00.000Z,Biological,2020-01-20T00:00:00.000Z,2023-05-11T00:00:00.000Z,40,000,Tonkawa (OTSA),2026-08-20T20:50:08.994Z
3462,EM-3462-OK,OK,EM,2020-03-13T00:00:00.000Z,Biological,2020-01-20T00:00:00.000Z,2023-05-11T00:00:00.000Z,40,000,Ponca (OTSA),2026-08-20T20:50:08.994Z
3462,EM-3462-OK,OK,EM,2020-03-13T00:00:00.000Z,Biological,2020-01-20T00:00:00.000Z,2023-05-11T00:00:00.000Z,40,000,Osage Indian Reservation,2026-08-20T20:50:08.994Z
3462,EM-3462-OK,OK,EM,2020-03-13T00:00:00.000Z,Biological,2020-01-20T00:00:00.000Z,2023-05-11T00:00:00.000Z,40,000,Miami (OTSA),2026-08-20T20:50:08.994Z
3462,EM-3462-OK,OK,EM,2020-03-13T00:00:00.000Z,Biological,2020-01-20T00:00:00.000Z,2023-05-11T00:00:00.000Z,40,000,Kaw-Ponca (Joint Area),2026-08-20T20:50:08.994Z
3462,EM-3462-OK,OK,EM,2020-03-13T00:00:00.000Z,Biological,2020-01-20T00:00:00.000Z,2023-05-11T00:00:00.000Z,40,000,Quapaw (OTSA),2026-08-20T20:50:08.994Z
3462,EM-3462-OK,OK,EM,2020-03-13T00:00:00.000Z,Biological,2020-01-20T00:00:00.000Z,2023-05-11T00:00:00.000Z,40,000,Otoe-Missouria (OTSA),2026-08-20T20:50:08.994Z
3462,EM-3462-OK,OK,EM,2020-03-13T00:00:00.000Z,Biological,2020-01-20T00:00:00.000Z,2023-05-11T00:00:00.000Z,40,000,Cherokee (TJSA),2026-08-20T20:50:08.994Z
3462,EM-3462-OK,OK,EM,2020-03-13T00:00:00.000Z,Biological,2020-01-20T00:00:00.000Z,2023-05-11T00:00:00.000Z,40,000,Eastern Shawnee-Wyandotte (OTSA),2026-08-20T20:50:08.994Z
3462,EM-3462-OK,OK,EM,2020-03-13T00:00:00.000Z,Biological,2020-01-20T00:00:00.000Z,2023-05-11T00:00:00.000Z,40,000,Kickapoo (OTSA),2026-08-20T20:50:08.994Z
3462,EM-3462-OK,OK,EM,2020-03-13T00:00:00.000Z,Biological,2020-01-20T00:00:00.000Z,2023-05-11T00:00:00.000Z,40,000,Iowa (OTSA),2026-08-20T20:50:08.994Z
3462,EM-3462-OK,OK,EM,2020-03-13T00:00:00.000Z,Biological,2020-01-20T00:00:00.000Z,2023-05-11T00:00:00.000Z,40,000,Miami-Peoria (Joint Area),2026-08-20T20:50:08.994Z
3462,EM-3462-OK,OK,EM,2020-03-13T00:00:00.000Z,Biological,2020-01-20T00:00:00.000Z,2023-05-11T00:00:00.000Z,40,000,Ottowa (OTSA),2026-08-20T20:50:08.994Z
3462,EM-3462-OK,OK,EM,2020-03-13T00:00:00.000Z,Biological,2020-01-20T00:00:00.000Z,2023-05-11T00:00:00.000Z,40,000,Chickasaw (OTSA),2026-08-20T20:50:08.994Z
3462,EM-3462-OK,OK,EM,2020-03-13T00:00:00.000Z,Biological,2020-01-20T00:00:00.000Z,2023-05-11T00:00:00.000Z,40,000,Kiowa-Comanche-Apache-Fort Sill Apache-Caddo-Wichita,2026-08-20T20:50:08.994Z
3462,EM-3462-OK,OK,EM,2020-03-13T00:00:00.000Z,Biological,2020-01-20T00:00:00.000Z,2023-05-11T00:00:00.000Z,40,000,Eastern Shawnee (OTSA),2026-08-20T20:50:08.994Z
3462,EM-3462-OK,OK,EM,2020-03-13T00:00:00.000Z,Biological,2020-01-20T00:00:00.000Z,2023-05-11T00:00:00.000Z,40,000,Pawnee (OTSA),2026-08-20T20:50:08.994Z
3462,EM-3462-OK,OK,EM,2020-03-13T00:00:00.000Z,Biological,2020-01-20T00:00:00.000Z,2023-05-11T00:00:00.000Z,40,000,Choctaw (OTSA),2026-08-20T20:50:08.994Z
3462,EM-3462-OK,OK,EM,2020-03-13T00:00:00.000Z,Biological,2020-01-20T00:00:00.000Z,2023-05-11T00:00:00.000Z,40,000,Seneca-Cayuga (OTSA),2026-08-20T20:50:08.994Z
3462,EM-3462-OK,OK,EM,2020-03-13T00:00:00.000Z,Biological,2020-01-20T00:00:00.000Z,2023-05-11T00:00:00.000Z,40,000,Sac and Fox (OTSA),2026-08-20T20:50:08.994Z
3462,EM-3462-OK,OK,EM,2020-03-13T00:00:00.000Z,Biological,2020-01-20T00:00:00.000Z,2023-05-11T00:00:00.000Z,40,000,Cherokee (OTSA),2026-08-20T20:50:08.994Z
3461,EM-3461-AR,AR,EM,2020-03-13T00:00:00.000Z,Biological,2020-01-20T00:00:00.000Z,2023-05-11T00:00:00.000Z,05,000,Ozark Test Tribe,2026-08-20T20:50:08.994Z
3460,EM-3460-NM,NM,EM,2020-03-13T00:00:00.000Z,Biological,2020-01-20T00:00:00.000Z,2023-05-11T00:00:00.000Z,35,000,Zuni Pueblo (Indian Reservation),2026-08-20T20:50:08.994Z
3460,EM-3460-NM,NM,EM,2020-03-13T00:00:00.000Z,Biological,2020-01-20T00:00:00.000Z,2023-05-11T00:00:00.000Z,35,000,Cochiti Pueblo (Indian Reservation),2026-08-20T20:50:08.994Z
3460,EM-3460-NM,NM,EM,2020-03-13T00:00:00.000Z,Biological,2020-01-20T00:00:00.000Z,2023-05-11T00:00:00.000Z,35,000,Santa Ana Pueblo (Indian Reservation),2026-08-20T20:50:08.994Z
3460,EM-3460-NM,NM,EM,2020-03-13T00:00:00.000Z,Biological,2020-01-20T00:00:00.000Z,2023-05-11T00:00:00.000Z,35,000,Jemez Pueblo (Indian Reservation),2026-08-20T20:50:08.994Z
3460,EM-3460-NM,NM,EM,2020-03-13T00:00:00.000Z,Biological,2020-01-20T00:00:00.000Z,2023-05-11T00:00:00.000Z,35,000,Alamo Navajo Indian Reservation,2026-08-20T20:50:08.994Z
3460,EM-3460-NM,NM,EM,2020-03-13T00:00:00.000Z,Biological,2020-01-20T00:00:00.000Z,2023-05-11T00:00:00.000Z,35,000,Ute Mountain Indian Reservation (Also CO),2026-08-20T20:50:08.994Z
3460,EM-3460-NM,NM,EM,2020-03-13T00:00:00.000Z,Biological,2020-01-20T00:00:00.000Z,2023-05-11T00:00:00.000Z,35,000,Laguna Pueblo (Indian Reservation),2026-08-20T20:50:08.994Z
3460,EM-3460-NM,NM,EM,2020-03-13T00:00:00.000Z,Biological,2020-01-20T00:00:00.000Z,2023-05-11T00:00:00.000Z,35,000,Tesuque Pueblo (Indian Reservation),2026-08-20T20:50:08.994Z
3460,EM-3460-NM,NM,EM,2020-03-13T00:00:00.000Z,Biological,2020-01-20T00:00:00.000Z,2023-05-11T00:00:00.000Z,35,000,San Ildefonso Pueblo (Indian Reservation),2026-08-20T20:50:08.994Z
3460,EM-3460-NM,NM,EM,2020-03-13T00:00:00.000Z,Biological,2020-01-20T00:00:00.000Z,2023-05-11T00:00:00.000Z,35,000,Canoncito Indian Reservation,2026-08-20T20:50:08.994Z
3460,EM-3460-NM,NM,EM,2020-03-13T00:00:00.000Z,Biological,2020-01-20T00:00:00.000Z,2023-05-11T00:00:00.000Z,35,000,Sandia Pueblo (Indian Reservation),2026-08-20T20:50:08.994Z
3460,EM-3460-NM,NM,EM,2020-03-13T00:00:00.000Z,Biological,2020-01-20T00:00:00.000Z,2023-05-11T00:00:00.000Z,35,000,Pueblo of San Felipe,2026-08-20T20:50:08.994Z
3460,EM-3460-NM,NM,EM,2020-03-13T00:00:00.000Z,Biological,2020-01-20T00:00:00.000Z,2023-05-11T00:00:00.000Z,35,000,Taos Pueblo (Indian Reservation),2026-08-20T20:50:08.994Z
3460,EM-3460-NM,NM,EM,2020-03-13T00:00:00.000Z,Biological,2020-01-20T00:00:00.000Z,2023-05-11T00:00:00.000Z,35,000,Pueblo of Santa Clara,2026-08-20T20:50:08.994Z
3460,EM-3460-NM,NM,EM,2020-03-13T00:00:00.000Z,Biological,2020-01-20T00:00:00.000Z,2023-05-11T00:00:00.000Z,35,000,Nambe Pueblo (Indian Reservation),2026-08-20T20:50:08.994Z
3460,EM-3460-NM,NM,EM,2020-03-13T00:00:00.000Z,Biological,2020-01-20T00:00:00.000Z,2023-05-11T00:00:00.000Z,35,000,Zuni Pueblo (Indian Reservation),2026-08-20T20:50:08.994Z
3460,EM-3460-NM,NM,EM,2020-03-13T00:00:00.000Z,Biological,2020-01-20T00:00:00.000Z,2023-05-11T00:00:00.000Z,35,000,San Felipe Pueblo (Indian Reservation),2026-08-20T20:50:08.994Z
3460,EM-3460-NM,NM,EM,2020-03-13T00:00:00.000Z,Biological,2020-01-20T00:00:00.000Z,2023-05-11T00:00:00.000Z,35,000,Jicarilla Apache Indian Reservation,2026-08-20T20:50:08.994Z
3460,EM-3460-NM,NM,EM,2020-03-13T00:00:00.000Z,Biological,2020-01-20T00:00:00.000Z,2023-05-11T00:00:00.000Z,35,000,Pueblo of Picuris,2026-08-20T20:50:08.994Z
3460,EM-3460-NM,NM,EM,2020-03-13T00:00:00.000Z,Biological,2020-01-20T00:00:00.000Z,2023-05-11T00:00:00.000Z,35,000,Pueblo of Santa Ana,2026-08-20T20:50:08.994Z
3460,EM-3460-NM,NM,EM,2020-03-13T00:00:00.000Z,Biological,2020-01-20T00:00:00.000Z,2023-05-11T00:00:00.000Z,35,000,Navajo Nation Reservation (Also  AZ and UT),2026-08-20T20:50:08.994Z
3460,EM-3460-NM,NM,EM,2020-03-13T00:00:00.000Z,Biological,2020-01-20T00:00:00.000Z,2023-05-11T00:00:00.000Z,35,000,Pueblo of Taos,2026-08-20T20:50:08.994Z
3460,EM-3460-NM,NM,EM,2020-03-13T00:00:00.000Z,Biological,2020-01-20T00:00:00.000Z,2023-05-11T00:00:00.000Z,35,000,San Felipe/Santa Ana Joint Area,2026-08-20T20:50:08.994Z
3460,EM-3460-NM,NM,EM,2020-03-13T00:00:00.000Z,Biological,2020-01-20T00:00:00.000Z,2023-05-11T00:00:00.000Z,35,000,Santa Clara Pueblo (Indian Reservation),2026-08-20T20:50:08.994Z
3460,EM-3460-NM,NM,EM,2020-03-13T00:00:00.000Z,Biological,2020-01-20T00:00:00.000Z,2023-05-11T00:00:00.000Z,35,000,Santo Domingo Pueblo (Indian Reservation),2026-08-20T20:50:08.994Z
3460,EM-3460-NM,NM,EM,2020-03-13T00:00:00.000Z,Biological,2020-01-20T00:00:00.000Z,2023-05-11T00:00:00.000Z,35,000,Pueblo of Pojoaque,2026-08-20T20:50:08.994Z
3460,EM-3460-NM,NM,EM,2020-03-13T00:00:00.000Z,Biological,2020-01-20T00:00:00.000Z,2023-05-11T00:00:00.000Z,35,000,Zia Pueblo (Indian Reservation),2026-08-20T20:50:08.994Z
3460,EM-3460-NM,NM,EM,2020-03-13T00:00:00.000Z,Biological,2020-01-20T00:00:00.000Z,2023-05-11T00:00:00.000Z,35,000,San Felipe/Santo Domingo Joint Area,2026-08-20T20:50:08.994Z
3460,EM-3460-NM,NM,EM,2020-03-13T00:00:00.000Z,Biological,2020-01-20T00:00:00.000Z,2023-05-11T00:00:00.000Z,35,000,Jemez Pueblo (Indian Reservation),2026-08-20T20:50:08.994Z
3460,EM-3460-NM,NM,EM,2020-03-13T00:00:00.000Z,Biological,2020-01-20T00:00:00.000Z,2023-05-11T00:00:00.000Z,35,000,Mescalero Tribe,2026-08-20T20:50:08.994Z
3460,EM-3460-NM,NM,EM,2020-03-13T00:00:00.000Z,Biological,2020-01-20T00:00:00.000Z,2023-05-11T00:00:00.000Z,35,000,Ramah Navajo Community (Indian Reservation),2026-08-20T20:50:08.994Z
3460,EM-3460-NM,NM,EM,2020-03-13T00:00:00.000Z,Biological,2020-01-20T00:00:00.000Z,2023-05-11T00:00:00.000Z,35,000,Isleta Pueblo (Indian Reservation),2026-08-20T20:50:08.994Z
3460,EM-3460-NM,NM,EM,2020-03-13T00:00:00.000Z,Biological,2020-01-20T00:00:00.000Z,2023-05-11T00:00:00.000Z,35,000,Santo Domingo Pueblo (Indian Reservation),2026-08-20T20:50:08.994Z
3460,EM-3460-NM,NM,EM,2020-03-13T00:00:00.000Z,Biological,2020-01-20T00:00:00.000Z,2023-05-11T00:00:00.000Z,35,000,Pueblo of Acoma,2026-08-20T20:50:08.994Z
3460,EM-3460-NM,NM,EM,2020-03-13T00:00:00.000Z,Biological,2020-01-20T00:00:00.000Z,2023-05-11T00:00:00.000Z,35,000,San Juan Pueblo (Indian Reservation),2026-08-20T20:50:08.994Z
3460,EM-3460-NM,NM,EM,2020-03-13T00:00:00.000Z,Biological,2020-01-20T00:00:00.000Z,2023-05-11T00:00:00.000Z,35,000,Zia Pueblo (Indian Reservation),2026-08-20T20:50:08.994Z
3459,EM-3459-LA,LA,EM,2020-03-13T00:00:00.000Z,Biological,2020-01-20T00:00:00.000Z,2023-05-11T00:00:00.000Z,22,000,Coushatta Indian Reservation,2026-08-20T20:50:08.994Z
3459,EM-3459-LA,LA,EM,2020-03-13T00:00:00.000Z,Biological,2020-01-20T00:00:00.000Z,2023-05-11T00:00:00.000Z,22,000,Jena Band of Choctaw (TDSA),2026-08-20T20:50:08.994Z
3459,EM-3459-LA,LA,EM,2020-03-13T00:00:00.000Z,Biological,2020-01-20T00:00:00.000Z,2023-05-11T00:00:00.000Z,22,000,Clifton Choctaw (TDSA),2026-08-20T20:50:08.994Z
3459,EM-3459-LA,LA,EM,2020-03-13T00:00:00.000Z,Biological,2020-01-20T00:00:00.000Z,2023-05-11T00:00:00.000Z,22,000,United Houma Nation (TDSA),2026-08-20T20:50:08.994Z
3459,EM-3459-LA,LA,EM,2020-03-13T00:00:00.000Z,Biological,2020-01-20T00:00:00.000Z,2023-05-11T00:00:00.000Z,22,000,Statewide,2026-08-20T20:50:08.994Z
3459,EM-3459-LA,LA,EM,2020-03-13T00:00:00.000Z,Biological,2020-01-20T00:00:00.000Z,2023-05-11T00:00:00.000Z,22,000,Apache Choctaw (TDSA),2026-08-20T20:50:08.994Z
3459,EM-3459-LA,LA,EM,2020-03-13T00:00:00.000Z,Biological,2020-01-20T00:00:00.000Z,2023-05-11T00:00:00.000Z,22,000,Tunica-Biloxi Indian Reservation,2026-08-20T20:50:08.994Z
3459,EM-3459-LA,LA,EM,2020-03-13T00:00:00.000Z,Biological,2020-01-20T00:00:00.000Z,2023-05-11T00:00:00.000Z,22,000,Chitimacha Indian Reservation,2026-08-20T20:50:08.994Z
3458,EM-3458-TX,TX,EM,2020-03-13T00:00:00.000Z,Biological,2020-01-20T00:00:00.000Z,2023-05-11T00:00:00.000Z,48,000,Kickapoo Reservation,2026-08-20T20:50:08.994Z
3458,EM-3458-TX,TX,EM,2020-03-13T00:00:00.000Z,Biological,2020-01-20T00:00:00.000Z,2023-05-11T00:00:00.000Z,48,000,Ysleta del Sur Pueblo (Indian Reservation),2026-08-20T20:50:08.994Z
3455,EM-3455-MI,MI,EM,2020-03-13T00:00:00.000Z,Biological,2020-01-20T00:00:00.000Z,2023-05-11T00:00:00.000Z,26,000,Isabella Indian Reservation,2026-08-20T20:50:08.994Z
3455,EM-3455-MI,MI,EM,2020-03-13T00:00:00.000Z,Biological,2020-01-20T00:00:00.000Z,2023-05-11T00:00:00.000Z,26,000,Ontonagon Indian Reservation,2026-08-20T20:50:08.994Z
3455,EM-3455-MI,MI,EM,2020-03-13T00:00:00.000Z,Biological,2020-01-20T00:00:00.000Z,2023-05-11T00:00:00.000Z,26,000,Grand Traverse Indian Reservation,2026-08-20T20:50:08.994Z
3455,EM-3455-MI,MI,EM,2020-03-13T00:00:00.000Z,Biological,2020-01-20T00:00:00.000Z,2023-05-11T00:00:00.000Z,26,000,Little Traverse Bay Indian Reservation,2026-08-20T20:50:08.994Z
3455,EM-3455-MI,MI,EM,2020-03-13T00:00:00.000Z,Biological,2020-01-20T00:00:00.000Z,2023-05-11T00:00:00.000Z,26,000,Pokagon Potawatomi Band (TDSA),2026-08-20T20:50:08.994Z
3455,EM-3455-MI,MI,EM,2020-03-13T00:00:00.000Z,Biological,2020-01-20T00:00:00.000Z,2023-05-11T00:00:00.000Z,26,000,Huron Potawatomi Indian Reservation,2026-08-20T20:50:08.994Z
3455,EM-3455-MI,MI,EM,2020-03-13T00:00:00.000Z,Biological,2020-01-20T00:00:00.000Z,2023-05-11T00:00:00.000Z,26,000,Lac Vieux Desert Indian Reservation,2026-08-20T20:50:08.994Z
3455,EM-3455-MI,MI,EM,2020-03-13T00:00:00.000Z,Biological,2020-01-20T00:00:00.000Z,2023-05-11T00:00:00.000Z,26,000,Hannahville Community Indian Reservation,2026-08-20T20:50:08.994Z
3455,EM-3455-MI,MI,EM,2020-03-13T00:00:00.000Z,Biological,2020-01-20T00:00:00.000Z,2023-05-11T00:00:00.000Z,26,000,Bay Mills Indian Reservation,2026-08-20T20:50:08.994Z
3455,EM-3455-MI,MI,EM,2020-03-13T00:00:00.000Z,Biological,2020-01-20T00:00:00.000Z,2023-05-11T00:00:00.000Z,26,000,L'Anse Indian Reservation,2026-08-20T20:50:08.994Z
3455,EM-3455-MI,MI,EM,2020-03-13T00:00:00.000Z,Biological,2020-01-20T00:00:00.000Z,2023-05-11T00:00:00.000Z,26,000,Sault Ste. Marie Indian Reservation,2026-08-20T20:50:08.994Z
3454,EM-3454-WI,WI,EM,2020-03-13T00:00:00.000Z,Biological,2020-01-20T00:00:00.000Z,2023-05-11T00:00:00.000Z,55,000,Red Cliff Indian Reservation,2026-08-20T20:50:08.994Z
3454,EM-3454-WI,WI,EM,2020-03-13T00:00:00.000Z,Biological,2020-01-20T00:00:00.000Z,2023-05-11T00:00:00.000Z,55,000,Forest County Potawatomi Reservation and Trust Lands,2026-08-20T20:50:08.994Z
3454,EM-3454-WI,WI,EM,2020-03-13T00:00:00.000Z,Biological,2020-01-20T00:00:00.000Z,2023-05-11T00:00:00.000Z,55,000,Lac du Flambeau Indian Reservation,2026-08-20T20:50:08.994Z
3454,EM-3454-WI,WI,EM,2020-03-13T00:00:00.000Z,Biological,2020-01-20T00:00:00.000Z,2023-05-11T00:00:00.000Z,55,000,St. Croix Indian Reservation,2026-08-20T20:50:08.994Z
3454,EM-3454-WI,WI,EM,2020-03-13T00:00:00.000Z,Biological,2020-01-20T00:00:00.000Z,2023-05-11T00:00:00.000Z,55,000,Stockbridge Indian Reservation,2026-08-20T20:50:08.994Z
3454,EM-3454-WI,WI,EM,2020-03-13T00:00:00.000Z,Biological,2020-01-20T00:00:00.000Z,2023-05-11T00:00:00.000Z,55,000,Menominee Indian Reservation,2026-08-20T20:50:08.994Z
3454,EM-3454-WI,WI,EM,2020-03-13T00:00:00.000Z,Biological,2020-01-20T00:00:00.000Z,2023-05-11T00:00:00.000Z,55,000,Ho-Chunk Reservation,2026-08-20T20:50:08.994Z
3454,EM-3454-WI,WI,EM,2020-03-13T00:00:00.000Z,Biological,2020-01-20T00:00:00.000Z,2023-05-11T00:00:00.000Z,55,000,Sokaogon Chippewa Community (Indian Reservation),2026-08-20T20:50:08.994Z
3454,EM-3454-WI,WI,EM,2020-03-13T00:00:00.000Z,Biological,2020-01-20T00:00:00.000Z,2023-05-11T00:00:00.000Z,55,000,Oneida Indian Reservation,2026-08-20T20:50:08.994Z
3454,EM-3454-WI,WI,EM,2020-03-13T00:00:00.000Z,Biological,2020-01-20T00:00:00.000Z,2023-05-11T00:00:00.000Z,55,000,Bad River Indian Reservation,2026-08-20T20:50:08.994Z
3454,EM-3454-WI,WI,EM,2020-03-13T00:00:00.000Z,Biological,2020-01-20T00:00:00.000Z,2023-05-11T00:00:00.000Z,55,000,Lac Courte Oreilles Indian Reservation,2026-08-20T20:50:08.994Z
3453,EM-3453-MN,MN,EM,2020-03-13T00:00:00.000Z,Biological,2020-01-20T00:00:00.000Z,2023-05-11T00:00:00.000Z,27,000,Lower Sioux Community (Indian Reservation),2026-08-20T20:50:08.994Z
3453,EM-3453-MN,MN,EM,2020-03-13T00:00:00.000Z,Biological,2020-01-20T00:00:00.000Z,2023-05-11T00:00:00.000Z,27,000,Red Lake Indian Reservation,2026-08-20T20:50:08.994Z
3453,EM-3453-MN,MN,EM,2020-03-13T00:00:00.000Z,Biological,2020-01-20T00:00:00.000Z,2023-05-11T00:00:00.000Z,27,000,Shakopee Community (Indian Reservation),2026-08-20T20:50:08.994Z
3453,EM-3453-MN,MN,EM,2020-03-13T00:00:00.000Z,Biological,2020-01-20T00:00:00.000Z,2023-05-11T00:00:00.000Z,27,000,Prairie Island Community (Indian Reservation),2026-08-20T20:50:08.994Z
3453,EM-3453-MN,MN,EM,2020-03-13T00:00:00.000Z,Biological,2020-01-20T00:00:00.000Z,2023-05-11T00:00:00.000Z,27,000,Ho-Chunk Reservation and Trust Lands (Also WI),2026-08-20T20:50:08.994Z
3453,EM-3453-MN,MN,EM,2020-03-13T00:00:00.000Z,Biological,2020-01-20T00:00:00.000Z,2023-05-11T00:00:00.000Z,27,000,White Earth Indian Reservation,2026-08-20T20:50:08.994Z
3453,EM-3453-MN,MN,EM,2020-03-13T00:00:00.000Z,Biological,2020-01-20T00:00:00.000Z,2023-05-11T00:00:00.000Z,27,000,Upper Sioux Community (Indian Reservation),2026-08-20T20:50:08.994Z
3453,EM-3453-MN,MN,EM,2020-03-13T00:00:00.000Z,Biological,2020-01-20T00:00:00.000Z,2023-05-11T00:00:00.000Z,27,000,Sandy Lake Indian Reservation,2026-08-20T20:50:08.994Z
3453,EM-3453-MN,MN,EM,2020-03-13T00:00:00.000Z,Biological,2020-01-20T00:00:00.000Z,2023-05-11T00:00:00.000Z,27,000,Bois Forte (Nett Lake) Indian Reservation,2026-08-20T20:50:08.994Z
3453,EM-3453-MN,MN,EM,2020-03-13T00:00:00.000Z,Biological,2020-01-20T00:00:00.000Z,2023-05-11T00:00:00.000Z,27,000,Deer Creek Indian Reservation,2026-08-20T20:50:08.994Z
3453,EM-3453-MN,MN,EM,2020-03-13T00:00:00.000Z,Biological,2020-01-20T00:00:00.000Z,2023-05-11T00:00:00.000Z,27,000,Fond du Lac Indian Reservation,2026-08-20T20:50:08.994Z
3453,EM-3453-MN,MN,EM,2020-03-13T00:00:00.000Z,Biological,2020-01-20T00:00:00.000Z,2023-05-11T00:00:00.000Z,27,000,Grand Portage Indian Reservation,2026-08-20T20:50:08.994Z
3453,EM-3453-MN,MN,EM,2020-03-13T00:00:00.000Z,Biological,2020-01-20T00:00:00.000Z,2023-05-11T00:00:00.000Z,27,000,Mille Lacs Indian Reservation,2026-08-20T20:50:08.994Z
3453,EM-3453-MN,MN,EM,2020-03-13T00:00:00.000Z,Biological,2020-01-20T00:00:00.000Z,2023-05-11T00:00:00.000Z,27,000,Vermillion Lake Indian Reservation,2026-08-20T20:50:08.994Z
3453,EM-3453-MN,MN,EM,2020-03-13T00:00:00.000Z,Biological,2020-01-20T00:00:00.000Z,2023-05-11T00:00:00.000Z,27,000,Leech Lake Indian Reservation,2026-08-20T20:50:08.994Z
3448,EM-3448-VA,VA,EM,2020-03-13T00:00:00.000Z,Biological,2020-01-20T00:00:00.000Z,2023-05-11T00:00:00.000Z,51,000,Mattaponi Indian Reservation,2026-08-20T20:50:08.994Z
3448,EM-3448-VA,VA,EM,2020-03-13T00:00:00.000Z,Biological,2020-01-20T00:00:00.000Z,2023-05-11T00:00:00.000Z,51,000,Pamunkey Indian Reservation,2026-08-20T20:50:08.994Z
3448,EM-3448-VA,VA,EM,2020-03-13T00:00:00.000Z,Biological,2020-01-20T00:00:00.000Z,2023-05-11T00:00:00.000Z,51,000,Eastern Chickahominy (TDSA),2026-08-20T20:50:08.994Z
3448,EM-3448-VA,VA,EM,2020-03-13T00:00:00.000Z,Biological,2020-01-20T00:00:00.000Z,2023-05-11T00:00:00.000Z,51,000,Chickahominy (TDSA),2026-08-20T20:50:08.994Z
3444,EM-3444-ME,ME,EM,2020-03-13T00:00:00.000Z,Biological,2020-01-20T00:00:00.000Z,2023-05-11T00:00:00.000Z,23,000,Aroostook Band of Micmac (TDSA),2026-08-20T20:50:08.994Z
3443,EM-3443-NV,NV,EM,2020-03-13T00:00:00.000Z,Biological,2020-01-20T00:00:00.000Z,2023-05-11T00:00:00.000Z,32,000,South Fork Reservation and Trust Lands,2026-08-20T20:50:08.994Z
3443,EM-3443-NV,NV,EM,2020-03-13T00:00:00.000Z,Biological,2020-01-20T00:00:00.000Z,2023-05-11T00:00:00.000Z,32,000,Moapa River Indian Reservation,2026-08-20T20:50:08.994Z
3443,EM-3443-NV,NV,EM,2020-03-13T00:00:00.000Z,Biological,2020-01-20T00:00:00.000Z,2023-05-11T00:00:00.000Z,32,000,Carson Colony (Indian Reservation),2026-08-20T20:50:08.994Z
3443,EM-3443-NV,NV,EM,2020-03-13T00:00:00.000Z,Biological,2020-01-20T00:00:00.000Z,2023-05-11T00:00:00.000Z,32,000,Washoe Indian Reservation,2026-08-20T20:50:08.994Z
3443,EM-3443-NV,NV,EM,2020-03-13T00:00:00.000Z,Biological,2020-01-20T00:00:00.000Z,2023-05-11T00:00:00.000Z,32,000,Lovelock Colony (Reservation),2026-08-20T20:50:08.994Z
3443,EM-3443-NV,NV,EM,2020-03-13T00:00:00.000Z,Biological,2020-01-20T00:00:00.000Z,2023-05-11T00:00:00.000Z,32,000,Fort McDermitt Indian Reservation (Also OR),2026-08-20T20:50:08.994Z
3443,EM-3443-NV,NV,EM,2020-03-13T00:00:00.000Z,Biological,2020-01-20T00:00:00.000Z,2023-05-11T00:00:00.000Z,32,000,Stewart Community,2026-08-20T20:50:08.994Z
3443,EM-3443-NV,NV,EM,2020-03-13T00:00:00.000Z,Biological,2020-01-20T00:00:00.000Z,2023-05-11T00:00:00.000Z,32,000,Elko Colony (Reservation),2026-08-20T20:50:08.994Z
3443,EM-3443-NV,NV,EM,2020-03-13T00:00:00.000Z,Biological,2020-01-20T00:00:00.000Z,2023-05-11T00:00:00.000Z,32,000,Reno-Sparks Colony (Reservation),2026-08-20T20:50:08.994Z
3443,EM-3443-NV,NV,EM,2020-03-13T00:00:00.000Z,Biological,2020-01-20T00:00:00.000Z,2023-05-11T00:00:00.000Z,32,000,Fallon Colony (Reservation),2026-08-20T20:50:08.994Z
3443,EM-3443-NV,NV,EM,2020-03-13T00:00:00.000Z,Biological,2020-01-20T00:00:00.000Z,2023-05-11T00:00:00.000Z,32,000,Goshute Indian Reservation (Also UT),2026-08-20T20:50:08.994Z
3443,EM-3443-NV,NV,EM,2020-03-13T00:00:00.000Z,Biological,2020-01-20T00:00:00.000Z,2023-05-11T00:00:00.000Z,32,000,Yerington Indian Reservation,2026-08-20T20:50:08.994Z
3443,EM-3443-NV,NV,EM,2020-03-13T00:00:00.000Z,Biological,2020-01-20T00:00:00.000Z,2023-05-11T00:00:00.000Z,32,000,Walker River Indian Reservation,2026-08-20T20:50:08.994Z
3443,EM-3443-NV,NV,EM,2020-03-13T00:00:00.000Z,Biological,2020-01-20T00:00:00.000Z,2023-05-11T00:00:00.000Z,32,000,Duck Valley (Western Shoshone) Indian Reservation (A,2026-08-20T20:50:08.994Z
3443,EM-3443-NV,NV,EM,2020-03-13T00:00:00.000Z,Biological,2020-01-20T00:00:00.000Z,2023-05-11T00:00:00.000Z,32,000,Fallon Indian Reservation,2026-08-20T20:50:08.994Z
3443,EM-3443-NV,NV,EM,2020-03-13T00:00:00.000Z,Biological,2020-01-20T00:00:00.000Z,2023-05-11T00:00:00.000Z,32,000,Summit Lake Indian Reservation,2026-08-20T20:50:08.994Z
3443,EM-3443-NV,NV,EM,2020-03-13T00:00:00.000Z,Biological,2020-01-20T00:00:00.000Z,2023-05-11T00:00:00.000Z,32,000,Fort Mojave Indian Reservation (Also AZ),2026-08-20T20:50:08.994Z
3443,EM-3443-NV,NV,EM,2020-03-13T00:00:00.000Z,Biological,2020-01-20T00:00:00.000Z,2023-05-11T00:00:00.000Z,32,000,Las Vegas Colony (Reservation),2026-08-20T20:50:08.994Z
3443,EM-3443-NV,NV,EM,2020-03-13T00:00:00.000Z,Biological,2020-01-20T00:00:00.000Z,2023-05-11T00:00:00.000Z,32,000,Wells Colony (Reservation),2026-08-20T20:50:08.994Z
3443,EM-3443-NV,NV,EM,2020-03-13T00:00:00.000Z,Biological,2020-01-20T00:00:00.000Z,2023-05-11T00:00:00.000Z,32,000,Yomba Indian Reservation,2026-08-20T20:50:08.994Z
3443,EM-3443-NV,NV,EM,2020-03-13T00:00:00.000Z,Biological,2020-01-20T00:00:00.000Z,2023-05-11T00:00:00.000Z,32,000,Winnemucca Colony (Reservation),2026-08-20T20:50:08.994Z
3443,EM-3443-NV,NV,EM,2020-03-13T00:00:00.000Z,Biological,2020-01-20T00:00:00.000Z,2023-05-11T00:00:00.000Z,32,000,Campbell Ranch (Reservation),2026-08-20T20:50:08.994Z
3443,EM-3443-NV,NV,EM,2020-03-13T00:00:00.000Z,Biological,2020-01-20T00:00:00.000Z,2023-05-11T00:00:00.000Z,32,000,Duckwater Indian Reservation,2026-08-20T20:50:08.994Z
3443,EM-3443-NV,NV,EM,2020-03-13T00:00:00.000Z,Biological,2020-01-20T00:00:00.000Z,2023-05-11T00:00:00.000Z,32,000,Battle Mountain Reservation,2026-08-20T20:50:08.994Z
3443,EM-3443-NV,NV,EM,2020-03-13T00:00:00.000Z,Biological,2020-01-20T00:00:00.000Z,2023-05-11T00:00:00.000Z,32,000,Ely Colony (Reservation),2026-08-20T20:50:08.994Z
3443,EM-3443-NV,NV,EM,2020-03-13T00:00:00.000Z,Biological,2020-01-20T00:00:00.000Z,2023-05-11T00:00:00.000Z,32,000,Pyramid Lake Indian Reservation,2026-08-20T20:50:08.994Z
3443,EM-3443-NV,NV,EM,2020-03-13T00:00:00.000Z,Biological,2020-01-20T00:00:00.000Z,2023-05-11T00:00:00.000Z,32,000,Dresslerville Colony (Reservation),2026-08-20T20:50:08.994Z
3442,EM-3442-AZ,AZ,EM,2020-03-13T00:00:00.000Z,Biological,2020-01-20T00:00:00.000Z,2023-05-11T00:00:00.000Z,04,000,Maricopa Indian Reservation (Ak Chin),2026-08-20T20:50:08.994Z
3442,EM-3442-AZ,AZ,EM,2020-03-13T00:00:00.000Z,Biological,2020-01-20T00:00:00.000Z,2023-05-11T00:00:00.000Z,04,000,Hualapai Indian Reservation,2026-08-20T20:50:08.994Z
3442,EM-3442-AZ,AZ,EM,2020-03-13T00:00:00.000Z,Biological,2020-01-20T00:00:00.000Z,2023-05-11T00:00:00.000Z,04,000,Navajo Nation Reservation (Also NM and UT),2026-08-20T20:50:08.994Z
3442,EM-3442-AZ,AZ,EM,2020-03-13T00:00:00.000Z,Biological,2020-01-20T00:00:00.000Z,2023-05-11T00:00:00.000Z,04,000,San Carlos Indian Reservation,2026-08-20T20:50:08.994Z
3442,EM-3442-AZ,AZ,EM,2020-03-13T00:00:00.000Z,Biological,2020-01-20T00:00:00.000Z,2023-05-11T00:00:00.000Z,04,000,Cocopah Indian Reservation,2026-08-20T20:50:08.994Z
3442,EM-3442-AZ,AZ,EM,2020-03-13T00:00:00.000Z,Biological,2020-01-20T00:00:00.000Z,2023-05-11T00:00:00.000Z,04,000,Colorado River Indian Reservation (Also CA),2026-08-20T20:50:08.994Z
3442,EM-3442-AZ,AZ,EM,2020-03-13T00:00:00.000Z,Biological,2020-01-20T00:00:00.000Z,2023-05-11T00:00:00.000Z,04,000,Fort Yuma (Quechan) Indian Reservation (Also CA),2026-08-20T20:50:08.994Z
3442,EM-3442-AZ,AZ,EM,2020-03-13T00:00:00.000Z,Biological,2020-01-20T00:00:00.000Z,2023-05-11T00:00:00.000Z,04,000,Fort McDowell Indian Reservation,2026-08-20T20:50:08.994Z
3442,EM-3442-AZ,AZ,EM,2020-03-13T00:00:00.000Z,Biological,2020-01-20T00:00:00.000Z,2023-05-11T00:00:00.000Z,04,000,Yavapai-Apache Nation Indian Reservation,2026-08-20T20:50:08.994Z
3442,EM-3442-AZ,AZ,EM,2020-03-13T00:00:00.000Z,Biological,2020-01-20T00:00:00.000Z,2023-05-11T00:00:00.000Z,04,000,Salt River Pima-Maricopa Indian Community,2026-08-20T20:50:08.994Z
3442,EM-3442-AZ,AZ,EM,2020-03-13T00:00:00.000Z,Biological,2020-01-20T00:00:00.000Z,2023-05-11T00:00:00.000Z,04,000,Hopi Indian Reservation,2026-08-20T20:50:08.994Z
3442,EM-3442-AZ,AZ,EM,2020-03-13T00:00:00.000Z,Biological,2020-01-20T00:00:00.000Z,2023-05-11T00:00:00.000Z,04,000,White Mountain Apache Tribe,2026-08-20T20:50:08.994Z
3442,EM-3442-AZ,AZ,EM,2020-03-13T00:00:00.000Z,Biological,2020-01-20T00:00:00.000Z,2023-05-11T00:00:00.000Z,04,000,Tonto Apache Reservation,2026-08-20T20:50:08.994Z
3442,EM-3442-AZ,AZ,EM,2020-03-13T00:00:00.000Z,Biological,2020-01-20T00:00:00.000Z,2023-05-11T00:00:00.000Z,04,000,Kaibab Indian Reservation,2026-08-20T20:50:08.994Z
3442,EM-3442-AZ,AZ,EM,2020-03-13T00:00:00.000Z,Biological,2020-01-20T00:00:00.000Z,2023-05-11T00:00:00.000Z,04,000,Fort Mojave Indian Reservation (Also CA),2026-08-20T20:50:08.994Z
3442,EM-3442-AZ,AZ,EM,2020-03-13T00:00:00.000Z,Biological,2020-01-20T00:00:00.000Z,2023-05-11T00:00:00.000Z,04,000,Pascua Yaqui Indian Reservation,2026-08-20T20:50:08.994Z
3442,EM-3442-AZ,AZ,EM,2020-03-13T00:00:00.000Z,Biological,2020-01-20T00:00:00.000Z,2023-05-11T00:00:00.000Z,04,000,Tohono O'odham Reservation and Trust Lands,2026-08-20T20:50:08.994Z
3442,EM-3442-AZ,AZ,EM,2020-03-13T00:00:00.000Z,Biological,2020-01-20T00:00:00.000Z,2023-05-11T00:00:00.000Z,04,000,Zuni Pueblo (Indian Reservation),2026-08-20T20:50:08.994Z
3442,EM-3442-AZ,AZ,EM,2020-03-13T00:00:00.000Z,Biological,2020-01-20T00:00:00.000Z,2023-05-11T00:00:00.000Z,04,000,Gila River Indian Reservation,2026-08-20T20:50:08.994Z
3442,EM-3442-AZ,AZ,EM,2020-03-13T00:00:00.000Z,Biological,2020-01-20T00:00:00.000Z,2023-05-11T00:00:00.000Z,04,000,Yavapai Indian Reservation,2026-08-20T20:50:08.994Z
3442,EM-3442-AZ,AZ,EM,2020-03-13T00:00:00.000Z,Biological,2020-01-20T00:00:00.000Z,2023-05-11T00:00:00.000Z,04,000,Havasupai Indian Reservation,2026-08-20T20:50:08.994Z
3439,EM-3439-CT,CT,EM,2020-03-13T00:00:00.000Z,Biological,2020-01-20T00:00:00.000Z,2023-05-11T00:00:00.000Z,09,000,Mashantucket Pequot Indian Reservation,2026-08-20T20:50:08.994Z
3436,EM-3436-CO,CO,EM,2020-03-13T00:00:00.000Z,Biological,2020-01-20T00:00:00.000Z,2023-05-11T00:00:00.000Z,08,000,Ute Mountain Indian Reservation (Also NM),2026-08-20T20:50:08.994Z
3436,EM-3436-CO,CO,EM,2020-03-13T00:00:00.000Z,Biological,2020-01-20T00:00:00.000Z,2023-05-11T00:00:00.000Z,08,000,Southern Ute Indian Reservation,2026-08-20T20:50:08.994Z
3434,EM-3434-NY,NY,EM,2020-03-13T00:00:00.000Z,Biological,2020-01-20T00:00:00.000Z,2023-05-11T00:00:00.000Z,36,000,Oneida (East) Indian Reservation,2026-08-20T20:50:08.994Z
3434,EM-3434-NY,NY,EM,2020-03-13T00:00:00.000Z,Biological,2020-01-20T00:00:00.000Z,2023-05-11T00:00:00.000Z,36,000,Cayuga Nation (TDSA),2026-08-20T20:50:08.994Z
3423,EM-3423-NC,NC,EM,2019-09-03T00:00:00.000Z,Hurricane,2019-09-01T00:00:00.000Z,2019-09-09T00:00:00.000Z,37,000,Eastern Band of Cherokee Indians,2026-08-20T20:50:08.994Z
3421,EM-3421-SC,SC,EM,2019-09-01T00:00:00.000Z,Hurricane,2019-08-31T00:00:00.000Z,2019-09-06T00:00:00.000Z,45,000,Catawba Indian Nation,2026-08-20T20:50:08.994Z
3420,EM-3420-FL,FL,EM,2019-08-31T00:00:00.000Z,Hurricane,2019-08-28T00:00:00.000Z,2019-09-04T00:00:00.000Z,12,000,Brighton Indian Reservation,2026-08-20T20:50:08.994Z
3420,EM-3420-FL,FL,EM,2019-08-31T00:00:00.000Z,Hurricane,2019-08-28T00:00:00.000Z,2019-09-04T00:00:00.000Z,12,000,Tampa Reservation,2026-08-20T20:50:08.994Z
3420,EM-3420-FL,FL,EM,2019-08-31T00:00:00.000Z,Hurricane,2019-08-28T00:00:00.000Z,2019-09-04T00:00:00.000Z,12,000,Immokalee Indian Reservation,2026-08-20T20:50:08.994Z
3420,EM-3420-FL,FL,EM,2019-08-31T00:00:00.000Z,Hurricane,2019-08-28T00:00:00.000Z,2019-09-04T00:00:00.000Z,12,000,Big Cypress Indian Reservation,2026-08-20T20:50:08.994Z
3420,EM-3420-FL,FL,EM,2019-08-31T00:00:00.000Z,Hurricane,2019-08-28T00:00:00.000Z,2019-09-04T00:00:00.000Z,12,000,Hollywood Indian Reservation,2026-08-20T20:50:08.994Z
3420,EM-3420-FL,FL,EM,2019-08-31T00:00:00.000Z,Hurricane,2019-08-28T00:00:00.000Z,2019-09-04T00:00:00.000Z,12,000,Fort Pierce Indian Reservation,2026-08-20T20:50:08.994Z
3407,EM-3407-AL,AL,EM,2018-10-12T00:00:00.000Z,Hurricane,2018-10-10T00:00:00.000Z,2018-10-13T00:00:00.000Z,01,000,Poarch Band of Creek Indians,2026-08-20T20:50:08.994Z
3401,EM-3401-NC,NC,EM,2018-09-10T00:00:00.000Z,Hurricane,2018-09-07T00:00:00.000Z,2018-09-29T00:00:00.000Z,37,000,Eastern Band of Cherokee Indians,2026-08-20T20:50:08.994Z
3400,EM-3400-SC,SC,EM,2018-09-10T00:00:00.000Z,Hurricane,2018-09-08T00:00:00.000Z,2018-10-08T00:00:00.000Z,45,000,Catawba Indian Nation,2026-08-20T20:50:08.994Z
3394,EM-3394-AL,AL,EM,2017-10-08T00:00:00.000Z,Hurricane,2017-10-06T00:00:00.000Z,2017-10-10T00:00:00.000Z,01,000,Poarch Band of Creek Indians,2026-08-20T20:50:08.994Z
3389,EM-3389-AL,AL,EM,2017-09-11T00:00:00.000Z,Hurricane,2017-09-08T00:00:00.000Z,2017-09-14T00:00:00.000Z,01,000,Poarch Band of Creek Indians,2026-08-20T20:50:08.994Z
3388,EM-3388-FL,FL,EM,2017-09-08T00:00:00.000Z,Hurricane,2017-09-04T00:00:00.000Z,2017-10-04T00:00:00.000Z,12,000,Hollywood Indian Reservation,2026-08-20T20:50:08.994Z
3386,EM-3386-SC,SC,EM,2017-09-07T00:00:00.000Z,Hurricane,2017-09-06T00:00:00.000Z,2017-09-13T00:00:00.000Z,45,000,Catawba Indian Nation,2026-08-20T20:50:08.994Z
3378,EM-3378-SC,SC,EM,2016-10-06T00:00:00.000Z,Hurricane,2016-10-04T00:00:00.000Z,2016-10-30T00:00:00.000Z,45,000,Catawba Indian Nation,2026-08-20T20:50:08.994Z
3373,EM-3373-SC,SC,EM,2015-10-03T00:00:00.000Z,Severe Storm,2015-10-01T00:00:00.000Z,2015-10-23T00:00:00.000Z,45,000,Catawba Indian Nation,2026-08-20T20:50:08.994Z
3372,EM-3372-WA,WA,EM,2015-08-21T00:00:00.000Z,Fire,2015-08-13T00:00:00.000Z,2015-09-10T00:00:00.000Z,53,000,Colville Indian Reservation,2026-08-20T20:50:08.994Z
3372,EM-3372-WA,WA,EM,2015-08-21T00:00:00.000Z,Fire,2015-08-13T00:00:00.000Z,2015-09-10T00:00:00.000Z,53,000,Yakama Reservation,2026-08-20T20:50:08.994Z
3372,EM-3372-WA,WA,EM,2015-08-21T00:00:00.000Z,Fire,2015-08-13T00:00:00.000Z,2015-09-10T00:00:00.000Z,53,000,Spokane Indian Reservation,2026-08-20T20:50:08.994Z
3372,EM-3372-WA,WA,EM,2015-08-21T00:00:00.000Z,Fire,2015-08-13T00:00:00.000Z,2015-09-10T00:00:00.000Z,53,000,Kalispel Indian Reservation,2026-08-20T20:50:08.994Z
3371,EM-3371-WA,WA,EM,2014-07-23T00:00:00.000Z,Fire,2014-07-09T00:00:00.000Z,2014-08-05T00:00:00.000Z,53,000,Colville Indian Reservation,2026-08-20T20:50:08.994Z
3361,EM-3361-CT,CT,EM,2013-02-10T00:00:00.000Z,Severe Storm,2013-02-08T00:00:00.000Z,2013-02-11T00:00:00.000Z,09,000,Mashantucket Pequot Indian Reservation,2026-08-20T20:50:08.994Z
3359,EM-3359-VA,VA,EM,2012-10-29T00:00:00.000Z,Hurricane,2012-10-26T00:00:00.000Z,2012-11-01T00:00:00.000Z,51,000,Pamunkey Indian Reservation,2026-08-20T20:50:08.994Z
3359,EM-3359-VA,VA,EM,2012-10-29T00:00:00.000Z,Hurricane,2012-10-26T00:00:00.000Z,2012-11-01T00:00:00.000Z,51,000,Mattaponi Indian Reservation,2026-08-20T20:50:08.994Z
3356,EM-3356-PA,PA,EM,2012-10-29T00:00:00.000Z,Hurricane,2012-10-26T00:00:00.000Z,2012-11-08T00:00:00.000Z,42,000,Statewide,2026-08-20T20:50:08.994Z
3318,EM-3318-ND,ND,EM,2011-04-07T00:00:00.000Z,Flood,2011-04-05T00:00:00.000Z,2011-07-01T00:00:00.000Z,38,000,Standing Rock Sioux Tribe of North & South Dakota,2026-08-20T20:50:08.994Z
3310,EM-3310-MN,MN,EM,2010-03-19T00:00:00.000Z,Flood,2010-03-01T00:00:00.000Z,2010-04-26T00:00:00.000Z,27,000,Upper Sioux Community (Indian Reservation),2026-08-20T20:50:08.994Z
3309,EM-3309-ND,ND,EM,2010-03-14T00:00:00.000Z,Flood,2010-02-26T00:00:00.000Z,2010-04-30T00:00:00.000Z,38,000,Spirit Lake Reservation,2026-08-20T20:50:08.994Z
3307,EM-3307-AZ,AZ,EM,2010-01-24T00:00:00.000Z,Severe Storm,2010-01-20T00:00:00.000Z,2010-01-29T00:00:00.000Z,04,000,Hopi Indian Reservation,2026-08-20T20:50:08.994Z
3307,EM-3307-AZ,AZ,EM,2010-01-24T00:00:00.000Z,Severe Storm,2010-01-20T00:00:00.000Z,2010-01-29T00:00:00.000Z,04,000,Navajo Nation Reservation (Also NM and UT),2026-08-20T20:50:08.994Z
3287,EM-3287-CA,CA,EM,2008-06-28T00:00:00.000Z,Fire,2008-06-20T00:00:00.000Z,2008-08-20T00:00:00.000Z,06,000,Yurok Indian Reservation,2026-08-20T20:50:08.994Z
3287,EM-3287-CA,CA,EM,2008-06-28T00:00:00.000Z,Fire,2008-06-20T00:00:00.000Z,2008-08-20T00:00:00.000Z,06,000,Hoopa Valley Indian Reservation,2026-08-20T20:50:08.994Z
3281,EM-3281-MO,MO,EM,2007-12-12T00:00:00.000Z,Severe Ice Storm,2007-12-08T00:00:00.000Z,2007-12-15T00:00:00.000Z,29,000,Statewide,2026-08-20T20:50:08.994Z
3261,EM-3261-TX,TX,EM,2005-09-21T00:00:00.000Z,Hurricane,2005-09-20T00:00:00.000Z,2005-10-14T00:00:00.000Z,48,000,Statewide,2026-08-20T20:50:08.994Z
3249,EM-3249-WI,WI,EM,2005-09-13T00:00:00.000Z,Hurricane,2005-08-29T00:00:00.000Z,2005-10-01T00:00:00.000Z,55,000,Statewide,2026-08-20T20:50:08.994Z
3196,EM-3196-ND,ND,EM,2004-04-02T00:00:00.000Z,Snowstorm,2004-01-23T00:00:00.000Z,2004-01-27T00:00:00.000Z,38,000,Fort Berthold Indian Reservation,2026-08-20T20:50:08.994Z
3186,EM-3186-NY,NY,EM,2003-08-23T00:00:00.000Z,Other,2003-08-14T00:00:00.000Z,2003-08-16T00:00:00.000Z,36,000,Oneida (East) Indian Reservation,2026-08-20T20:50:08.994Z
3186,EM-3186-NY,NY,EM,2003-08-23T00:00:00.000Z,Other,2003-08-14T00:00:00.000Z,2003-08-16T00:00:00.000Z,36,000,Cayuga Nation (TDSA),2026-08-20T20:50:08.994Z
3186,EM-3186-NY,NY,EM,2003-08-23T00:00:00.000Z,Other,2003-08-14T00:00:00.000Z,2003-08-16T00:00:00.000Z,36,000,Statewide,2026-08-20T20:50:08.994Z
2997,FM-2997-OK,OK,FM,2012-07-30T00:00:00.000Z,Fire,2012-07-30T00:00:00.000Z,2012-08-03T00:00:00.000Z,40,000,Statewide,2026-08-20T20:50:08.994Z
2933,FM-2933-NM,NM,FM,2011-06-26T00:00:00.000Z,Fire,2011-06-26T00:00:00.000Z,2011-08-25T00:00:00.000Z,35,000,Santa Clara Pueblo (Indian Reservation),2026-08-20T20:50:08.994Z
2933,FM-2933-NM,NM,FM,2011-06-26T00:00:00.000Z,Fire,2011-06-26T00:00:00.000Z,2011-08-25T00:00:00.000Z,35,000,Jemez Pueblo (Indian Reservation),2026-08-20T20:50:08.994Z
2933,FM-2933-NM,NM,FM,2011-06-26T00:00:00.000Z,Fire,2011-06-26T00:00:00.000Z,2011-08-25T00:00:00.000Z,35,000,Cochiti Pueblo (Indian Reservation),2026-08-20T20:50:08.994Z
2807,FM-2807-TX,TX,FM,2009-04-10T00:00:00.000Z,Fire,2009-04-09T00:00:00.000Z,2009-04-16T00:00:00.000Z,48,000,Statewide,2026-08-20T20:50:08.994Z
2799,FM-2799-OK,OK,FM,2009-03-05T00:00:00.000Z,Fire,2009-03-05T00:00:00.000Z,,40,000,Statewide,2026-08-20T20:50:08.994Z
2797,FM-2797-TX,TX,FM,2009-03-03T00:00:00.000Z,Fire,2009-03-03T00:00:00.000Z,2009-03-18T00:00:00.000Z,48,000,Statewide,2026-08-20T20:50:08.994Z
2703,FM-2703-UT,UT,FM,2007-06-30T00:00:00.000Z,Fire,2007-06-30T00:00:00.000Z,2007-07-05T00:00:00.000Z,49,000,Uintah and Ouray Indian Reservation,2026-08-20T20:50:08.994Z
2551,FM-2551-AK,AK,FM,2004-09-01T00:00:00.000Z,Fire,2004-08-09T00:00:00.000Z,2004-09-12T00:00:00.000Z,02,000,Dot Lake (ANV/ANVSA),2026-08-20T20:50:08.994Z
2551,FM-2551-AK,AK,FM,2004-09-01T00:00:00.000Z,Fire,2004-08-09T00:00:00.000Z,2004-09-12T00:00:00.000Z,02,000,Tanacross (ANV/ANVSA),2026-08-20T20:50:08.994Z
2551,FM-2551-AK,AK,FM,2004-09-01T00:00:00.000Z,Fire,2004-08-09T00:00:00.000Z,2004-09-12T00:00:00.000Z,02,000,Tetlin (ANV/ANVSA),2026-08-20T20:50:08.994Z
2551,FM-2551-AK,AK,FM,2004-09-01T00:00:00.000Z,Fire,2004-08-09T00:00:00.000Z,2004-09-12T00:00:00.000Z,02,000,Tok (ANV/ANVSA),2026-08-20T20:50:08.994Z
2551,FM-2551-AK,AK,FM,2004-09-01T00:00:00.000Z,Fire,2004-08-09T00:00:00.000Z,2004-09-12T00:00:00.000Z,02,000,Northway (ANV/ANVSA),2026-08-20T20:50:08.994Z
2478,FM-2478-AZ,AZ,FM,2003-07-14T00:00:00.000Z,Fire,2003-07-13T00:00:00.000Z,2003-07-22T00:00:00.000Z,04,000,White Mountain Apache Tribe,2026-08-20T20:50:08.994Z
2467,FM-2467-NM,NM,FM,2003-05-10T00:00:00.000Z,Fire,2003-05-09T00:00:00.000Z,2003-05-10T00:00:00.000Z,35,000,Statewide,2026-08-20T20:50:08.994Z
2421,FM-2421-CO,CO,FM,2002-06-09T00:00:00.000Z,Fire,2002-06-08T00:00:00.000Z,2002-07-20T00:00:00.000Z,08,000,Statewide,2026-08-20T20:50:08.994Z
2380,FM-2380-OR,OR,FM,2001-08-17T00:00:00.000Z,Fire,2001-08-17T00:00:00.000Z,2001-08-22T00:00:00.000Z,41,000,Statewide,2026-08-20T20:50:08.994Z
2365,FM-2365-AK,AK,FM,2001-06-30T00:00:00.000Z,Fire,2001-06-29T00:00:00.000Z,2001-07-03T00:00:00.000Z,02,000,Tok (ANV/ANVSA),2026-08-20T20:50:08.994Z
1996,DR-1996-MT,MT,DR,2011-06-17T00:00:00.000Z,Severe Storm,2011-04-04T00:00:00.000Z,2011-07-22T00:00:00.000Z,30,000,Rocky Boy's Indian Reservation,2026-08-20T20:50:08.994Z
1996,DR-1996-MT,MT,DR,2011-06-17T00:00:00.000Z,Severe Storm,2011-04-04T00:00:00.000Z,2011-07-22T00:00:00.000Z,30,000,Fort Peck Indian Reservation,2026-08-20T20:50:08.994Z
1996,DR-1996-MT,MT,DR,2011-06-17T00:00:00.000Z,Severe Storm,2011-04-04T00:00:00.000Z,2011-07-22T00:00:00.000Z,30,000,Crow Indian Reservation,2026-08-20T20:50:08.994Z
1996,DR-1996-MT,MT,DR,2011-06-17T00:00:00.000Z,Severe Storm,2011-04-04T00:00:00.000Z,2011-07-22T00:00:00.000Z,30,000,Northern Cheyenne Indian Reservation,2026-08-20T20:50:08.994Z
1996,DR-1996-MT,MT,DR,2011-06-17T00:00:00.000Z,Severe Storm,2011-04-04T00:00:00.000Z,2011-07-22T00:00:00.000Z,30,000,Fort Belknap Indian Reservation,2026-08-20T20:50:08.994Z
1996,DR-1996-MT,MT,DR,2011-06-17T00:00:00.000Z,Severe Storm,2011-04-04T00:00:00.000Z,2011-07-22T00:00:00.000Z,30,000,Blackfeet Indian Reservation,2026-08-20T20:50:08.994Z
1992,DR-1992-AK,AK,DR,2011-06-10T00:00:00.000Z,Flood,2011-05-08T00:00:00.000Z,2011-05-13T00:00:00.000Z,02,000,Crooked Creek (ANV/ANVSA),2026-08-20T20:50:08.994Z
1992,DR-1992-AK,AK,DR,2011-06-10T00:00:00.000Z,Flood,2011-05-08T00:00:00.000Z,2011-05-13T00:00:00.000Z,02,000,Red Devil (ANV/ANVSA),2026-08-20T20:50:08.994Z
1987,DR-1987-ID,ID,DR,2011-05-20T00:00:00.000Z,Flood,2011-03-31T00:00:00.000Z,2011-04-11T00:00:00.000Z,16,000,Nez Perce Indian Reservation,2026-08-20T20:50:08.994Z
1982,DR-1982-MN,MN,DR,2011-05-10T00:00:00.000Z,Flood,2011-03-16T00:00:00.000Z,2011-05-25T00:00:00.000Z,27,000,Red Lake Indian Reservation,2026-08-20T20:50:08.994Z
1981,DR-1981-ND,ND,DR,2011-05-10T00:00:00.000Z,Flood,2011-02-14T00:00:00.000Z,2011-07-20T00:00:00.000Z,38,000,Spirit Lake Reservation,2026-08-20T20:50:08.994Z
1981,DR-1981-ND,ND,DR,2011-05-10T00:00:00.000Z,Flood,2011-02-14T00:00:00.000Z,2011-07-20T00:00:00.000Z,38,000,Turtle Mountain Indian Reservation,2026-08-20T20:50:08.994Z
1981,DR-1981-ND,ND,DR,2011-05-10T00:00:00.000Z,Flood,2011-02-14T00:00:00.000Z,2011-07-20T00:00:00.000Z,38,000,Standing Rock Sioux Tribe of North & South Dakota,2026-08-20T20:50:08.994Z
1981,DR-1981-ND,ND,DR,2011-05-10T00:00:00.000Z,Flood,2011-02-14T00:00:00.000Z,2011-07-20T00:00:00.000Z,38,000,Fort Berthold Indian Reservation,2026-08-20T20:50:08.994Z
1962,DR-1962-NM,NM,DR,2011-03-24T00:00:00.000Z,Severe Storm,2011-02-01T00:00:00.000Z,2011-02-05T00:00:00.000Z,35,000,Pueblo of Taos,2026-08-20T20:50:08.994Z
1962,DR-1962-NM,NM,DR,2011-03-24T00:00:00.000Z,Severe Storm,2011-02-01T00:00:00.000Z,2011-02-05T00:00:00.000Z,35,000,Pueblo of Picuris,2026-08-20T20:50:08.994Z
1962,DR-1962-NM,NM,DR,2011-03-24T00:00:00.000Z,Severe Storm,2011-02-01T00:00:00.000Z,2011-02-05T00:00:00.000Z,35,000,Pueblo of Santa Clara,2026-08-20T20:50:08.994Z
1962,DR-1962-NM,NM,DR,2011-03-24T00:00:00.000Z,Severe Storm,2011-02-01T00:00:00.000Z,2011-02-05T00:00:00.000Z,35,000,Pueblo of Santa Ana,2026-08-20T20:50:08.994Z
1962,DR-1962-NM,NM,DR,2011-03-24T00:00:00.000Z,Severe Storm,2011-02-01T00:00:00.000Z,2011-02-05T00:00:00.000Z,35,000,Mescalero Tribe,2026-08-20T20:50:08.994Z
1962,DR-1962-NM,NM,DR,2011-03-24T00:00:00.000Z,Severe Storm,2011-02-01T00:00:00.000Z,2011-02-05T00:00:00.000Z,35,000,Pueblo of Pojoaque,2026-08-20T20:50:08.994Z
1962,DR-1962-NM,NM,DR,2011-03-24T00:00:00.000Z,Severe Storm,2011-02-01T00:00:00.000Z,2011-02-05T00:00:00.000Z,35,000,Pueblo of Acoma,2026-08-20T20:50:08.994Z
1962,DR-1962-NM,NM,DR,2011-03-24T00:00:00.000Z,Severe Storm,2011-02-01T00:00:00.000Z,2011-02-05T00:00:00.000Z,35,000,Pueblo of San Felipe,2026-08-20T20:50:08.994Z
1962,DR-1962-NM,NM,DR,2011-03-24T00:00:00.000Z,Severe Storm,2011-02-01T00:00:00.000Z,2011-02-05T00:00:00.000Z,35,000,San Felipe Pueblo (Indian Reservation),2026-08-20T20:50:08.994Z
1958,DR-1958-CT,CT,DR,2011-03-03T00:00:00.000Z,Snowstorm,2011-01-11T00:00:00.000Z,2011-01-12T00:00:00.000Z,09,000,Mashantucket Pequot Indian Reservation,2026-08-20T20:50:08.994Z
1958,DR-1958-CT,CT,DR,2011-03-03T00:00:00.000Z,Snowstorm,2011-01-11T00:00:00.000Z,2011-01-12T00:00:00.000Z,09,000,Paucatuck Eastern Pequot Indian Reservation,2026-08-20T20:50:08.994Z
1950,DR-1950-AZ,AZ,DR,2010-12-21T00:00:00.000Z,Severe Storm,2010-10-03T00:00:00.000Z,2010-10-06T00:00:00.000Z,04,000,Havasupai Indian Reservation,2026-08-20T20:50:08.994Z
1947,DR-1947-SD,SD,DR,2010-11-02T00:00:00.000Z,Severe Storm,2010-09-22T00:00:00.000Z,2010-09-23T00:00:00.000Z,46,000,Flandreau Indian Reservation,2026-08-20T20:50:08.994Z
1940,DR-1940-AZ,AZ,DR,2010-10-04T00:00:00.000Z,Severe Storm,2010-07-20T00:00:00.000Z,2010-08-07T00:00:00.000Z,04,000,Hopi Indian Reservation,2026-08-20T20:50:08.994Z
1936,DR-1936-NM,NM,DR,2010-09-13T00:00:00.000Z,Flood,2010-07-25T00:00:00.000Z,2010-08-09T00:00:00.000Z,35,000,Pueblo of Acoma,2026-08-20T20:50:08.994Z
1936,DR-1936-NM,NM,DR,2010-09-13T00:00:00.000Z,Flood,2010-07-25T00:00:00.000Z,2010-08-09T00:00:00.000Z,35,000,Navajo Nation Reservation (Also  AZ and UT),2026-08-20T20:50:08.994Z
1929,DR-1929-SD,SD,DR,2010-07-29T00:00:00.000Z,Severe Storm,2010-06-16T00:00:00.000Z,2010-06-24T00:00:00.000Z,46,000,Cheyenne River Indian Reservation,2026-08-20T20:50:08.994Z
1923,DR-1923-WY,WY,DR,2010-07-14T00:00:00.000Z,Flood,2010-06-04T00:00:00.000Z,2010-06-18T00:00:00.000Z,56,000,Wind River Indian Reservation,2026-08-20T20:50:08.994Z
1922,DR-1922-MT,MT,DR,2010-07-10T00:00:00.000Z,Severe Storm,2010-06-15T00:00:00.000Z,2010-07-30T00:00:00.000Z,30,000,Rocky Boy's Indian Reservation,2026-08-20T20:50:08.994Z
1907,DR-1907-ND,ND,DR,2010-04-30T00:00:00.000Z,Flood,2010-02-26T00:00:00.000Z,2010-07-15T00:00:00.000Z,38,000,Spirit Lake Reservation,2026-08-20T20:50:08.994Z
1901,DR-1901-ND,ND,DR,2010-04-21T00:00:00.000Z,Severe Storm,2010-04-01T00:00:00.000Z,2010-04-03T00:00:00.000Z,38,000,Standing Rock Sioux Tribe of North & South Dakota,2026-08-20T20:50:08.994Z
1900,DR-1900-MN,MN,DR,2010-04-19T00:00:00.000Z,Flood,2010-03-01T00:00:00.000Z,2010-04-26T00:00:00.000Z,27,000,Upper Sioux Community (Indian Reservation),2026-08-20T20:50:08.994Z
1900,DR-1900-MN,MN,DR,2010-04-19T00:00:00.000Z,Flood,2010-03-01T00:00:00.000Z,2010-04-26T00:00:00.000Z,27,000,Prairie Island Community (Indian Reservation),2026-08-20T20:50:08.994Z
1888,DR-1888-AZ,AZ,DR,2010-03-18T00:00:00.000Z,Severe Storm,2010-01-18T00:00:00.000Z,2010-01-22T00:00:00.000Z,04,000,White Mountain Apache Tribe,2026-08-20T20:50:08.994Z
1888,DR-1888-AZ,AZ,DR,2010-03-18T00:00:00.000Z,Severe Storm,2010-01-18T00:00:00.000Z,2010-01-22T00:00:00.000Z,04,000,Navajo Nation Reservation (Also NM and UT),2026-08-20T20:50:08.994Z
1888,DR-1888-AZ,AZ,DR,2010-03-18T00:00:00.000Z,Severe Storm,2010-01-18T00:00:00.000Z,2010-01-22T00:00:00.000Z,04,000,Hopi Indian Reservation,2026-08-20T20:50:08.994Z
1888,DR-1888-AZ,AZ,DR,2010-03-18T00:00:00.000Z,Severe Storm,2010-01-18T00:00:00.000Z,2010-01-22T00:00:00.000Z,04,000,Tohono O'odham Reservation and Trust Lands,2026-08-20T20:50:08.994Z
1888,DR-1888-AZ,AZ,DR,2010-03-18T00:00:00.000Z,Severe Storm,2010-01-18T00:00:00.000Z,2010-01-22T00:00:00.000Z,04,000,San Carlos Indian Reservation,2026-08-20T20:50:08.994Z
1888,DR-1888-AZ,AZ,DR,2010-03-18T00:00:00.000Z,Severe Storm,2010-01-18T00:00:00.000Z,2010-01-22T00:00:00.000Z,04,000,Gila River Indian Reservation,2026-08-20T20:50:08.994Z
1887,DR-1887-SD,SD,DR,2010-03-10T00:00:00.000Z,Severe Storm,2010-01-20T00:00:00.000Z,2010-01-26T00:00:00.000Z,46,000,Standing Rock Sioux Tribe of North & South Dakota,2026-08-20T20:50:08.994Z
1887,DR-1887-SD,SD,DR,2010-03-10T00:00:00.000Z,Severe Storm,2010-01-20T00:00:00.000Z,2010-01-26T00:00:00.000Z,46,000,Cheyenne River Indian Reservation,2026-08-20T20:50:08.994Z
1887,DR-1887-SD,SD,DR,2010-03-10T00:00:00.000Z,Severe Storm,2010-01-20T00:00:00.000Z,2010-01-26T00:00:00.000Z,46,000,Lake Traverse (Sisseton) Indian Reservation,2026-08-20T20:50:08.994Z
1886,DR-1886-SD,SD,DR,2010-03-09T00:00:00.000Z,Severe Storm,2009-12-23T00:00:00.000Z,2009-12-27T00:00:00.000Z,46,000,Oglala Sioux Tribe of the Pine Ridge Reservation,2026-08-20T20:50:08.994Z
1886,DR-1886-SD,SD,DR,2010-03-09T00:00:00.000Z,Severe Storm,2009-12-23T00:00:00.000Z,2009-12-27T00:00:00.000Z,46,000,Rosebud Indian Reservation,2026-08-20T20:50:08.994Z
1879,DR-1879-ND,ND,DR,2010-02-26T00:00:00.000Z,Severe Storm,2010-01-20T00:00:00.000Z,2010-01-25T00:00:00.000Z,38,000,Standing Rock Sioux Tribe of North & South Dakota,2026-08-20T20:50:08.994Z
1871,DR-1871-NC,NC,DR,2010-02-02T00:00:00.000Z,Severe Storm,2009-12-18T00:00:00.000Z,2009-12-25T00:00:00.000Z,37,000,Eastern Band of Cherokee Indians,2026-08-20T20:50:08.994Z
1844,DR-1844-SD,SD,DR,2009-06-16T00:00:00.000Z,Severe Storm,2009-03-11T00:00:00.000Z,2009-07-06T00:00:00.000Z,46,000,Cheyenne River Indian Reservation,2026-08-20T20:50:08.994Z
1844,DR-1844-SD,SD,DR,2009-06-16T00:00:00.000Z,Severe Storm,2009-03-11T00:00:00.000Z,2009-07-06T00:00:00.000Z,46,000,Standing Rock Sioux Tribe of North & South Dakota,2026-08-20T20:50:08.994Z
1830,DR-1830-MN,MN,DR,2009-04-09T00:00:00.000Z,Severe Storm,2009-03-16T00:00:00.000Z,2009-05-22T00:00:00.000Z,27,000,Red Lake Indian Reservation,2026-08-20T20:50:08.994Z
1830,DR-1830-MN,MN,DR,2009-04-09T00:00:00.000Z,Severe Storm,2009-03-16T00:00:00.000Z,2009-05-22T00:00:00.000Z,27,000,White Earth Indian Reservation,2026-08-20T20:50:08.994Z
1829,DR-1829-ND,ND,DR,2009-03-24T00:00:00.000Z,Severe Storm,2009-03-13T00:00:00.000Z,2009-08-10T00:00:00.000Z,38,000,Standing Rock Sioux Tribe of North & South Dakota,2026-08-20T20:50:08.994Z
1829,DR-1829-ND,ND,DR,2009-03-24T00:00:00.000Z,Severe Storm,2009-03-13T00:00:00.000Z,2009-08-10T00:00:00.000Z,38,000,Spirit Lake Reservation,2026-08-20T20:50:08.994Z
1829,DR-1829-ND,ND,DR,2009-03-24T00:00:00.000Z,Severe Storm,2009-03-13T00:00:00.000Z,2009-08-10T00:00:00.000Z,38,000,Lake Traverse Sisseton Indian Reservation,2026-08-20T20:50:08.994Z
1829,DR-1829-ND,ND,DR,2009-03-24T00:00:00.000Z,Severe Storm,2009-03-13T00:00:00.000Z,2009-08-10T00:00:00.000Z,38,000,Turtle Mountain Indian Reservation,2026-08-20T20:50:08.994Z
1811,DR-1811-SD,SD,DR,2008-12-12T00:00:00.000Z,Snowstorm,2008-11-05T00:00:00.000Z,2008-11-07T00:00:00.000Z,46,000,Cheyenne River Indian Reservation,2026-08-20T20:50:08.994Z
1811,DR-1811-SD,SD,DR,2008-12-12T00:00:00.000Z,Snowstorm,2008-11-05T00:00:00.000Z,2008-11-07T00:00:00.000Z,46,000,Standing Rock Sioux Tribe of North & South Dakota,2026-08-20T20:50:08.994Z
1811,DR-1811-SD,SD,DR,2008-12-12T00:00:00.000Z,Snowstorm,2008-11-05T00:00:00.000Z,2008-11-07T00:00:00.000Z,46,000,Oglala Sioux Tribe of the Pine Ridge Reservation,2026-08-20T20:50:08.994Z
1811,DR-1811-SD,SD,DR,2008-12-12T00:00:00.000Z,Snowstorm,2008-11-05T00:00:00.000Z,2008-11-07T00:00:00.000Z,46,000,Rosebud Indian Reservation,2026-08-20T20:50:08.994Z
1774,DR-1774-SD,SD,DR,2008-07-09T00:00:00.000Z,Severe Storm,2008-06-02T00:00:00.000Z,2008-06-12T00:00:00.000Z,46,000,Lower Brule Indian Reservation,2026-08-20T20:50:08.994Z
1774,DR-1774-SD,SD,DR,2008-07-09T00:00:00.000Z,Severe Storm,2008-06-02T00:00:00.000Z,2008-06-12T00:00:00.000Z,46,000,Crow Creek Indian Reservation,2026-08-20T20:50:08.994Z
1774,DR-1774-SD,SD,DR,2008-07-09T00:00:00.000Z,Severe Storm,2008-06-02T00:00:00.000Z,2008-06-12T00:00:00.000Z,46,000,Cheyenne River Indian Reservation,2026-08-20T20:50:08.994Z
1733,DR-1733-OR,OR,DR,2007-12-08T00:00:00.000Z,Severe Storm,2007-12-01T00:00:00.000Z,2007-12-17T00:00:00.000Z,41,000,Grand Ronde Indian Reservation,2026-08-20T20:50:08.994Z
1733,DR-1733-OR,OR,DR,2007-12-08T00:00:00.000Z,Severe Storm,2007-12-01T00:00:00.000Z,2007-12-17T00:00:00.000Z,41,000,"Coos,Lower Unqua and Siuslaw Indian Reservation",2026-08-20T20:50:08.994Z
1733,DR-1733-OR,OR,DR,2007-12-08T00:00:00.000Z,Severe Storm,2007-12-01T00:00:00.000Z,2007-12-17T00:00:00.000Z,41,000,Siletz Indian Reservation,2026-08-20T20:50:08.994Z
1702,DR-1702-SD,SD,DR,2007-05-22T00:00:00.000Z,Severe Storm,2007-05-04T00:00:00.000Z,2007-06-08T00:00:00.000Z,46,000,Lake Traverse (Sisseton) Indian Reservation,2026-08-20T20:50:08.994Z
1702,DR-1702-SD,SD,DR,2007-05-22T00:00:00.000Z,Severe Storm,2007-05-04T00:00:00.000Z,2007-06-08T00:00:00.000Z,46,000,Crow Creek Indian Reservation,2026-08-20T20:50:08.994Z
1702,DR-1702-SD,SD,DR,2007-05-22T00:00:00.000Z,Severe Storm,2007-05-04T00:00:00.000Z,2007-06-08T00:00:00.000Z,46,000,Oglala Sioux Tribe of the Pine Ridge Reservation,2026-08-20T20:50:08.994Z
1683,DR-1683-OR,OR,DR,2007-02-22T00:00:00.000Z,Severe Storm,2006-12-14T00:00:00.000Z,2006-12-15T00:00:00.000Z,41,000,Siletz Indian Reservation,2026-08-20T20:50:08.994Z
1660,DR-1660-AZ,AZ,DR,2006-09-07T00:00:00.000Z,Severe Storm,2006-07-25T00:00:00.000Z,2006-08-04T00:00:00.000Z,04,000,Tohono O'odham Reservation and Trust Lands,2026-08-20T20:50:08.994Z
1660,DR-1660-AZ,AZ,DR,2006-09-07T00:00:00.000Z,Severe Storm,2006-07-25T00:00:00.000Z,2006-08-04T00:00:00.000Z,04,000,San Carlos Indian Reservation,2026-08-20T20:50:08.994Z
1660,DR-1660-AZ,AZ,DR,2006-09-07T00:00:00.000Z,Severe Storm,2006-07-25T00:00:00.000Z,2006-08-04T00:00:00.000Z,04,000,Gila River Indian Reservation,2026-08-20T20:50:08.994Z
1660,DR-1660-AZ,AZ,DR,2006-09-07T00:00:00.000Z,Severe Storm,2006-07-25T00:00:00.000Z,2006-08-04T00:00:00.000Z,04,000,Hopi Indian Reservation,2026-08-20T20:50:08.994Z
1660,DR-1660-AZ,AZ,DR,2006-09-07T00:00:00.000Z,Severe Storm,2006-07-25T00:00:00.000Z,2006-08-04T00:00:00.000Z,04,000,Navajo Nation Reservation (Also NM and UT),2026-08-20T20:50:08.994Z
1659,DR-1659-NM,NM,DR,2006-08-30T00:00:00.000Z,Severe Storm,2006-07-26T00:00:00.000Z,2006-09-18T00:00:00.000Z,35,000,Navajo Nation Reservation (Also  AZ and UT),2026-08-20T20:50:08.994Z
1645,DR-1645-ND,ND,DR,2006-06-05T00:00:00.000Z,Severe Storm,2006-03-30T00:00:00.000Z,2006-04-30T00:00:00.000Z,38,000,Turtle Mountain Indian Reservation,2026-08-20T20:50:08.994Z
1632,DR-1632-OR,OR,DR,2006-03-20T00:00:00.000Z,Severe Storm,2005-12-18T00:00:00.000Z,2006-01-21T00:00:00.000Z,41,000,Warm Springs Indian Reservation,2026-08-20T20:50:08.994Z
1629,DR-1629-NV,NV,DR,2006-02-03T00:00:00.000Z,Severe Storm,2005-12-31T00:00:00.000Z,2006-01-04T00:00:00.000Z,32,000,Pyramid Lake Indian Reservation,2026-08-20T20:50:08.994Z
1629,DR-1629-NV,NV,DR,2006-02-03T00:00:00.000Z,Severe Storm,2005-12-31T00:00:00.000Z,2006-01-04T00:00:00.000Z,32,000,Washoe Indian Reservation,2026-08-20T20:50:08.994Z
1616,DR-1616-ND,ND,DR,2005-11-21T00:00:00.000Z,Snowstorm,2005-10-04T00:00:00.000Z,2005-10-06T00:00:00.000Z,38,000,Fort Berthold Indian Reservation,2026-08-20T20:50:08.994Z
1598,DR-1598-UT,UT,DR,2005-08-01T00:00:00.000Z,Flood,2005-04-28T00:00:00.000Z,2005-06-29T00:00:00.000Z,49,000,Uintah and Ouray Indian Reservation,2026-08-20T20:50:08.994Z
1597,DR-1597-ND,ND,DR,2005-07-22T00:00:00.000Z,Severe Storm,2005-06-01T00:00:00.000Z,2005-07-07T00:00:00.000Z,38,000,Turtle Mountain Indian Reservation,2026-08-20T20:50:08.994Z
1597,DR-1597-ND,ND,DR,2005-07-22T00:00:00.000Z,Severe Storm,2005-06-01T00:00:00.000Z,2005-07-07T00:00:00.000Z,38,000,Fort Berthold Indian Reservation,2026-08-20T20:50:08.994Z
1597,DR-1597-ND,ND,DR,2005-07-22T00:00:00.000Z,Severe Storm,2005-06-01T00:00:00.000Z,2005-07-07T00:00:00.000Z,38,000,Standing Rock Sioux Tribe of North & South Dakota,2026-08-20T20:50:08.994Z
1592,DR-1592-ID,ID,DR,2005-07-06T00:00:00.000Z,Flood,2005-05-06T00:00:00.000Z,2005-05-20T00:00:00.000Z,16,000,Nez Perce Indian Reservation,2026-08-20T20:50:08.994Z
1586,DR-1586-AZ,AZ,DR,2005-04-14T00:00:00.000Z,Severe Storm,2005-02-10T00:00:00.000Z,2005-02-15T00:00:00.000Z,04,000,San Carlos Indian Reservation,2026-08-20T20:50:08.994Z
1586,DR-1586-AZ,AZ,DR,2005-04-14T00:00:00.000Z,Severe Storm,2005-02-10T00:00:00.000Z,2005-02-15T00:00:00.000Z,04,000,Navajo Nation Reservation (Also NM and UT),2026-08-20T20:50:08.994Z
1586,DR-1586-AZ,AZ,DR,2005-04-14T00:00:00.000Z,Severe Storm,2005-02-10T00:00:00.000Z,2005-02-15T00:00:00.000Z,04,000,Gila River Indian Reservation,2026-08-20T20:50:08.994Z
1586,DR-1586-AZ,AZ,DR,2005-04-14T00:00:00.000Z,Severe Storm,2005-02-10T00:00:00.000Z,2005-02-15T00:00:00.000Z,04,000,Hopi Indian Reservation,2026-08-20T20:50:08.994Z
1586,DR-1586-AZ,AZ,DR,2005-04-14T00:00:00.000Z,Severe Storm,2005-02-10T00:00:00.000Z,2005-02-15T00:00:00.000Z,04,000,Havasupai Indian Reservation,2026-08-20T20:50:08.994Z
1581,DR-1581-AZ,AZ,DR,2005-02-17T00:00:00.000Z,Severe Storm,2004-12-28T00:00:00.000Z,2005-01-12T00:00:00.000Z,04,000,Navajo Nation Reservation (Also NM and UT),2026-08-20T20:50:08.994Z
1581,DR-1581-AZ,AZ,DR,2005-02-17T00:00:00.000Z,Severe Storm,2004-12-28T00:00:00.000Z,2005-01-12T00:00:00.000Z,04,000,Hopi Indian Reservation,2026-08-20T20:50:08.994Z
1531,DR-1531-SD,SD,DR,2004-07-20T00:00:00.000Z,Severe Storm,2004-05-28T00:00:00.000Z,2004-06-16T00:00:00.000Z,46,000,Rosebud Indian Reservation,2026-08-20T20:50:08.994Z
1515,DR-1515-ND,ND,DR,2004-05-05T00:00:00.000Z,Severe Storm,2004-03-26T00:00:00.000Z,2004-06-14T00:00:00.000Z,38,000,Turtle Mountain Indian Reservation,2026-08-20T20:50:08.994Z
1515,DR-1515-ND,ND,DR,2004-05-05T00:00:00.000Z,Severe Storm,2004-03-26T00:00:00.000Z,2004-06-14T00:00:00.000Z,38,000,Spirit Lake Reservation,2026-08-20T20:50:08.994Z
1515,DR-1515-ND,ND,DR,2004-05-05T00:00:00.000Z,Severe Storm,2004-03-26T00:00:00.000Z,2004-06-14T00:00:00.000Z,38,000,Standing Rock Sioux Tribe of North & South Dakota,2026-08-20T20:50:08.994Z
1490,DR-1490-NC,NC,DR,2003-09-18T00:00:00.000Z,Hurricane,2003-09-18T00:00:00.000Z,2003-09-26T00:00:00.000Z,37,000,Eastern Band of Cherokee Indians,2026-08-20T20:50:08.994Z
1485,DR-1485-PA,PA,DR,2003-08-23T00:00:00.000Z,Severe Storm,2003-07-21T00:00:00.000Z,2003-09-12T00:00:00.000Z,42,000,Statewide,2026-08-20T20:50:08.994Z
1457,DR-1457-NC,NC,DR,2003-03-27T00:00:00.000Z,Severe Ice Storm,2003-02-27T00:00:00.000Z,2003-02-28T00:00:00.000Z,37,000,Eastern Band of Cherokee Indians,2026-08-20T20:50:08.994Z
1445,DR-1445-AK,AK,DR,2002-12-04T00:00:00.000Z,Severe Storm,2002-10-23T00:00:00.000Z,2002-12-20T00:00:00.000Z,02,000,Chignik Lagoon (ANV/ANVSA),2026-08-20T20:50:08.994Z
1445,DR-1445-AK,AK,DR,2002-12-04T00:00:00.000Z,Severe Storm,2002-10-23T00:00:00.000Z,2002-12-20T00:00:00.000Z,02,000,Chignik Lake (ANV/ANVSA),2026-08-20T20:50:08.994Z
1431,DR-1431-ND,ND,DR,2002-09-10T00:00:00.000Z,Severe Storm,2002-06-08T00:00:00.000Z,2002-08-11T00:00:00.000Z,38,000,Fort Berthold Indian Reservation,2026-08-20T20:50:08.994Z
1424,DR-1424-MT,MT,DR,2002-07-03T00:00:00.000Z,Severe Storm,2002-06-08T00:00:00.000Z,2002-06-21T00:00:00.000Z,30,000,Blackfeet Indian Reservation,2026-08-20T20:50:08.994Z
1423,DR-1423-AK,AK,DR,2002-06-26T00:00:00.000Z,Flood,2002-04-27T00:00:00.000Z,2002-05-30T00:00:00.000Z,02,000,Sleetmute (ANV/ANVSA),2026-08-20T20:50:08.994Z
1423,DR-1423-AK,AK,DR,2002-06-26T00:00:00.000Z,Flood,2002-04-27T00:00:00.000Z,2002-05-30T00:00:00.000Z,02,000,Lime Village (ANV/ANVSA),2026-08-20T20:50:08.994Z
1423,DR-1423-AK,AK,DR,2002-06-26T00:00:00.000Z,Flood,2002-04-27T00:00:00.000Z,2002-05-30T00:00:00.000Z,02,000,Red Devil (ANV/ANVSA),2026-08-20T20:50:08.994Z
1423,DR-1423-AK,AK,DR,2002-06-26T00:00:00.000Z,Flood,2002-04-27T00:00:00.000Z,2002-05-30T00:00:00.000Z,02,000,Crooked Creek (ANV/ANVSA),2026-08-20T20:50:08.994Z
1422,DR-1422-AZ,AZ,DR,2002-06-25T00:00:00.000Z,Fire,2002-06-18T00:00:00.000Z,2002-07-07T00:00:00.000Z,04,000,White Mountain Apache Tribe,2026-08-20T20:50:08.994Z
1421,DR-1421-CO,CO,DR,2002-06-19T00:00:00.000Z,Fire,2002-04-23T00:00:00.000Z,2002-08-06T00:00:00.000Z,08,000,Southern Ute Indian Reservation,2026-08-20T20:50:08.994Z
1421,DR-1421-CO,CO,DR,2002-06-19T00:00:00.000Z,Fire,2002-04-23T00:00:00.000Z,2002-08-06T00:00:00.000Z,08,000,Ute Mountain Indian Reservation (Also NM),2026-08-20T20:50:08.994Z
1418,DR-1418-IN,IN,DR,2002-06-13T00:00:00.000Z,Severe Storm,2002-04-28T00:00:00.000Z,2002-06-07T00:00:00.000Z,18,000,Statewide,2026-08-20T20:50:08.994Z
1377,DR-1377-MT,MT,DR,2001-05-28T00:00:00.000Z,Severe Storm,2001-04-08T00:00:00.000Z,2001-04-09T00:00:00.000Z,30,000,Crow Indian Reservation,2026-08-20T20:50:08.994Z
1376,DR-1376-ND,ND,DR,2001-05-28T00:00:00.000Z,Flood,2001-03-01T00:00:00.000Z,2001-08-09T00:00:00.000Z,38,000,Turtle Mountain Indian Reservation,2026-08-20T20:50:08.994Z
1370,DR-1370-MN,MN,DR,2001-05-16T00:00:00.000Z,Flood,2001-03-23T00:00:00.000Z,2001-07-03T00:00:00.000Z,27,000,Upper Sioux Community (Indian Reservation),2026-08-20T20:50:08.994Z
1370,DR-1370-MN,MN,DR,2001-05-16T00:00:00.000Z,Flood,2001-03-23T00:00:00.000Z,2001-07-03T00:00:00.000Z,27,000,Prairie Island Community (Indian Reservation),2026-08-20T20:50:08.994Z
1370,DR-1370-MN,MN,DR,2001-05-16T00:00:00.000Z,Flood,2001-03-23T00:00:00.000Z,2001-07-03T00:00:00.000Z,27,000,Fond du Lac Indian Reservation,2026-08-20T20:50:08.994Z
1370,DR-1370-MN,MN,DR,2001-05-16T00:00:00.000Z,Flood,2001-03-23T00:00:00.000Z,2001-07-03T00:00:00.000Z,27,000,White Earth Indian Reservation,2026-08-20T20:50:08.994Z
1370,DR-1370-MN,MN,DR,2001-05-16T00:00:00.000Z,Flood,2001-03-23T00:00:00.000Z,2001-07-03T00:00:00.000Z,27,000,Mille Lacs Indian Reservation,2026-08-20T20:50:08.994Z
1370,DR-1370-MN,MN,DR,2001-05-16T00:00:00.000Z,Flood,2001-03-23T00:00:00.000Z,2001-07-03T00:00:00.000Z,27,000,Red Lake Indian Reservation,2026-08-20T20:50:08.994Z
1347,DR-1347-AZ,AZ,DR,2000-10-27T00:00:00.000Z,Severe Storm,2000-10-21T00:00:00.000Z,2000-11-08T00:00:00.000Z,04,000,Gila River Indian Reservation,2026-08-20T20:50:08.994Z
1347,DR-1347-AZ,AZ,DR,2000-10-27T00:00:00.000Z,Severe Storm,2000-10-21T00:00:00.000Z,2000-11-08T00:00:00.000Z,04,000,Statewide,2026-08-20T20:50:08.994Z
1341,DR-1341-ID,ID,DR,2000-09-01T00:00:00.000Z,Fire,2000-07-27T00:00:00.000Z,2000-09-26T00:00:00.000Z,16,000,Fort Hall Indian Reservation,2026-08-20T20:50:08.994Z
1340,DR-1340-MT,MT,DR,2000-08-30T00:00:00.000Z,Fire,2000-07-13T00:00:00.000Z,2000-09-25T00:00:00.000Z,30,000,Flathead Indian Reservation,2026-08-20T20:50:08.994Z
1340,DR-1340-MT,MT,DR,2000-08-30T00:00:00.000Z,Fire,2000-07-13T00:00:00.000Z,2000-09-25T00:00:00.000Z,30,000,Blackfeet Indian Reservation,2026-08-20T20:50:08.994Z
1340,DR-1340-MT,MT,DR,2000-08-30T00:00:00.000Z,Fire,2000-07-13T00:00:00.000Z,2000-09-25T00:00:00.000Z,30,000,Northern Cheyenne Indian Reservation,2026-08-20T20:50:08.994Z
1340,DR-1340-MT,MT,DR,2000-08-30T00:00:00.000Z,Fire,2000-07-13T00:00:00.000Z,2000-09-25T00:00:00.000Z,30,000,Fort Belknap Indian Reservation,2026-08-20T20:50:08.994Z
1340,DR-1340-MT,MT,DR,2000-08-30T00:00:00.000Z,Fire,2000-07-13T00:00:00.000Z,2000-09-25T00:00:00.000Z,30,000,Crow Indian Reservation,2026-08-20T20:50:08.994Z
1340,DR-1340-MT,MT,DR,2000-08-30T00:00:00.000Z,Fire,2000-07-13T00:00:00.000Z,2000-09-25T00:00:00.000Z,30,000,Rocky Boy's Indian Reservation,2026-08-20T20:50:08.994Z
1334,DR-1334-ND,ND,DR,2000-06-27T00:00:00.000Z,Severe Storm,2000-04-05T00:00:00.000Z,2000-08-12T00:00:00.000Z,38,000,Statewide,2026-08-20T20:50:08.994Z
1334,DR-1334-ND,ND,DR,2000-06-27T00:00:00.000Z,Severe Storm,2000-04-05T00:00:00.000Z,2000-08-12T00:00:00.000Z,38,000,Fort Berthold Indian Reservation,2026-08-20T20:50:08.994Z
1334,DR-1334-ND,ND,DR,2000-06-27T00:00:00.000Z,Severe Storm,2000-04-05T00:00:00.000Z,2000-08-12T00:00:00.000Z,38,000,Turtle Mountain Indian Reservation,2026-08-20T20:50:08.994Z
1333,DR-1333-MN,MN,DR,2000-06-27T00:00:00.000Z,Severe Storm,2000-05-17T00:00:00.000Z,2000-07-26T00:00:00.000Z,27,000,White Earth Indian Reservation,2026-08-20T20:50:08.994Z
