county_fips,state_name,state_abbr,county_name,svi_overall,svi_socioeconomic,svi_household,svi_minority_status,svi_housing_transport,pct_below_150_poverty,pct_age_65_plus,pct_disability,pct_no_vehicle,pct_limited_english
01001,Alabama,AL,Autauga County,0.2663,0.2367,0.3675,0.6354,0.2358,20.2,15.6,16.4,4.0,0.4
01003,Alabama,AL,Baldwin County,0.3487,0.3433,0.2883,0.489,0.4308,18.3,21.2,13.9,2.3,0.8
01005,Alabama,AL,Barbour County,0.9927,0.9399,0.9399,0.8941,0.9959,37.7,19.8,18.1,11.7,2.0
01007,Alabama,AL,Bibb County,0.8451,0.8893,0.4954,0.6185,0.8931,29.0,16.8,19.6,7.5,0.3
01009,Alabama,AL,Blount County,0.6166,0.6866,0.7884,0.413,0.3532,22.9,18.3,17.0,4.8,2.2
01011,Alabama,AL,Bullock County,0.8985,0.8654,0.5138,0.9809,0.9491,47.4,16.6,11.2,10.4,1.8
01013,Alabama,AL,Butler County,0.6872,0.8441,0.6106,0.8661,0.217,33.8,21.2,16.2,5.0,0.1
01015,Alabama,AL,Calhoun County,0.8145,0.854,0.65,0.658,0.7114,28.7,17.9,20.2,5.6,0.5
01017,Alabama,AL,Chambers County,0.8295,0.7171,0.5317,0.8396,0.9469,28.8,19.7,20.8,7.0,0.3
01019,Alabama,AL,Cherokee County,0.406,0.6077,0.6494,0.2628,0.1152,25.6,23.2,20.3,3.2,0.9
01021,Alabama,AL,Chilton County,0.5336,0.5924,0.6837,0.5425,0.2698,22.8,16.8,19.4,3.3,2.1
01023,Alabama,AL,Choctaw County,0.6548,0.6901,0.798,0.8151,0.2539,31.9,23.3,23.6,5.7,0.3
01025,Alabama,AL,Clarke County,0.8365,0.8412,0.7264,0.8641,0.6462,29.7,20.4,19.6,10.6,0.1
01027,Alabama,AL,Clay County,0.6223,0.7235,0.3688,0.5269,0.5851,29.1,20.8,19.6,6.4,0.0
01029,Alabama,AL,Cleburne County,0.5196,0.4938,0.6739,0.1985,0.5482,27.7,19.6,21.4,6.8,0.4
01031,Alabama,AL,Coffee County,0.6802,0.6497,0.9488,0.6806,0.2323,26.2,17.1,18.3,4.0,1.7
01033,Alabama,AL,Colbert County,0.4467,0.4944,0.6984,0.5644,0.16,23.1,20.0,17.3,4.7,0.9
01035,Alabama,AL,Conecuh County,0.5122,0.5272,0.5332,0.8727,0.2482,38.6,23.4,20.9,7.0,0.0
01037,Alabama,AL,Coosa County,0.4808,0.3513,0.328,0.7321,0.6427,22.2,24.4,25.6,3.8,0.0
01039,Alabama,AL,Covington County,0.7121,0.7509,0.7821,0.4839,0.5075,30.1,21.7,20.8,6.4,0.1
01041,Alabama,AL,Crenshaw County,0.685,0.7588,0.6201,0.6656,0.4575,28.4,19.8,16.9,7.3,0.5
01043,Alabama,AL,Cullman County,0.4909,0.5323,0.713,0.2587,0.3341,23.3,18.8,18.2,2.9,0.8
01045,Alabama,AL,Dale County,0.7766,0.8648,0.9014,0.7003,0.2736,29.6,17.5,20.8,5.2,0.9
01047,Alabama,AL,Dallas County,0.9189,0.9555,0.867,0.9698,0.594,40.8,19.4,19.8,14.6,0.2
01049,Alabama,AL,DeKalb County,0.756,0.7996,0.8139,0.5425,0.5017,33.6,17.3,15.4,4.2,4.7
01051,Alabama,AL,Elmore County,0.4397,0.3185,0.3869,0.6373,0.5667,18.7,15.8,15.2,4.3,0.7
01053,Alabama,AL,Escambia County,0.8473,0.9462,0.7353,0.7814,0.4986,38.3,18.6,20.3,6.1,0.4
01055,Alabama,AL,Etowah County,0.672,0.7961,0.7544,0.574,0.2911,27.2,19.4,17.4,4.2,0.9
01057,Alabama,AL,Fayette County,0.7458,0.8514,0.4788,0.4556,0.6914,34.5,21.2,23.5,10.7,0.1
01059,Alabama,AL,Franklin County,0.7576,0.6675,0.9491,0.6045,0.4846,33.3,17.1,17.0,9.2,4.2
01061,Alabama,AL,Geneva County,0.5822,0.6729,0.6427,0.5161,0.3509,32.0,20.3,23.9,6.8,0.6
01063,Alabama,AL,Greene County,0.9157,0.9211,0.8425,0.9857,0.7254,50.0,23.7,28.2,13.2,0.0
01065,Alabama,AL,Hale County,0.8826,0.9341,0.5072,0.9259,0.8148,35.9,19.7,25.0,11.5,0.2
01067,Alabama,AL,Henry County,0.6195,0.6519,0.5695,0.6726,0.4677,25.9,22.9,20.6,7.6,0.3
01069,Alabama,AL,Houston County,0.7175,0.7703,0.7499,0.7251,0.3936,27.8,18.2,16.8,6.2,0.5
01071,Alabama,AL,Jackson County,0.7194,0.8552,0.8136,0.328,0.3783,31.0,20.6,21.7,4.6,0.7
01073,Alabama,AL,Jefferson County,0.7251,0.6802,0.6109,0.8766,0.6017,24.6,16.3,14.9,6.9,1.0
01075,Alabama,AL,Lamar County,0.4731,0.5654,0.4718,0.413,0.3395,26.7,22.1,22.4,5.7,0.1
01077,Alabama,AL,Lauderdale County,0.4919,0.4687,0.4219,0.4636,0.5568,24.4,20.1,15.3,6.1,0.9
01079,Alabama,AL,Lawrence County,0.3624,0.4652,0.3878,0.5867,0.1833,27.2,18.6,21.4,5.1,0.6
01081,Alabama,AL,Lee County,0.6446,0.5609,0.2046,0.7038,0.9023,27.0,12.7,13.2,4.8,1.3
01083,Alabama,AL,Limestone County,0.3233,0.3,0.2574,0.6115,0.399,18.4,15.4,14.3,3.1,1.0
01085,Alabama,AL,Lowndes County,0.9042,0.9679,0.7642,0.9755,0.5813,45.0,19.4,22.4,11.1,0.0
01087,Alabama,AL,Macon County,0.9656,0.9618,0.6185,0.9866,0.9765,36.7,20.2,18.4,10.8,0.4
01089,Alabama,AL,Madison County,0.3509,0.2813,0.3369,0.7423,0.3723,17.8,15.4,13.5,4.1,1.1
01091,Alabama,AL,Marengo County,0.6691,0.5434,0.7741,0.8953,0.4932,32.5,19.9,22.6,8.6,0.0
01093,Alabama,AL,Marion County,0.6946,0.8565,0.4368,0.2587,0.6507,30.1,20.9,25.7,5.0,0.3
01095,Alabama,AL,Marshall County,0.6201,0.6223,0.9087,0.5425,0.2504,26.6,17.2,14.1,4.8,3.4
01097,Alabama,AL,Mobile County,0.8304,0.8629,0.623,0.8212,0.7095,28.3,16.7,13.8,6.7,0.9
01099,Alabama,AL,Monroe County,0.7416,0.9119,0.2997,0.8473,0.4871,34.2,21.0,16.4,6.3,0.1
01101,Alabama,AL,Montgomery County,0.929,0.9036,0.8762,0.9542,0.8069,30.0,15.6,16.4,6.9,1.4
01103,Alabama,AL,Morgan County,0.6787,0.5396,0.8142,0.6179,0.6258,23.4,17.9,16.7,5.1,2.5
01105,Alabama,AL,Perry County,0.9214,0.9456,0.7976,0.9653,0.7324,49.2,20.5,25.2,10.4,0.0
01107,Alabama,AL,Pickens County,0.8918,0.7646,0.9268,0.8482,0.8387,33.6,19.4,24.1,7.8,1.8
01109,Alabama,AL,Pike County,0.8002,0.8218,0.2634,0.8279,0.8906,34.0,15.3,15.1,6.7,0.8
01111,Alabama,AL,Randolph County,0.559,0.4998,0.6857,0.6128,0.4598,27.2,20.9,19.0,5.3,0.2
01113,Alabama,AL,Russell County,0.8963,0.9504,0.8925,0.8976,0.4897,32.0,14.9,21.0,8.8,0.6
01115,Alabama,AL,St. Clair County,0.2587,0.3048,0.1893,0.4378,0.3287,16.5,17.4,16.3,3.3,0.1
01117,Alabama,AL,Shelby County,0.1238,0.0735,0.2453,0.5927,0.1842,11.6,16.2,12.0,2.6,1.3
01119,Alabama,AL,Sumter County,0.9255,0.9185,0.6997,0.9736,0.9004,44.1,18.6,20.3,7.7,0.5
01121,Alabama,AL,Talladega County,0.908,0.889,0.8291,0.7579,0.8689,29.7,18.6,21.5,7.7,0.6
01123,Alabama,AL,Tallapoosa County,0.8692,0.8139,0.9526,0.6847,0.6637,27.4,22.3,20.8,6.9,1.0
01125,Alabama,AL,Tuscaloosa County,0.651,0.6319,0.1371,0.776,0.8584,25.9,13.6,12.5,5.7,0.7
01127,Alabama,AL,Walker County,0.6398,0.741,0.8352,0.3649,0.3166,28.0,19.6,24.3,4.7,0.5
01129,Alabama,AL,Washington County,0.3217,0.5962,0.1158,0.72,0.1145,30.2,19.8,15.6,4.1,0.0
01131,Alabama,AL,Wilcox County,0.9819,0.9609,0.9691,0.9685,0.8479,44.2,20.8,21.2,13.6,0.5
01133,Alabama,AL,Winston County,0.6125,0.6946,0.8352,0.1928,0.4079,29.4,21.7,22.5,5.3,0.9
02013,Alaska,AK,Aleutians East Borough,0.7754,0.651,0.1184,0.987,0.9898,23.7,11.6,10.4,25.0,14.5
02016,Alaska,AK,Aleutians West Census Area,0.5033,0.2555,0.0159,0.9787,0.9955,15.4,6.3,7.5,9.9,10.0
02020,Alaska,AK,Anchorage Municipality,0.6052,0.4044,0.3901,0.8291,0.8241,15.8,12.0,11.2,5.7,2.1
02050,Alaska,AK,Bethel Census Area,0.9424,0.8963,0.6392,0.9949,0.9777,39.5,7.7,11.5,61.9,1.3
02060,Alaska,AK,Bristol Bay Borough,0.2332,0.1171,0.0019,0.896,0.9516,10.5,12.6,14.9,10.2,0.0
02063,Alaska,AK,Chugach Census Area,0.6876,0.4292,0.3627,0.658,0.9844,10.6,13.2,15.9,5.7,1.7
02066,Alaska,AK,Copper River Census Area,0.5247,0.4881,0.6017,0.8571,0.3019,21.4,17.2,19.0,7.0,0.0
02068,Alaska,AK,Denali Borough,0.0353,0.0013,0.0003,0.6045,0.7009,9.3,14.1,11.5,3.2,0.4
02070,Alaska,AK,Dillingham Census Area,0.8931,0.7798,0.7436,0.9895,0.9278,27.3,11.7,11.3,36.2,1.7
02090,Alaska,AK,Fairbanks North Star Borough,0.4925,0.3493,0.2319,0.6949,0.77,13.4,11.8,12.6,4.8,0.8
02100,Alaska,AK,Haines Borough,0.4594,0.2717,0.2759,0.6332,0.7916,15.0,21.6,15.1,9.0,0.0
02105,Alaska,AK,Hoonah-Angoon Census Area,0.6376,0.5698,0.2743,0.8727,0.7534,24.2,24.0,19.9,33.1,0.6
02110,Alaska,AK,Juneau City and Borough,0.3528,0.1365,0.0531,0.7617,0.9313,12.3,14.8,11.5,9.6,1.0
02122,Alaska,AK,Kenai Peninsula Borough,0.4725,0.5345,0.1985,0.5581,0.5307,19.1,18.6,15.5,4.8,0.4
02130,Alaska,AK,Ketchikan Gateway Borough,0.5027,0.3331,0.1047,0.7607,0.908,16.6,16.7,14.1,11.8,0.7
02150,Alaska,AK,Kodiak Island Borough,0.637,0.364,0.2529,0.8877,0.9644,15.0,12.3,9.2,8.9,7.2
02158,Alaska,AK,Kusilvak Census Area,0.8568,0.9042,0.5679,0.9994,0.7035,53.1,6.1,13.7,85.9,0.3
02164,Alaska,AK,Lake and Peninsula Borough,0.7926,0.6923,0.6246,0.9857,0.7623,26.9,9.2,13.7,42.0,0.7
02170,Alaska,AK,Matanuska-Susitna Borough,0.4792,0.552,0.4082,0.5797,0.3474,16.6,12.9,13.9,3.7,0.7
02180,Alaska,AK,Nome Census Area,0.8683,0.8785,0.3449,0.9898,0.9214,35.7,7.5,9.9,57.2,0.3
02185,Alaska,AK,North Slope Borough,0.7747,0.4283,0.4604,0.9551,0.9946,12.7,7.6,11.4,36.5,1.4
02188,Alaska,AK,Northwest Arctic Borough,0.8734,0.8304,0.3611,0.9943,0.9602,31.3,7.9,10.3,65.3,0.3
02195,Alaska,AK,Petersburg Borough,0.6857,0.3929,0.7445,0.8352,0.8072,12.4,25.0,19.0,12.6,6.8
02198,Alaska,AK,Prince of Wales-Hyder Census Area,0.818,0.5978,0.6341,0.9001,0.9523,25.6,19.3,21.3,8.3,0.3
02220,Alaska,AK,Sitka City and Borough,0.4442,0.3029,0.0827,0.7843,0.8237,11.7,16.2,14.2,10.5,0.9
02230,Alaska,AK,Skagway Municipality,0.3328,0.3042,0.0283,0.5829,0.7875,13.0,13.8,14.3,6.3,1.1
02240,Alaska,AK,Southeast Fairbanks Census Area,0.6755,0.4906,0.6939,0.6449,0.7798,22.2,14.2,19.1,5.7,2.2
02275,Alaska,AK,Wrangell City and Borough,0.5342,0.4187,0.6806,0.825,0.3939,16.6,27.0,23.1,6.3,0.1
02282,Alaska,AK,Yakutat City and Borough,0.3723,0.1416,0.1079,0.9577,0.8116,15.5,24.6,9.6,12.6,1.5
02290,Alaska,AK,Yukon-Koyukuk Census Area,0.8807,0.839,0.7394,0.98,0.8037,35.4,16.2,17.8,46.9,0.1
04001,Arizona,AZ,Apache County,0.965,0.8902,0.9284,0.9841,0.9402,47.1,15.8,14.0,12.7,4.8
04003,Arizona,AZ,Cochise County,0.9325,0.7121,0.9574,0.8473,0.9714,27.0,23.2,17.9,6.0,3.7
04005,Arizona,AZ,Coconino County,0.8031,0.8097,0.0595,0.8533,0.9917,26.7,13.4,12.7,5.4,2.1
04007,Arizona,AZ,Gila County,0.847,0.8466,0.6131,0.7668,0.8352,30.6,29.6,21.2,6.9,0.6
04009,Arizona,AZ,Graham County,0.8486,0.7,0.6596,0.8702,0.9513,25.9,14.0,12.9,4.9,1.5
04011,Arizona,AZ,Greenlee County,0.3598,0.0974,0.6726,0.8934,0.4407,16.5,13.7,12.5,2.7,0.9
04012,Arizona,AZ,La Paz County,0.9195,0.9236,0.9701,0.818,0.5775,30.9,40.5,23.2,4.8,5.1
04013,Arizona,AZ,Maricopa County,0.713,0.6201,0.5705,0.8521,0.6907,19.0,15.6,11.7,5.2,4.4
04015,Arizona,AZ,Mohave County,0.8489,0.8285,0.8419,0.5994,0.762,27.1,31.3,22.3,4.4,1.5
04017,Arizona,AZ,Navajo County,0.9806,0.8902,0.9863,0.9103,0.9446,38.8,19.0,17.9,8.5,2.4
04019,Arizona,AZ,Pima County,0.888,0.7493,0.7356,0.8711,0.9663,24.1,20.4,15.0,7.2,3.5
04021,Arizona,AZ,Pinal County,0.797,0.6347,0.8374,0.833,0.7521,20.0,20.8,16.1,3.5,2.8
04023,Arizona,AZ,Santa Cruz County,0.9383,0.987,0.9395,0.9879,0.4092,33.4,18.5,12.9,6.0,21.6
04025,Arizona,AZ,Yavapai County,0.5991,0.5752,0.5488,0.546,0.6026,21.4,32.7,18.1,3.9,1.5
04027,Arizona,AZ,Yuma County,0.9978,0.9819,0.9736,0.9612,0.98,31.7,19.7,12.9,5.3,13.9
05001,Arkansas,AR,Arkansas County,0.7226,0.6787,0.5078,0.6901,0.7585,27.7,19.9,20.9,9.7,0.3
05003,Arkansas,AR,Ashley County,0.8237,0.8171,0.9262,0.6971,0.5062,37.6,21.1,22.9,8.9,1.3
05005,Arkansas,AR,Baxter County,0.4333,0.6131,0.3618,0.2109,0.3366,28.9,31.1,26.1,4.4,0.1
05007,Arkansas,AR,Benton County,0.3268,0.182,0.5892,0.7286,0.3115,14.9,13.6,10.0,2.8,3.7
05009,Arkansas,AR,Boone County,0.2647,0.4053,0.4563,0.1508,0.1674,22.9,20.8,20.0,5.5,0.2
05011,Arkansas,AR,Bradley County,0.8864,0.8778,0.895,0.8365,0.6901,33.0,18.5,20.0,8.6,1.1
05013,Arkansas,AR,Calhoun County,0.4967,0.5205,0.6545,0.6487,0.2307,21.1,21.4,24.5,3.3,1.2
05015,Arkansas,AR,Carroll County,0.6421,0.6618,0.6608,0.6287,0.4722,26.3,23.1,13.9,5.0,4.4
05017,Arkansas,AR,Chicot County,0.9987,0.98,0.9866,0.9243,0.9889,43.1,21.3,24.4,11.4,1.1
05019,Arkansas,AR,Clark County,0.8339,0.6583,0.5422,0.6971,0.9908,31.7,16.2,21.1,6.3,0.5
05021,Arkansas,AR,Clay County,0.3929,0.7168,0.5135,0.0932,0.1101,28.7,22.1,20.4,5.9,0.0
05023,Arkansas,AR,Cleburne County,0.3532,0.5406,0.4792,0.1861,0.1785,26.8,27.4,22.0,3.1,0.3
05025,Arkansas,AR,Cleveland County,0.286,0.1782,0.6888,0.4537,0.2574,31.8,20.8,22.4,7.0,0.0
05027,Arkansas,AR,Columbia County,0.7598,0.5192,0.6596,0.7929,0.9163,31.3,17.2,18.8,4.2,0.6
05029,Arkansas,AR,Conway County,0.7461,0.6879,0.9634,0.5218,0.427,33.8,19.5,24.4,7.5,0.9
05031,Arkansas,AR,Craighead County,0.8342,0.7369,0.8836,0.6316,0.7824,28.9,13.6,18.4,6.8,0.9
05033,Arkansas,AR,Crawford County,0.7531,0.6822,0.9532,0.5011,0.4944,28.1,17.2,19.1,4.8,1.4
05035,Arkansas,AR,Crittenden County,0.9205,0.9345,0.8368,0.9192,0.7461,32.5,14.6,17.5,9.6,0.4
05037,Arkansas,AR,Cross County,0.9227,0.9128,0.9504,0.6402,0.7801,34.3,18.5,19.1,9.3,0.6
05039,Arkansas,AR,Dallas County,0.6885,0.3366,0.6179,0.8603,0.9421,21.8,24.5,28.2,7.7,0.2
05041,Arkansas,AR,Desha County,0.9749,0.9173,0.999,0.9007,0.7369,44.7,19.2,20.4,14.6,2.0
05043,Arkansas,AR,Drew County,0.7668,0.4028,0.8263,0.7245,0.9548,33.0,17.8,19.0,7.6,0.9
05045,Arkansas,AR,Faulkner County,0.5326,0.4585,0.2071,0.5444,0.8266,25.8,13.3,14.1,4.8,0.7
05047,Arkansas,AR,Franklin County,0.6198,0.6688,0.6678,0.3446,0.5317,33.9,19.9,24.2,5.6,0.3
05049,Arkansas,AR,Fulton County,0.6535,0.72,0.7,0.1572,0.6262,39.9,25.5,23.7,5.4,0.1
05051,Arkansas,AR,Garland County,0.8661,0.713,0.9723,0.5161,0.8326,26.4,24.0,22.1,6.2,1.4
05053,Arkansas,AR,Grant County,0.1852,0.154,0.4588,0.2399,0.223,19.9,18.2,19.6,2.4,0.1
05055,Arkansas,AR,Greene County,0.6917,0.7932,0.6898,0.2692,0.5654,28.6,16.2,20.0,4.9,0.2
05057,Arkansas,AR,Hempstead County,0.8998,0.748,0.9914,0.8508,0.6927,32.8,18.3,20.1,7.8,3.7
05059,Arkansas,AR,Hot Spring County,0.6437,0.5278,0.4458,0.4998,0.868,30.0,19.2,24.7,5.9,0.1
05061,Arkansas,AR,Howard County,0.8797,0.8342,0.9949,0.7521,0.4423,28.6,18.1,18.4,4.4,2.8
05063,Arkansas,AR,Independence County,0.8241,0.7655,0.7843,0.4314,0.8912,30.1,17.4,19.6,6.1,1.1
05065,Arkansas,AR,Izard County,0.671,0.8043,0.3541,0.3592,0.6885,34.2,25.4,26.2,7.2,0.0
05067,Arkansas,AR,Jackson County,0.7101,0.8667,0.4534,0.5927,0.4874,36.0,17.8,23.2,8.0,0.1
05069,Arkansas,AR,Jefferson County,0.9096,0.7951,0.8015,0.931,0.9453,31.9,17.7,19.1,7.7,0.7
05071,Arkansas,AR,Johnson County,0.895,0.8769,0.98,0.5679,0.6478,37.7,16.7,20.6,5.2,3.6
05073,Arkansas,AR,Lafayette County,0.8075,0.8622,0.6408,0.8031,0.6064,36.6,24.2,21.7,7.4,1.2
05075,Arkansas,AR,Lawrence County,0.7003,0.763,0.7636,0.1572,0.6408,33.2,18.8,23.4,5.5,0.2
05077,Arkansas,AR,Lee County,0.9714,0.958,0.9144,0.917,0.8829,40.1,19.7,24.8,21.7,1.0
05079,Arkansas,AR,Lincoln County,0.5864,0.6058,0.1409,0.749,0.7372,28.7,15.0,17.8,4.8,0.4
05081,Arkansas,AR,Little River County,0.4197,0.3643,0.538,0.6468,0.3255,25.0,21.1,18.3,4.9,0.1
05083,Arkansas,AR,Logan County,0.5444,0.4967,0.6802,0.335,0.5603,29.0,20.0,22.1,5.2,0.4
05085,Arkansas,AR,Lonoke County,0.4063,0.3684,0.7063,0.4445,0.2536,19.7,14.0,16.2,4.9,0.6
05087,Arkansas,AR,Madison County,0.5272,0.6096,0.6411,0.5953,0.2405,30.1,19.5,19.8,3.2,0.0
05089,Arkansas,AR,Marion County,0.4588,0.6726,0.5495,0.182,0.2246,30.1,28.8,25.0,4.2,0.3
05091,Arkansas,AR,Miller County,0.9354,0.908,0.7136,0.7028,0.9812,33.4,16.6,19.3,8.9,0.1
05093,Arkansas,AR,Mississippi County,0.9335,0.9007,0.9456,0.8151,0.7878,33.8,15.0,20.8,10.4,0.8
05095,Arkansas,AR,Monroe County,0.9341,0.9147,0.7773,0.8447,0.9275,34.7,23.5,24.6,15.6,0.0
05097,Arkansas,AR,Montgomery County,0.5765,0.7455,0.8314,0.2959,0.1954,31.7,27.0,26.9,4.6,1.2
05099,Arkansas,AR,Nevada County,0.8527,0.7913,0.8731,0.7502,0.7448,37.0,21.0,22.4,4.6,0.1
05101,Arkansas,AR,Newton County,0.1985,0.4359,0.2275,0.2109,0.0961,23.5,26.7,19.4,2.2,0.0
05103,Arkansas,AR,Ouachita County,0.7464,0.6767,0.8912,0.8377,0.4298,32.1,20.6,26.9,12.4,0.1
05105,Arkansas,AR,Perry County,0.4292,0.286,0.6284,0.2692,0.5991,29.4,20.3,23.5,6.1,0.3
05107,Arkansas,AR,Phillips County,0.9628,0.9526,0.9402,0.9453,0.7633,44.4,19.6,22.5,13.9,0.0
05109,Arkansas,AR,Pike County,0.5972,0.4706,0.7598,0.4248,0.6449,29.1,20.5,24.0,4.9,1.4
05111,Arkansas,AR,Poinsett County,0.7381,0.8234,0.8546,0.4273,0.4127,35.2,18.3,23.6,8.7,0.1
05113,Arkansas,AR,Polk County,0.6863,0.7506,0.8447,0.377,0.4174,30.9,22.7,21.9,5.3,0.9
05115,Arkansas,AR,Pope County,0.8171,0.7817,0.8727,0.489,0.727,31.5,15.9,18.9,4.5,1.8
05117,Arkansas,AR,Prairie County,0.4601,0.4178,0.7674,0.4496,0.2844,26.3,23.6,23.3,4.6,0.7
05119,Arkansas,AR,Pulaski County,0.7811,0.6573,0.8011,0.8702,0.6844,26.6,16.2,15.6,7.4,1.5
05121,Arkansas,AR,Randolph County,0.7051,0.7696,0.7941,0.2816,0.5336,35.1,19.7,22.3,6.0,0.9
05123,Arkansas,AR,St. Francis County,0.9777,0.9421,0.943,0.924,0.9284,42.9,17.4,20.9,12.9,2.2
05125,Arkansas,AR,Saline County,0.2864,0.1502,0.6459,0.5011,0.3312,17.3,18.3,15.8,3.7,0.9
05127,Arkansas,AR,Scott County,0.7537,0.7146,0.9001,0.4658,0.5759,28.0,20.8,20.3,9.3,1.8
05129,Arkansas,AR,Searcy County,0.517,0.6847,0.5011,0.3484,0.3086,38.4,25.3,26.5,7.7,0.3
05131,Arkansas,AR,Sebastian County,0.8696,0.7957,0.9675,0.6962,0.6491,28.7,16.5,20.9,6.3,3.4
05133,Arkansas,AR,Sevier County,0.825,0.8256,0.8864,0.833,0.4804,32.0,13.7,14.0,4.7,8.8
05135,Arkansas,AR,Sharp County,0.5838,0.728,0.7808,0.2364,0.2959,31.3,25.3,24.3,4.8,0.1
05137,Arkansas,AR,Stone County,0.7709,0.7731,0.8336,0.2733,0.7299,39.1,27.3,27.9,7.6,0.0
05139,Arkansas,AR,Union County,0.6682,0.5485,0.7668,0.7798,0.5479,28.8,18.4,16.3,5.2,0.8
05141,Arkansas,AR,Van Buren County,0.7763,0.8101,0.8661,0.2164,0.6678,34.6,26.8,26.4,6.4,0.5
05143,Arkansas,AR,Washington County,0.7658,0.7407,0.4871,0.7178,0.8094,25.6,12.0,11.0,4.6,4.6
05145,Arkansas,AR,White County,0.8482,0.7716,0.7878,0.4057,0.9488,29.6,16.5,18.7,6.3,0.5
05147,Arkansas,AR,Woodruff County,0.7671,0.7859,0.6767,0.6752,0.6303,33.4,24.0,18.1,10.9,0.3
05149,Arkansas,AR,Yell County,0.7738,0.5714,0.8276,0.6211,0.8591,30.9,17.5,18.2,5.8,5.8
06001,California,CA,Alameda County,0.5129,0.2962,0.0862,0.9605,0.9205,14.1,14.6,9.5,9.3,7.4
06003,California,CA,Alpine County,0.4044,0.1429,0.6402,0.8008,0.5352,18.3,25.5,13.5,3.4,1.7
06005,California,CA,Amador County,0.5647,0.4477,0.398,0.6096,0.7725,14.8,26.9,18.1,5.4,1.1
06007,California,CA,Butte County,0.8225,0.7706,0.4843,0.6806,0.9437,28.2,18.2,16.4,6.1,2.5
06009,California,CA,Calaveras County,0.3357,0.5425,0.4706,0.552,0.0614,21.4,28.8,21.3,2.1,0.6
06011,California,CA,Colusa County,0.84,0.8931,0.9026,0.9465,0.3315,22.6,15.1,13.1,4.6,14.6
06013,California,CA,Contra Costa County,0.4785,0.3223,0.4343,0.917,0.5113,13.5,16.4,11.2,5.1,5.9
06015,California,CA,Del Norte County,0.9004,0.7814,0.6395,0.7735,0.9927,25.3,19.2,19.3,7.3,1.6
06017,California,CA,El Dorado County,0.1896,0.1836,0.2008,0.5994,0.2186,13.7,22.2,12.3,3.8,1.2
06019,California,CA,Fresno County,0.9618,0.943,0.8772,0.9685,0.875,30.8,12.5,12.9,7.4,10.2
06021,California,CA,Glenn County,0.8622,0.945,0.6443,0.8734,0.5937,25.9,16.9,12.7,3.6,8.0
06023,California,CA,Humboldt County,0.8269,0.7805,0.6538,0.6475,0.8851,29.8,18.9,17.9,7.0,1.7
06025,California,CA,Imperial County,0.9936,0.9682,0.9392,0.9943,0.979,35.5,13.2,14.2,6.3,19.8
06027,California,CA,Inyo County,0.6147,0.4162,0.5234,0.7881,0.7716,19.7,23.8,16.7,5.2,0.9
06029,California,CA,Kern County,0.9685,0.957,0.8339,0.9545,0.9265,32.2,11.3,11.4,6.4,10.0
06031,California,CA,Kings County,0.9507,0.9354,0.839,0.9593,0.8753,27.8,10.5,12.4,4.8,10.2
06033,California,CA,Lake County,0.9055,0.8696,0.9236,0.7089,0.7999,28.5,23.2,19.8,5.6,3.1
06035,California,CA,Lassen County,0.8231,0.861,0.3748,0.7464,0.8769,23.6,15.2,17.9,5.1,2.3
06037,California,CA,Los Angeles County,0.8629,0.895,0.2825,0.9736,0.9176,22.7,14.2,10.6,8.7,12.5
06039,California,CA,Madera County,0.9593,0.9567,0.9036,0.9532,0.7859,30.9,14.2,13.9,4.3,12.4
06041,California,CA,Marin County,0.37,0.1616,0.3637,0.6764,0.6682,10.4,23.2,9.6,4.6,4.3
06043,California,CA,Mariposa County,0.8613,0.6542,0.922,0.5711,0.9465,24.4,29.3,18.9,5.2,2.4
06045,California,CA,Mendocino County,0.9726,0.8934,0.9803,0.749,0.9418,25.4,23.3,18.7,8.0,4.4
06047,California,CA,Merced County,0.973,0.973,0.888,0.9736,0.8517,30.0,11.4,12.8,7.2,13.7
06049,California,CA,Modoc County,0.8186,0.693,0.8998,0.5927,0.7852,27.2,29.7,17.4,5.7,2.6
06051,California,CA,Mono County,0.3891,0.4143,0.02,0.7321,0.7375,15.6,15.7,8.0,2.4,4.0
06053,California,CA,Monterey County,0.8686,0.8272,0.581,0.964,0.8724,21.5,14.3,9.2,4.8,16.9
06055,California,CA,Napa County,0.6831,0.4983,0.4127,0.8702,0.8692,14.1,20.2,12.2,4.9,7.5
06057,California,CA,Nevada County,0.2148,0.3013,0.2444,0.4699,0.1632,17.4,28.4,13.7,4.1,1.2
06059,California,CA,Orange County,0.5692,0.5412,0.1791,0.9252,0.6605,16.1,15.4,9.1,4.6,8.8
06061,California,CA,Placer County,0.1992,0.1212,0.3182,0.6793,0.2469,11.0,20.0,11.2,3.8,1.7
06063,California,CA,Plumas County,0.4088,0.3659,0.3672,0.4948,0.4903,18.0,29.6,18.2,4.5,0.6
06065,California,CA,Riverside County,0.8199,0.7948,0.6736,0.9504,0.6822,19.7,14.8,11.6,4.0,7.5
06067,California,CA,Sacramento County,0.7509,0.6255,0.636,0.9084,0.7343,20.9,14.6,12.3,6.2,6.3
06069,California,CA,San Benito County,0.5094,0.5072,0.6685,0.9564,0.1639,14.4,13.2,10.7,3.2,9.1
06071,California,CA,San Bernardino County,0.8858,0.8896,0.7563,0.9726,0.7464,23.5,11.9,11.4,4.5,7.5
06073,California,CA,San Diego County,0.7057,0.6281,0.2202,0.9007,0.8759,17.5,14.7,10.4,5.4,6.0
06075,California,CA,San Francisco County,0.482,0.2876,0.0302,0.9284,0.9561,16.2,16.7,10.8,29.9,10.8
06077,California,CA,San Joaquin County,0.8718,0.8075,0.8174,0.9637,0.7509,21.8,13.0,12.2,5.2,9.3
06079,California,CA,San Luis Obispo County,0.5227,0.4254,0.2256,0.7038,0.7553,18.2,21.1,13.0,3.8,3.0
06081,California,CA,San Mateo County,0.2899,0.1292,0.0655,0.9351,0.7121,10.3,16.9,8.7,5.6,6.6
06083,California,CA,Santa Barbara County,0.8667,0.8419,0.3401,0.9065,0.9599,22.6,15.9,10.9,6.3,10.2
06085,California,CA,Santa Clara County,0.3614,0.1349,0.0859,0.9612,0.8206,11.0,14.1,8.6,5.8,8.7
06087,California,CA,Santa Cruz County,0.6131,0.4948,0.1327,0.8225,0.9182,17.9,17.7,11.7,5.2,6.3
06089,California,CA,Shasta County,0.7649,0.6096,0.833,0.5679,0.7919,21.6,21.1,18.1,6.1,1.0
06091,California,CA,Sierra County,0.3522,0.5994,0.2599,0.3888,0.1654,19.8,31.2,14.8,3.0,0.8
06093,California,CA,Siskiyou County,0.7884,0.7649,0.7458,0.6185,0.7206,26.9,26.4,18.0,5.6,1.3
06095,California,CA,Solano County,0.6201,0.4499,0.5186,0.9415,0.6787,14.8,16.5,12.4,4.6,4.9
06097,California,CA,Sonoma County,0.5562,0.4108,0.4025,0.7706,0.7146,14.4,20.6,11.8,4.8,5.5
06099,California,CA,Stanislaus County,0.8511,0.8482,0.8323,0.9252,0.5889,23.7,13.3,12.7,5.4,9.1
06101,California,CA,Sutter County,0.8641,0.8444,0.8874,0.9036,0.5883,23.6,15.7,13.8,5.4,9.6
06103,California,CA,Tehama County,0.9271,0.8253,0.9892,0.7213,0.7728,28.0,19.9,18.7,6.2,3.5
06105,California,CA,Trinity County,0.7206,0.769,0.7388,0.5444,0.5107,34.0,27.7,15.7,4.4,2.8
06107,California,CA,Tulare County,0.9147,0.9602,0.8524,0.9707,0.5705,31.5,11.5,11.8,4.7,12.7
06109,California,CA,Tuolumne County,0.6319,0.5501,0.622,0.5415,0.6876,17.9,27.3,21.3,5.5,0.6
06111,California,CA,Ventura County,0.6249,0.5921,0.3312,0.9017,0.6293,15.6,16.3,11.3,4.2,8.9
06113,California,CA,Yolo County,0.7366,0.6198,0.1572,0.8966,0.9653,24.7,13.0,10.4,7.8,6.3
06115,California,CA,Yuba County,0.9268,0.8651,0.9109,0.8616,0.8651,25.5,12.9,16.0,6.4,4.4
08001,Colorado,CO,Adams County,0.7264,0.6825,0.6758,0.8832,0.545,16.9,10.8,11.1,4.6,5.5
08003,Colorado,CO,Alamosa County,0.8253,0.5721,0.7658,0.889,0.9411,28.5,14.5,15.8,6.2,2.3
08005,Colorado,CO,Arapahoe County,0.4661,0.4101,0.4038,0.8031,0.4117,13.8,13.7,10.5,5.0,4.0
08007,Colorado,CO,Archuleta County,0.3484,0.5237,0.1473,0.5969,0.2304,19.8,27.0,15.6,2.5,0.3
08009,Colorado,CO,Baca County,0.5472,0.5463,0.4566,0.4839,0.5832,33.6,23.9,17.4,5.1,0.2
08011,Colorado,CO,Bent County,0.8804,0.8937,0.2692,0.8377,0.9838,40.0,18.4,21.0,7.9,1.3
08013,Colorado,CO,Boulder County,0.209,0.2202,0.0169,0.5892,0.5962,16.3,15.3,8.5,5.2,1.3
08014,Colorado,CO,Broomfield County,0.0436,0.0353,0.0557,0.6128,0.1088,7.6,14.7,7.9,3.6,1.3
08015,Colorado,CO,Chaffee County,0.6096,0.5657,0.693,0.4378,0.5915,20.3,26.3,13.0,4.0,1.6
08017,Colorado,CO,Cheyenne County,0.0837,0.0843,0.4197,0.5294,0.0334,18.5,20.0,11.2,0.8,2.1
08019,Colorado,CO,Clear Creek County,0.1394,0.3245,0.0356,0.4018,0.1677,13.4,21.1,12.1,4.0,0.9
08021,Colorado,CO,Conejos County,0.8377,0.8062,0.8311,0.8931,0.608,31.4,19.5,18.5,6.5,1.3
08023,Colorado,CO,Costilla County,0.8727,0.8511,0.9965,0.9462,0.2466,38.5,27.8,26.4,5.3,3.6
08025,Colorado,CO,Crowley County,0.86,0.8823,0.5864,0.8571,0.8059,32.4,14.4,21.3,5.7,1.2
08027,Colorado,CO,Custer County,0.1012,0.2905,0.0404,0.377,0.083,21.5,29.7,14.2,2.5,0.1
08029,Colorado,CO,Delta County,0.581,0.6312,0.7086,0.5383,0.3344,23.9,26.9,19.4,4.2,1.3
08031,Colorado,CO,Denver County,0.5603,0.546,0.057,0.8447,0.8486,18.0,12.0,9.9,9.9,4.2
08033,Colorado,CO,Dolores County,0.1858,0.0923,0.2673,0.5819,0.3439,19.1,35.7,8.0,5.0,7.4
08035,Colorado,CO,Douglas County,0.022,0.0083,0.078,0.5383,0.064,5.1,12.9,7.5,2.1,0.8
08037,Colorado,CO,Eagle County,0.3497,0.4219,0.0719,0.7321,0.4445,13.3,13.6,6.2,4.0,5.3
08039,Colorado,CO,Elbert County,0.0006,0.0038,0.0127,0.4445,0.001,9.1,17.5,8.1,1.1,0.6
08041,Colorado,CO,El Paso County,0.4604,0.4168,0.3153,0.7038,0.5052,16.2,13.3,12.5,3.6,1.1
08043,Colorado,CO,Fremont County,0.6688,0.5889,0.4286,0.5542,0.8511,24.3,21.9,18.9,5.2,0.7
08045,Colorado,CO,Garfield County,0.6058,0.5002,0.5247,0.7191,0.6634,14.5,13.6,9.1,4.5,6.2
08047,Colorado,CO,Gilpin County,0.0967,0.2491,0.0064,0.4416,0.2727,14.2,15.9,12.0,5.2,0.0
08049,Colorado,CO,Grand County,0.1565,0.3891,0.0089,0.4932,0.2456,14.3,19.3,6.7,2.5,0.7
08051,Colorado,CO,Gunnison County,0.1222,0.2116,0.0022,0.4273,0.5997,16.0,14.0,7.4,2.1,0.7
08053,Colorado,CO,Hinsdale County,0.0869,0.2335,0.4419,0.2984,0.0054,10.5,34.0,17.2,1.5,0.0
08055,Colorado,CO,Huerfano County,0.5383,0.5778,0.5075,0.7636,0.3236,24.6,33.1,20.6,5.3,0.7
08057,Colorado,CO,Jackson County,0.3751,0.8781,0.049,0.3824,0.1085,32.9,31.4,12.7,5.9,0.2
08059,Colorado,CO,Jefferson County,0.0948,0.1193,0.0337,0.5829,0.2164,11.1,17.1,10.5,3.9,1.1
08061,Colorado,CO,Kiowa County,0.3312,0.5024,0.4785,0.2214,0.1724,28.9,21.8,9.6,2.7,2.7
08063,Colorado,CO,Kit Carson County,0.6825,0.5756,0.9211,0.5829,0.4604,22.6,20.0,15.9,5.7,1.2
08065,Colorado,CO,Lake County,0.1152,0.2342,0.0165,0.776,0.1368,13.0,14.2,11.0,3.5,4.7
08067,Colorado,CO,La Plata County,0.258,0.2965,0.0108,0.5797,0.7031,18.8,19.0,10.1,2.0,0.3
08069,Colorado,CO,Larimer County,0.1524,0.2676,0.0105,0.5161,0.3824,16.6,16.4,10.0,3.8,1.0
08071,Colorado,CO,Las Animas County,0.9068,0.8645,0.9065,0.8571,0.7706,28.7,25.1,23.3,8.4,1.6
08073,Colorado,CO,Lincoln County,0.385,0.4197,0.0528,0.6045,0.6612,22.3,17.3,15.0,5.3,1.1
08075,Colorado,CO,Logan County,0.6004,0.4327,0.2135,0.5867,0.9593,26.6,18.4,14.9,5.8,1.2
08077,Colorado,CO,Mesa County,0.6462,0.5772,0.6497,0.5371,0.6691,19.8,20.0,15.3,5.3,1.0
08079,Colorado,CO,Mineral County,0.056,0.4878,0.0083,0.1654,0.0185,15.2,27.1,11.3,2.9,0.0
08081,Colorado,CO,Moffat County,0.8164,0.7003,0.8944,0.5501,0.7913,25.1,15.2,15.0,6.2,2.3
08083,Colorado,CO,Montezuma County,0.6061,0.567,0.6382,0.6516,0.5164,22.7,23.6,15.0,4.5,0.8
08085,Colorado,CO,Montrose County,0.5164,0.6013,0.7337,0.6102,0.1591,19.4,24.9,13.3,2.8,4.0
08087,Colorado,CO,Morgan County,0.8371,0.706,0.8075,0.8116,0.8346,21.1,15.7,10.1,5.4,6.8
08089,Colorado,CO,Otero County,0.9535,0.8479,0.9551,0.8651,0.9211,38.8,21.1,20.4,8.6,1.8
08091,Colorado,CO,Ouray County,0.0834,0.307,0.064,0.2587,0.0423,11.6,36.1,15.1,1.8,0.2
08093,Colorado,CO,Park County,0.0032,0.1374,0.0092,0.3592,0.0013,13.8,22.0,11.3,1.4,0.2
08095,Colorado,CO,Phillips County,0.4203,0.4868,0.5348,0.6624,0.1775,26.3,18.3,13.3,5.3,5.1
08097,Colorado,CO,Pitkin County,0.0617,0.0897,0.0124,0.5119,0.266,10.5,20.3,8.9,2.4,0.4
08099,Colorado,CO,Prowers County,0.9615,0.8183,0.965,0.8151,0.966,30.9,18.0,17.5,6.6,2.9
08101,Colorado,CO,Pueblo County,0.8533,0.6914,0.8826,0.8686,0.8314,26.0,18.9,18.5,7.9,1.1
08103,Colorado,CO,Rio Blanco County,0.5167,0.5177,0.5937,0.4871,0.4184,22.1,16.0,16.5,2.1,0.9
08105,Colorado,CO,Rio Grande County,0.7868,0.5463,0.9214,0.8616,0.721,20.2,20.9,17.0,6.9,1.6
08107,Colorado,CO,Routt County,0.1314,0.1985,0.0395,0.4613,0.2596,12.8,16.9,6.8,2.0,1.0
08109,Colorado,CO,Saguache County,0.6608,0.8791,0.8177,0.7989,0.0652,32.5,25.6,15.3,1.5,2.5
08111,Colorado,CO,San Juan County,0.4276,0.7595,0.2179,0.5501,0.1168,26.4,24.1,6.2,3.9,5.2
08113,Colorado,CO,San Miguel County,0.2911,0.3758,0.0509,0.4378,0.5425,20.2,16.5,5.3,6.3,2.9
08115,Colorado,CO,Sedgwick County,0.6729,0.5059,0.9831,0.5978,0.3296,26.0,25.1,19.3,6.5,1.5
08117,Colorado,CO,Summit County,0.1696,0.2533,0.0095,0.5597,0.4725,14.3,14.9,6.2,3.0,2.8
08119,Colorado,CO,Teller County,0.0496,0.2256,0.0223,0.4416,0.0369,13.2,23.7,13.8,1.1,0.1
08121,Colorado,CO,Washington County,0.2848,0.2004,0.4928,0.4146,0.3805,19.4,21.3,11.9,3.8,1.4
08123,Colorado,CO,Weld County,0.5889,0.5269,0.5367,0.7391,0.5457,16.6,12.5,11.2,3.5,3.9
08125,Colorado,CO,Yuma County,0.6783,0.8202,0.601,0.6475,0.3411,21.6,18.1,8.3,2.7,7.4
09110,Connecticut,CT,Capitol Planning Region,0.5877,0.3952,0.427,0.7735,0.7891,16.9,17.1,11.8,9.5,3.6
09120,Connecticut,CT,Greater Bridgeport Planning Region,0.8142,0.7391,0.5924,0.791,0.8673,19.3,15.9,12.6,10.0,6.8
09130,Connecticut,CT,Lower Connecticut River Valley Planning Region,0.1534,0.1145,0.1467,0.5065,0.3229,11.1,20.9,10.9,4.8,1.5
09140,Connecticut,CT,Naugatuck Valley Planning Region,0.5641,0.4836,0.5746,0.7636,0.5142,16.8,17.8,13.5,9.5,3.8
09150,Connecticut,CT,Northeastern Connecticut Planning Region,0.2409,0.3894,0.2953,0.5065,0.0955,14.4,17.1,13.2,5.0,1.5
09160,Connecticut,CT,Northwest Hills Planning Region,0.2727,0.2558,0.3608,0.5597,0.2606,14.1,20.4,11.9,6.1,2.2
09170,Connecticut,CT,South Central Connecticut Planning Region,0.6637,0.4884,0.3681,0.7655,0.9039,18.1,17.5,11.3,11.1,3.7
09180,Connecticut,CT,Southeastern Connecticut Planning Region,0.4865,0.3541,0.4734,0.6128,0.6055,16.7,18.9,13.5,7.3,2.5
09190,Connecticut,CT,Western Connecticut Planning Region,0.4664,0.4034,0.3102,0.7751,0.5008,12.8,16.2,8.9,5.8,5.6
10001,Delaware,DE,Kent County,0.8151,0.6306,0.8676,0.7964,0.7881,20.1,17.6,16.6,6.8,1.7
10003,Delaware,DE,New Castle County,0.5132,0.3376,0.4018,0.8352,0.6561,16.5,16.2,12.4,7.0,2.1
10005,Delaware,DE,Sussex County,0.5183,0.4483,0.6904,0.6166,0.3948,18.5,29.2,14.5,3.6,2.6
11001,District of Columbia,DC,District of Columbia,0.6262,0.4394,0.1056,0.9386,0.9631,20.6,12.6,11.0,35.7,2.1
12001,Florida,FL,Alachua County,0.6099,0.629,0.0309,0.7881,0.9357,28.4,14.7,11.5,7.1,1.1
12003,Florida,FL,Baker County,0.6188,0.6118,0.4073,0.5558,0.7051,21.5,14.9,15.4,4.0,0.3
12005,Florida,FL,Bay County,0.7407,0.6405,0.8126,0.6083,0.6952,20.9,18.1,19.5,4.0,1.8
12007,Florida,FL,Bradford County,0.8867,0.9144,0.3198,0.6354,0.9901,28.4,17.8,18.1,7.0,0.1
12009,Florida,FL,Brevard County,0.4817,0.4833,0.4913,0.6424,0.3659,18.0,24.0,16.3,4.7,1.3
12011,Florida,FL,Broward County,0.7814,0.791,0.4935,0.9481,0.6777,20.9,17.3,11.1,6.9,7.4
12013,Florida,FL,Calhoun County,0.8756,0.7989,0.7124,0.6045,0.9628,33.6,18.3,24.1,6.8,0.7
12015,Florida,FL,Charlotte County,0.5953,0.5908,0.6554,0.489,0.5145,18.9,40.3,21.7,4.5,1.3
12017,Florida,FL,Citrus County,0.5698,0.7321,0.5857,0.3977,0.3264,24.4,36.4,21.7,4.7,0.8
12019,Florida,FL,Clay County,0.3649,0.2978,0.5087,0.6647,0.2857,16.7,16.5,13.4,3.6,1.4
12021,Florida,FL,Collier County,0.6141,0.588,0.4362,0.7636,0.5953,17.3,32.8,11.4,4.6,7.4
12023,Florida,FL,Columbia County,0.9138,0.8311,0.818,0.6487,0.9701,28.2,19.6,20.2,4.5,0.7
12027,Florida,FL,DeSoto County,0.9981,0.992,0.9656,0.8447,0.9876,40.1,22.3,19.0,6.2,5.8
12029,Florida,FL,Dixie County,0.7719,0.7681,0.4884,0.4699,0.8944,32.7,23.7,25.7,5.1,0.7
12031,Florida,FL,Duval County,0.7935,0.7105,0.6144,0.8711,0.8062,23.3,14.7,13.0,7.1,2.7
12033,Florida,FL,Escambia County,0.839,0.783,0.644,0.7474,0.8801,23.9,17.5,16.8,6.9,1.3
12035,Florida,FL,Flagler County,0.3121,0.4559,0.5597,0.6277,0.0554,17.4,30.9,15.4,3.6,2.3
12037,Florida,FL,Franklin County,0.9017,0.9644,0.6176,0.5711,0.8902,33.5,25.3,23.3,6.6,1.4
12039,Florida,FL,Gadsden County,0.9742,0.8855,0.971,0.9532,0.9405,35.5,19.2,19.9,9.8,2.5
12041,Florida,FL,Gilchrist County,0.7337,0.455,0.896,0.3697,0.9141,23.7,20.1,20.2,7.5,1.7
12043,Florida,FL,Glades County,0.9058,0.9516,0.7735,0.8088,0.7229,36.9,26.8,19.2,2.0,5.7
12045,Florida,FL,Gulf County,0.7082,0.6125,0.6252,0.5667,0.7856,23.4,23.3,23.0,4.0,0.5
12047,Florida,FL,Hamilton County,0.9803,0.9777,0.8622,0.8317,0.9574,37.2,19.0,19.4,6.0,1.6
12049,Florida,FL,Hardee County,0.993,0.9876,0.8979,0.8899,0.9685,41.6,15.7,14.3,4.9,7.1
12051,Florida,FL,Hendry County,0.9946,0.993,0.8575,0.9625,0.9761,37.7,13.4,12.2,7.3,13.6
12053,Florida,FL,Hernando County,0.6602,0.7537,0.7623,0.6185,0.3048,23.0,26.8,19.0,5.1,1.4
12055,Florida,FL,Highlands County,0.8673,0.818,0.8664,0.7286,0.7607,27.2,35.7,20.3,5.2,3.6
12057,Florida,FL,Hillsborough County,0.7789,0.7327,0.49,0.8871,0.7897,22.1,14.6,11.8,5.9,6.5
12059,Florida,FL,Holmes County,0.8081,0.7786,0.77,0.4248,0.833,29.6,20.2,18.8,5.1,0.7
12061,Florida,FL,Indian River County,0.5145,0.5975,0.5803,0.6249,0.2434,18.5,33.9,16.2,4.3,1.7
12063,Florida,FL,Jackson County,0.8085,0.7362,0.8947,0.7213,0.6223,31.2,21.1,20.1,5.2,1.2
12065,Florida,FL,Jefferson County,0.7439,0.7143,0.6325,0.776,0.6666,26.7,24.1,20.2,7.0,0.6
12067,Florida,FL,Lafayette County,0.8409,0.9214,0.4626,0.6726,0.7906,35.4,19.2,21.0,1.8,2.0
12069,Florida,FL,Lake County,0.6214,0.6128,0.6481,0.7086,0.4512,18.3,26.7,16.3,4.1,2.3
12071,Florida,FL,Lee County,0.7086,0.6507,0.6067,0.7299,0.671,19.6,28.9,13.8,5.1,5.7
12073,Florida,FL,Leon County,0.6952,0.6659,0.1021,0.8323,0.937,26.4,14.1,11.9,6.9,0.9
12075,Florida,FL,Levy County,0.7582,0.7184,0.9119,0.5616,0.5224,27.8,24.7,19.9,4.7,2.1
12077,Florida,FL,Liberty County,0.8266,0.8454,0.6077,0.636,0.8132,30.5,13.8,24.2,7.7,0.6
12079,Florida,FL,Madison County,0.8638,0.8011,0.5822,0.8403,0.9338,33.8,22.4,15.7,9.5,0.9
12081,Florida,FL,Manatee County,0.6332,0.6516,0.4906,0.6685,0.5622,19.6,28.2,14.6,4.0,3.0
12083,Florida,FL,Marion County,0.8196,0.7926,0.7891,0.6936,0.7143,25.0,28.9,16.4,4.9,2.1
12085,Florida,FL,Martin County,0.4642,0.4022,0.384,0.5797,0.5415,17.2,31.8,14.2,4.9,2.3
12086,Florida,FL,Miami-Dade County,0.881,0.9049,0.4365,0.9901,0.8909,26.3,16.6,10.2,9.7,20.6
12087,Florida,FL,Monroe County,0.6822,0.5247,0.3143,0.7378,0.9294,18.0,23.5,10.8,6.7,6.1
12089,Florida,FL,Nassau County,0.2539,0.2278,0.4076,0.4273,0.2724,13.7,23.0,17.4,3.0,0.4
12091,Florida,FL,Okaloosa County,0.5266,0.4238,0.573,0.6503,0.5358,18.1,16.3,15.6,3.7,1.8
12093,Florida,FL,Okeechobee County,0.9637,0.9481,0.9322,0.7617,0.8934,30.0,19.3,17.9,3.2,4.1
12095,Florida,FL,Orange County,0.7951,0.8018,0.3767,0.9332,0.7862,23.2,12.4,11.2,5.2,7.2
12097,Florida,FL,Osceola County,0.8307,0.8244,0.8043,0.9644,0.5399,24.1,13.2,13.9,4.5,10.0
12099,Florida,FL,Palm Beach County,0.8008,0.7779,0.6354,0.8613,0.7222,19.3,24.4,12.4,6.0,7.5
12101,Florida,FL,Pasco County,0.7041,0.6561,0.7811,0.6599,0.5387,20.2,22.2,16.4,4.8,2.3
12103,Florida,FL,Pinellas County,0.7095,0.5546,0.5851,0.6373,0.8568,19.5,25.6,15.5,6.9,2.3
12105,Florida,FL,Polk County,0.8912,0.8078,0.8062,0.8377,0.903,25.7,19.9,14.1,5.2,4.9
12107,Florida,FL,Putnam County,0.9835,0.9838,0.966,0.6599,0.9036,39.0,23.5,18.4,7.5,3.0
12109,Florida,FL,St. Johns County,0.1266,0.1677,0.1925,0.5294,0.104,11.8,20.7,10.5,2.4,1.0
12111,Florida,FL,St. Lucie County,0.7906,0.8136,0.8734,0.8466,0.3812,22.1,24.4,15.2,4.5,3.1
12113,Florida,FL,Santa Rosa County,0.3213,0.3379,0.189,0.5294,0.4353,15.9,16.3,15.0,3.5,0.7
12115,Florida,FL,Sarasota County,0.3653,0.2927,0.413,0.504,0.4566,14.2,37.3,15.1,4.4,1.8
12117,Florida,FL,Seminole County,0.3996,0.4111,0.3051,0.8075,0.2829,15.9,16.0,11.3,3.9,3.0
12119,Florida,FL,Sumter County,0.3026,0.2109,0.3945,0.4445,0.4744,14.8,57.9,18.5,3.5,0.9
12121,Florida,FL,Suwannee County,0.8457,0.7598,0.7518,0.615,0.9243,27.4,21.2,20.6,5.9,1.2
12123,Florida,FL,Taylor County,0.8062,0.6911,0.8132,0.6402,0.8177,28.0,20.4,20.8,5.5,1.0
12125,Florida,FL,Union County,0.6669,0.5081,0.4798,0.6548,0.8696,24.3,17.0,17.9,3.7,0.3
12127,Florida,FL,Volusia County,0.6987,0.5966,0.6914,0.678,0.6863,21.0,24.8,17.3,5.6,1.3
12129,Florida,FL,Wakulla County,0.3058,0.3198,0.0423,0.5616,0.6459,15.8,15.7,13.2,3.4,0.7
12131,Florida,FL,Walton County,0.6287,0.553,0.5208,0.4699,0.7703,18.0,20.0,16.1,3.9,1.2
12133,Florida,FL,Washington County,0.8043,0.8486,0.7665,0.5867,0.6188,35.8,17.4,20.4,2.9,0.9
13001,Georgia,GA,Appling County,0.9122,0.8546,0.8578,0.6911,0.9268,37.9,17.5,13.5,7.4,3.0
13003,Georgia,GA,Atkinson County,0.8444,0.9026,0.8081,0.8403,0.5199,46.1,13.3,12.9,4.4,12.1
13005,Georgia,GA,Bacon County,0.889,0.7362,0.9755,0.6332,0.8463,33.7,16.9,22.3,7.4,0.8
13007,Georgia,GA,Baker County,0.7162,0.922,0.4394,0.8584,0.2564,39.3,26.5,15.8,7.2,0.9
13009,Georgia,GA,Baldwin County,0.923,0.9357,0.3363,0.86,0.9908,31.0,16.5,15.6,6.8,0.5
13011,Georgia,GA,Banks County,0.3373,0.6207,0.3096,0.3961,0.1015,22.6,16.9,18.9,2.5,1.1
13013,Georgia,GA,Barrow County,0.4887,0.5956,0.7738,0.7066,0.0799,19.1,12.6,13.1,3.4,2.6
13015,Georgia,GA,Bartow County,0.454,0.6529,0.3964,0.6045,0.1623,19.5,14.2,11.9,3.1,1.4
13017,Georgia,GA,Ben Hill County,0.9265,0.8918,0.7378,0.8365,0.9535,38.7,17.7,12.0,10.0,0.8
13019,Georgia,GA,Berrien County,0.6748,0.8406,0.8406,0.5269,0.1769,35.9,17.7,17.3,3.8,0.6
13021,Georgia,GA,Bibb County,0.9644,0.9739,0.8619,0.9399,0.8422,34.6,16.2,15.9,11.5,1.0
13023,Georgia,GA,Bleckley County,0.7063,0.686,0.6363,0.686,0.6134,27.0,17.2,19.9,4.0,0.5
13025,Georgia,GA,Brantley County,0.3974,0.7763,0.0738,0.2485,0.2733,31.7,16.5,16.2,6.5,0.2
13027,Georgia,GA,Brooks County,0.9275,0.9704,0.7611,0.8492,0.7741,42.2,19.7,17.0,7.2,0.6
13029,Georgia,GA,Bryan County,0.3115,0.28,0.7101,0.6618,0.1104,11.8,10.5,12.6,3.0,1.5
13031,Georgia,GA,Bulloch County,0.8374,0.9297,0.2326,0.7521,0.8781,32.2,11.8,14.5,5.4,0.7
13033,Georgia,GA,Burke County,0.7483,0.8148,0.552,0.881,0.4967,30.4,16.3,14.8,10.2,0.3
13035,Georgia,GA,Butts County,0.5565,0.5896,0.392,0.72,0.4766,24.1,16.0,14.6,3.5,0.7
13037,Georgia,GA,Calhoun County,0.9688,0.9924,0.6344,0.9526,0.917,39.7,15.9,16.9,7.7,2.2
13039,Georgia,GA,Camden County,0.6618,0.587,0.6316,0.6793,0.6433,25.0,14.2,15.7,5.9,0.4
13043,Georgia,GA,Candler County,0.916,0.8508,0.9281,0.7798,0.8381,36.2,18.5,18.3,6.0,3.0
13045,Georgia,GA,Carroll County,0.8428,0.8794,0.8171,0.6885,0.6176,25.8,13.9,15.2,4.3,2.1
13047,Georgia,GA,Catoosa County,0.3086,0.3519,0.5733,0.3217,0.1979,17.8,18.1,17.3,4.2,0.7
13049,Georgia,GA,Charlton County,0.8855,0.9889,0.2262,0.776,0.8559,36.9,16.4,18.6,5.6,1.7
13051,Georgia,GA,Chatham County,0.805,0.8056,0.5647,0.8858,0.7181,23.8,16.2,15.1,7.3,1.5
13053,Georgia,GA,Chattahoochee County,0.6554,0.6675,0.1629,0.8377,0.776,40.0,2.9,7.8,0.7,0.7
13055,Georgia,GA,Chattooga County,0.9481,0.91,0.9246,0.4948,0.9625,35.2,18.0,18.1,5.6,1.9
13057,Georgia,GA,Cherokee County,0.1969,0.2787,0.4263,0.5892,0.0503,12.9,15.0,10.5,2.2,2.7
13059,Georgia,GA,Clarke County,0.7502,0.8972,0.1069,0.833,0.7547,37.9,11.5,12.4,6.6,2.3
13061,Georgia,GA,Clay County,0.9061,0.8387,0.9558,0.937,0.6685,39.0,24.9,17.5,8.3,0.4
13063,Georgia,GA,Clayton County,0.9488,0.9765,0.8151,0.9952,0.7334,30.7,10.0,11.4,7.4,4.4
13065,Georgia,GA,Clinch County,0.9348,0.7668,0.9265,0.7366,0.9819,46.2,15.5,16.5,10.7,4.2
13067,Georgia,GA,Cobb County,0.3993,0.4114,0.3525,0.8743,0.2227,14.3,13.0,9.1,3.5,3.8
13069,Georgia,GA,Coffee County,0.9609,0.9004,0.95,0.8116,0.9166,36.2,14.7,16.9,6.4,3.4
13071,Georgia,GA,Colquitt County,0.9847,0.964,0.9726,0.8377,0.8976,36.8,15.3,16.6,6.9,6.0
13073,Georgia,GA,Columbia County,0.23,0.2494,0.6901,0.7165,0.0302,14.6,14.6,13.0,2.7,1.4
13075,Georgia,GA,Cook County,0.9338,0.9742,0.8228,0.7521,0.7687,36.3,16.2,16.2,7.5,2.0
13077,Georgia,GA,Coweta County,0.2402,0.2479,0.4607,0.6742,0.1082,14.8,14.4,12.3,3.5,1.5
13079,Georgia,GA,Crawford County,0.6837,0.7782,0.3773,0.636,0.6128,24.3,18.7,22.8,6.2,0.2
13081,Georgia,GA,Crisp County,0.978,0.9908,0.952,0.8775,0.7458,36.4,19.3,21.3,13.0,0.5
13083,Georgia,GA,Dade County,0.4388,0.4932,0.1543,0.1985,0.7191,19.0,19.9,16.2,2.5,0.7
13085,Georgia,GA,Dawson County,0.1861,0.4276,0.1359,0.3166,0.0926,16.0,19.7,13.0,2.4,1.0
13087,Georgia,GA,Decatur County,0.9679,0.9726,0.7547,0.8743,0.9539,35.6,16.7,16.1,8.2,0.4
13089,Georgia,GA,DeKalb County,0.7903,0.7843,0.5453,0.9618,0.678,21.7,13.1,11.5,7.7,3.9
13091,Georgia,GA,Dodge County,0.8559,0.7741,0.7859,0.741,0.8734,34.3,19.0,21.7,6.9,0.6
13093,Georgia,GA,Dooly County,0.9313,0.8864,0.588,0.9115,0.9857,31.4,21.5,18.9,9.3,0.8
13095,Georgia,GA,Dougherty County,0.9761,0.9955,0.8826,0.9765,0.7674,39.3,16.5,17.7,10.9,0.7
13097,Georgia,GA,Douglas County,0.7012,0.7181,0.7235,0.943,0.3404,19.5,11.9,11.8,3.8,1.9
13099,Georgia,GA,Early County,0.9357,0.9672,0.6818,0.8982,0.853,34.0,19.2,14.3,11.2,0.1
13101,Georgia,GA,Echols County,0.4623,0.4935,0.5151,0.818,0.203,23.1,12.8,10.0,1.1,2.4
13103,Georgia,GA,Effingham County,0.2851,0.3688,0.2727,0.5994,0.1874,15.2,11.9,11.0,2.4,0.7
13105,Georgia,GA,Elbert County,0.9224,0.9373,0.8466,0.7474,0.8158,28.8,20.8,19.4,8.7,2.1
13107,Georgia,GA,Emanuel County,0.9494,0.9192,0.9586,0.7961,0.8101,31.9,16.0,21.3,8.7,1.3
13109,Georgia,GA,Evans County,0.9784,0.9634,0.9796,0.8225,0.8317,34.4,16.9,16.3,4.1,3.4
13111,Georgia,GA,Fannin County,0.6172,0.8641,0.6745,0.1457,0.2838,26.4,29.8,20.8,3.8,0.2
13113,Georgia,GA,Fayette County,0.1686,0.1317,0.5539,0.7989,0.0471,9.9,19.1,11.7,3.0,1.5
13115,Georgia,GA,Floyd County,0.9284,0.8336,0.8842,0.6685,0.964,28.9,16.5,16.3,8.4,3.3
13117,Georgia,GA,Forsyth County,0.07,0.0687,0.3067,0.7127,0.0251,7.4,12.3,8.1,1.8,2.5
13119,Georgia,GA,Franklin County,0.8314,0.931,0.7696,0.4948,0.5886,30.5,18.4,17.8,4.2,1.7
13121,Georgia,GA,Fulton County,0.6599,0.5571,0.2278,0.9259,0.8501,20.1,12.2,10.3,10.7,1.8
13123,Georgia,GA,Gilmer County,0.545,0.5218,0.8307,0.4445,0.3245,23.3,25.8,18.6,3.7,2.4
13125,Georgia,GA,Glascock County,0.6621,0.6211,0.2017,0.377,0.9615,25.5,17.0,16.1,10.4,0.0
13127,Georgia,GA,Glynn County,0.7744,0.7191,0.7095,0.7448,0.714,23.7,21.8,12.9,5.7,1.6
13129,Georgia,GA,Gordon County,0.7318,0.7875,0.7477,0.5924,0.482,27.3,15.0,13.8,4.6,4.0
13131,Georgia,GA,Grady County,0.944,0.9443,0.9933,0.805,0.5157,32.0,18.8,18.4,5.0,3.4
13133,Georgia,GA,Greene County,0.5081,0.7086,0.4251,0.7964,0.1425,21.8,29.6,13.5,3.7,0.3
13135,Georgia,GA,Gwinnett County,0.6433,0.6834,0.6965,0.9453,0.2485,18.7,10.6,7.9,3.3,8.2
13137,Georgia,GA,Habersham County,0.728,0.7136,0.6376,0.6029,0.6853,24.2,18.7,16.3,3.9,4.6
13139,Georgia,GA,Hall County,0.8136,0.7897,0.664,0.7941,0.7416,21.6,15.5,11.8,6.2,8.1
13141,Georgia,GA,Hancock County,0.9666,0.9806,0.6828,0.9733,0.9345,36.3,24.0,21.5,12.1,0.5
13143,Georgia,GA,Haralson County,0.3089,0.5708,0.2332,0.2914,0.1718,19.0,15.9,16.9,3.4,0.4
13145,Georgia,GA,Harris County,0.0675,0.1982,0.0878,0.5969,0.0197,12.5,18.5,16.0,1.8,0.2
13147,Georgia,GA,Hart County,0.7681,0.6748,0.5323,0.6166,0.9119,23.2,22.4,19.3,6.6,0.7
13149,Georgia,GA,Heard County,0.6459,0.7709,0.9357,0.4496,0.1444,24.2,16.9,23.9,4.9,2.5
13151,Georgia,GA,Henry County,0.4018,0.4817,0.5536,0.9348,0.071,15.4,12.0,10.0,2.1,1.4
13153,Georgia,GA,Houston County,0.4887,0.4139,0.6277,0.8447,0.286,17.7,13.2,12.6,4.2,1.0
13155,Georgia,GA,Irwin County,0.8282,0.9456,0.231,0.6949,0.8342,34.7,18.3,9.1,6.8,0.2
13157,Georgia,GA,Jackson County,0.3264,0.3996,0.5017,0.5476,0.1438,17.3,14.4,14.0,2.9,1.5
13159,Georgia,GA,Jasper County,0.5492,0.7432,0.6618,0.6115,0.1397,24.9,17.3,15.9,3.1,0.8
13161,Georgia,GA,Jeff Davis County,0.8785,0.8603,0.9672,0.672,0.602,37.1,15.0,20.6,7.7,1.3
13163,Georgia,GA,Jefferson County,0.9583,0.8985,0.93,0.9115,0.902,33.6,18.4,15.3,9.1,1.9
13165,Georgia,GA,Jenkins County,0.8352,0.9109,0.5791,0.8151,0.6532,47.7,21.3,21.9,6.6,2.2
13167,Georgia,GA,Johnson County,0.9322,0.9201,0.657,0.7693,0.9723,38.0,19.6,19.9,5.3,0.5
13169,Georgia,GA,Jones County,0.3675,0.3802,0.2494,0.6624,0.3729,23.4,17.9,14.4,4.7,0.2
13171,Georgia,GA,Lamar County,0.4092,0.5931,0.063,0.7146,0.3703,23.7,17.5,16.2,3.0,0.0
13173,Georgia,GA,Lanier County,0.8011,0.8457,0.4623,0.7127,0.7805,44.8,14.5,14.3,5.5,1.8
13175,Georgia,GA,Laurens County,0.9014,0.9284,0.9147,0.8066,0.6332,35.3,18.0,16.2,6.4,0.8
13177,Georgia,GA,Lee County,0.2606,0.1575,0.5046,0.6847,0.2415,15.1,13.0,11.9,3.0,0.7
13179,Georgia,GA,Liberty County,0.9007,0.8167,0.8431,0.9322,0.86,25.6,9.5,15.5,5.5,1.1
13181,Georgia,GA,Lincoln County,0.5488,0.6227,0.6529,0.6993,0.2272,25.5,24.8,18.8,7.3,0.1
13183,Georgia,GA,Long County,0.8851,0.8298,0.9233,0.8225,0.7267,24.4,9.2,21.7,7.9,0.8
13185,Georgia,GA,Lowndes County,0.8702,0.8753,0.4655,0.8591,0.9192,31.0,12.7,11.5,7.5,0.8
13187,Georgia,GA,Lumpkin County,0.3608,0.7728,0.0121,0.2914,0.4057,25.9,18.0,12.7,2.6,0.7
13189,Georgia,GA,McDuffie County,0.6567,0.7353,0.5002,0.854,0.4076,28.8,17.9,12.3,4.8,0.1
13191,Georgia,GA,McIntosh County,0.7098,0.9112,0.3287,0.756,0.3952,34.5,28.9,23.2,6.6,0.1
13193,Georgia,GA,Macon County,0.9866,0.9994,0.7305,0.9494,0.9147,44.5,17.9,19.6,13.6,1.0
13195,Georgia,GA,Madison County,0.7423,0.9338,0.7251,0.5383,0.2622,30.1,17.7,18.1,4.0,0.9
13197,Georgia,GA,Marion County,0.8877,0.8072,0.9548,0.8008,0.7203,28.8,21.2,21.1,6.3,1.6
13199,Georgia,GA,Meriwether County,0.9074,0.9434,0.706,0.8139,0.8002,30.3,20.8,20.9,7.3,0.0
13201,Georgia,GA,Miller County,0.945,0.9462,0.8285,0.7105,0.9189,36.9,21.4,16.6,11.4,0.5
13205,Georgia,GA,Mitchell County,0.9914,0.9914,0.9316,0.8883,0.924,40.7,17.7,21.1,13.3,0.7
13207,Georgia,GA,Monroe County,0.329,0.3964,0.1031,0.6389,0.4168,20.6,18.7,15.4,2.0,0.4
13209,Georgia,GA,Montgomery County,0.7547,0.8858,0.5756,0.7191,0.4518,33.3,17.1,13.8,4.3,2.3
13211,Georgia,GA,Morgan County,0.266,0.231,0.3131,0.6332,0.2813,13.3,20.2,13.3,4.0,0.3
13213,Georgia,GA,Murray County,0.6847,0.7852,0.6061,0.525,0.4909,23.6,14.9,13.7,4.6,2.2
13215,Georgia,GA,Muscogee County,0.9446,0.9227,0.8705,0.9259,0.8581,29.0,14.1,17.2,10.3,0.9
13217,Georgia,GA,Newton County,0.6577,0.8059,0.7483,0.9084,0.1311,22.4,13.2,14.3,4.2,1.1
13219,Georgia,GA,Oconee County,0.0137,0.0299,0.2475,0.4741,0.0035,6.0,15.5,9.4,1.1,0.8
13221,Georgia,GA,Oglethorpe County,0.4645,0.4846,0.3936,0.615,0.3993,21.0,18.7,13.6,3.2,0.3
13223,Georgia,GA,Paulding County,0.1429,0.2603,0.3385,0.7165,0.0118,12.5,11.2,11.3,2.2,0.8
13225,Georgia,GA,Peach County,0.8772,0.8584,0.7171,0.8925,0.8202,25.7,16.4,17.0,6.2,1.2
13227,Georgia,GA,Pickens County,0.3392,0.489,0.4505,0.1753,0.2256,21.9,22.1,18.7,3.1,0.5
13229,Georgia,GA,Pierce County,0.3051,0.5062,0.2374,0.4588,0.1651,30.1,17.1,13.2,3.3,0.4
13231,Georgia,GA,Pike County,0.0665,0.3484,0.0204,0.3847,0.0293,14.3,15.7,11.6,2.5,0.1
13233,Georgia,GA,Polk County,0.8285,0.9023,0.931,0.6567,0.3688,28.4,15.4,16.9,5.8,2.8
13235,Georgia,GA,Pulaski County,0.9376,0.8126,0.7127,0.8164,0.9971,30.7,22.5,19.5,6.7,0.1
13237,Georgia,GA,Putnam County,0.5679,0.538,0.6211,0.7191,0.4248,25.2,24.9,20.5,3.2,0.8
13239,Georgia,GA,Quitman County,0.8202,0.9125,0.5466,0.9084,0.5625,30.4,34.8,26.7,14.3,0.8
13241,Georgia,GA,Rabun County,0.441,0.5784,0.3735,0.3503,0.328,25.7,28.3,20.4,4.3,0.1
13243,Georgia,GA,Randolph County,0.9882,0.9863,0.853,0.9577,0.9532,54.1,20.2,17.1,18.7,0.0
13245,Georgia,GA,Richmond County,0.9513,0.9513,0.7324,0.9494,0.9061,32.0,14.5,18.3,10.0,0.5
13247,Georgia,GA,Rockdale County,0.777,0.8536,0.7751,0.9695,0.3,24.6,15.1,12.4,3.6,2.7
13249,Georgia,GA,Schley County,0.4973,0.8081,0.2459,0.6013,0.1626,26.5,13.3,16.0,5.3,0.0
13251,Georgia,GA,Screven County,0.699,0.7471,0.4321,0.8279,0.5781,28.6,19.8,15.4,5.4,0.3
13253,Georgia,GA,Seminole County,0.8813,0.903,0.8552,0.7626,0.693,31.2,23.8,20.7,10.7,0.5
13255,Georgia,GA,Spalding County,0.8206,0.9278,0.7553,0.818,0.4085,28.3,18.4,14.2,7.3,0.7
13257,Georgia,GA,Stephens County,0.7836,0.8708,0.826,0.5094,0.4855,26.2,20.9,17.9,4.8,1.0
13259,Georgia,GA,Stewart County,0.9736,0.9395,0.8126,0.9803,0.9717,33.0,14.5,24.1,12.4,11.1
13261,Georgia,GA,Sumter County,0.9631,0.9647,0.6713,0.923,0.9596,34.5,16.9,13.4,10.6,1.1
13263,Georgia,GA,Talbot County,0.6923,0.8731,0.2463,0.9176,0.4324,33.2,25.9,23.3,11.6,0.0
13265,Georgia,GA,Taliaferro County,0.692,0.7098,0.6892,0.9418,0.3732,27.3,28.0,22.6,8.6,0.0
13267,Georgia,GA,Tattnall County,0.9287,0.9313,0.7219,0.819,0.9217,34.0,14.3,18.0,6.2,2.6
13269,Georgia,GA,Taylor County,0.9555,0.9873,0.7381,0.8021,0.8339,44.5,20.9,19.6,10.1,0.3
13271,Georgia,GA,Telfair County,0.9765,0.7273,0.9978,0.8867,0.9841,45.2,17.6,23.4,11.1,5.4
13273,Georgia,GA,Terrell County,0.9809,0.9885,0.6853,0.9399,0.9704,39.7,19.8,15.1,11.8,0.2
13275,Georgia,GA,Thomas County,0.8158,0.8966,0.9408,0.805,0.2243,28.0,18.3,18.3,4.4,0.9
13277,Georgia,GA,Tift County,0.8759,0.8193,0.7388,0.8428,0.8727,32.0,15.3,10.8,8.2,2.0
13279,Georgia,GA,Toombs County,0.9857,0.9752,0.9777,0.7989,0.8743,34.5,17.0,17.8,10.3,2.7
13281,Georgia,GA,Towns County,0.5622,0.7607,0.2141,0.119,0.6911,26.8,35.5,18.6,3.4,0.2
13283,Georgia,GA,Treutlen County,0.9389,0.9943,0.8161,0.714,0.685,43.8,20.4,22.2,9.9,0.0
13285,Georgia,GA,Troup County,0.9023,0.8145,0.8613,0.8304,0.896,29.7,15.4,16.9,9.2,1.0
13287,Georgia,GA,Turner County,0.9675,0.9911,0.9768,0.8428,0.5581,41.4,18.6,19.5,9.5,2.8
13289,Georgia,GA,Twiggs County,0.6538,0.5625,0.6395,0.8304,0.566,23.6,23.4,21.2,7.8,0.9
13291,Georgia,GA,Union County,0.4932,0.448,0.3506,0.1572,0.7986,21.9,33.7,19.2,5.0,0.6
13293,Georgia,GA,Upson County,0.6468,0.7938,0.4642,0.7066,0.378,31.4,18.2,16.6,11.9,0.1
13295,Georgia,GA,Walker County,0.6796,0.8215,0.6624,0.2914,0.4776,25.8,18.8,19.6,5.3,0.2
13297,Georgia,GA,Walton County,0.4095,0.6656,0.4432,0.6503,0.0598,20.5,15.9,13.1,2.6,0.9
13299,Georgia,GA,Ware County,0.9596,0.9198,0.804,0.756,0.9825,35.5,17.1,13.7,10.9,0.9
13301,Georgia,GA,Warren County,0.8123,0.7836,0.8158,0.9259,0.5418,29.9,22.7,18.2,7.1,0.4
13303,Georgia,GA,Washington County,0.9115,0.8734,0.6573,0.9103,0.9485,35.6,18.2,17.1,8.5,0.4
13305,Georgia,GA,Wayne County,0.9434,0.9558,0.8473,0.658,0.8896,35.7,16.2,17.3,6.8,0.7
13307,Georgia,GA,Webster County,0.8447,0.9984,0.4305,0.9259,0.3035,36.7,17.8,14.6,4.9,3.3
13309,Georgia,GA,Wheeler County,0.7716,0.9653,0.0038,0.8263,0.9796,39.1,15.2,9.8,7.1,0.2
13311,Georgia,GA,White County,0.3455,0.4009,0.2195,0.2692,0.5049,18.7,22.9,16.3,4.3,0.2
13313,Georgia,GA,Whitfield County,0.8836,0.8766,0.8266,0.8139,0.7668,24.4,14.2,11.7,5.1,7.8
13315,Georgia,GA,Wilcox County,0.8212,0.8501,0.6262,0.7894,0.7044,34.5,19.2,12.9,6.5,3.1
13317,Georgia,GA,Wilkes County,0.6083,0.7954,0.5606,0.8632,0.1594,28.5,23.4,15.4,4.6,1.3
13319,Georgia,GA,Wilkinson County,0.784,0.8228,0.8234,0.8279,0.412,33.7,19.9,15.4,5.0,0.7
13321,Georgia,GA,Worth County,0.8571,0.938,0.8816,0.7019,0.4585,28.7,19.5,17.1,7.8,0.8
15001,Hawaii,HI,Hawaii County,0.636,0.4502,0.7894,0.9602,0.4881,21.6,22.2,15.3,5.0,2.8
15003,Hawaii,HI,Honolulu County,0.5708,0.2307,0.2638,0.9854,0.957,14.2,18.6,11.7,9.6,4.7
15005,Hawaii,HI,Kalawao County,0.1871,0.0983,0.0614,0.9723,0.4044,21.3,22.0,21.3,9.4,0.0
15007,Hawaii,HI,Kauai County,0.3964,0.2367,0.3446,0.9625,0.4566,15.4,21.2,11.1,4.3,3.0
15009,Hawaii,HI,Maui County,0.4938,0.2918,0.4003,0.9605,0.6032,15.0,19.3,10.4,4.4,2.6
16001,Idaho,ID,Ada County,0.1931,0.1559,0.161,0.4779,0.3767,14.7,15.3,11.1,3.5,1.1
16003,Idaho,ID,Adams County,0.2017,0.6268,0.1549,0.2959,0.0175,23.9,29.6,18.4,1.1,0.2
16005,Idaho,ID,Bannock County,0.4995,0.4403,0.4337,0.489,0.6125,23.8,14.7,15.1,5.0,0.5
16007,Idaho,ID,Bear Lake County,0.2024,0.2361,0.7105,0.182,0.0821,21.8,21.2,15.6,3.7,0.5
16009,Idaho,ID,Benewah County,0.6717,0.8123,0.6955,0.4588,0.3618,27.9,23.0,22.0,2.1,0.3
16011,Idaho,ID,Bingham County,0.5469,0.5517,0.7423,0.6249,0.2841,22.1,14.5,16.6,4.1,2.2
16013,Idaho,ID,Blaine County,0.4025,0.2523,0.6462,0.6516,0.385,12.7,20.3,10.1,1.9,7.7
16015,Idaho,ID,Boise County,0.1075,0.1578,0.1292,0.3961,0.1346,17.1,26.9,13.8,2.9,0.8
16017,Idaho,ID,Bonner County,0.412,0.4655,0.3318,0.2692,0.4954,21.1,25.7,17.3,4.3,0.3
16019,Idaho,ID,Bonneville County,0.4473,0.4101,0.5915,0.504,0.3703,19.3,13.4,14.2,4.1,1.1
16021,Idaho,ID,Boundary County,0.5037,0.657,0.5199,0.3388,0.3067,25.7,23.6,16.9,1.7,0.4
16023,Idaho,ID,Butte County,0.7009,0.5186,0.9959,0.328,0.4267,35.0,22.0,19.1,6.0,1.6
16025,Idaho,ID,Camas County,0.3271,0.5348,0.3824,0.5406,0.0907,13.4,13.4,15.5,1.5,1.6
16027,Idaho,ID,Canyon County,0.6217,0.5647,0.7311,0.6885,0.4623,19.9,14.2,14.9,3.3,2.9
16029,Idaho,ID,Caribou County,0.1231,0.2332,0.0512,0.3118,0.2039,14.3,17.0,12.2,3.0,0.1
16031,Idaho,ID,Cassia County,0.56,0.5103,0.5367,0.6971,0.5208,23.9,14.1,13.2,4.0,3.9
16033,Idaho,ID,Clark County,0.5412,0.8206,0.2068,0.8829,0.1607,23.8,16.5,14.9,0.0,21.7
16035,Idaho,ID,Clearwater County,0.5912,0.4709,0.5272,0.3388,0.8349,21.7,28.4,22.6,5.4,0.8
16037,Idaho,ID,Custer County,0.3713,0.4556,0.434,0.3166,0.3016,20.8,33.6,26.9,3.7,0.5
16039,Idaho,ID,Elmore County,0.8155,0.8804,0.6745,0.6538,0.6503,27.1,14.0,16.5,4.8,3.1
16041,Idaho,ID,Franklin County,0.1101,0.3035,0.1002,0.2879,0.0627,18.7,14.2,13.6,1.8,0.4
16043,Idaho,ID,Fremont County,0.5504,0.475,0.8002,0.4658,0.4333,19.5,17.8,18.0,2.1,3.1
16045,Idaho,ID,Gem County,0.6153,0.3054,0.9815,0.4356,0.5657,16.7,22.2,18.6,4.8,2.2
16047,Idaho,ID,Gooding County,0.8059,0.7477,0.8686,0.7165,0.6408,24.4,17.7,16.4,5.6,5.5
16049,Idaho,ID,Idaho County,0.5199,0.5915,0.5593,0.2816,0.4489,25.1,28.3,18.0,1.4,1.0
16051,Idaho,ID,Jefferson County,0.1212,0.1699,0.2313,0.4085,0.098,19.5,11.4,10.7,1.2,1.8
16053,Idaho,ID,Jerome County,0.5826,0.7057,0.6666,0.8005,0.1801,26.9,12.7,11.9,3.4,11.3
16055,Idaho,ID,Kootenai County,0.2746,0.3544,0.2071,0.3675,0.322,18.3,19.4,14.8,4.3,0.3
16057,Idaho,ID,Latah County,0.2825,0.4518,0.0035,0.3847,0.8097,22.7,14.4,12.3,4.1,0.2
16059,Idaho,ID,Lemhi County,0.4073,0.3579,0.5555,0.1985,0.5212,19.1,30.5,20.7,5.0,0.6
16061,Idaho,ID,Lewis County,0.7146,0.7261,0.9217,0.5183,0.3557,30.8,27.9,24.5,4.6,1.7
16063,Idaho,ID,Lincoln County,0.6742,0.7738,0.7146,0.7359,0.2784,24.5,14.4,13.3,0.7,5.6
16065,Idaho,ID,Madison County,0.4318,0.7264,0.0016,0.4057,0.8657,42.0,5.5,6.6,2.8,0.4
16067,Idaho,ID,Minidoka County,0.5978,0.6118,0.5931,0.7725,0.3913,22.9,15.8,12.3,4.4,5.9
16069,Idaho,ID,Nez Perce County,0.5892,0.4378,0.5565,0.4018,0.8333,22.8,20.3,17.7,6.9,0.6
16071,Idaho,ID,Oneida County,0.0792,0.1149,0.4814,0.182,0.0395,19.3,19.8,15.2,1.6,0.6
16073,Idaho,ID,Owyhee County,0.7432,0.5892,0.9828,0.6872,0.3968,25.1,18.4,17.4,2.7,7.0
16075,Idaho,ID,Payette County,0.6713,0.5689,0.9271,0.5927,0.4197,25.6,19.1,16.9,3.3,2.8
16077,Idaho,ID,Power County,0.762,0.7747,0.8616,0.776,0.3926,27.7,15.4,12.0,3.9,8.0
16079,Idaho,ID,Shoshone County,0.7493,0.8416,0.7359,0.3166,0.5877,32.0,23.0,25.4,4.7,0.4
16081,Idaho,ID,Teton County,0.2052,0.4041,0.0932,0.5294,0.1266,17.9,12.8,5.6,1.3,1.8
16083,Idaho,ID,Twin Falls County,0.5756,0.6185,0.6405,0.5854,0.3837,23.3,16.1,13.4,3.5,2.6
16085,Idaho,ID,Valley County,0.1365,0.482,0.043,0.0025,0.1196,26.6,26.2,13.6,3.9,0.2
16087,Idaho,ID,Washington County,0.9093,0.8186,0.9987,0.5501,0.6577,34.7,25.8,18.5,5.9,3.2
17001,Illinois,IL,Adams County,0.2965,0.1343,0.4849,0.2628,0.6481,21.1,20.1,17.0,7.2,0.1
17003,Illinois,IL,Alexander County,0.8941,0.9052,0.8521,0.7423,0.7509,34.2,23.5,23.9,10.6,0.0
17005,Illinois,IL,Bond County,0.5253,0.3159,0.2167,0.3888,0.9736,24.3,18.1,17.9,8.4,0.1
17007,Illinois,IL,Boone County,0.4655,0.5189,0.6465,0.658,0.174,16.4,16.3,13.2,4.4,3.6
17009,Illinois,IL,Brown County,0.4753,0.2469,0.2199,0.6013,0.9144,23.2,14.8,19.9,6.3,1.1
17011,Illinois,IL,Bureau County,0.3544,0.4069,0.5644,0.4057,0.1973,21.4,22.3,14.2,5.8,1.0
17013,Illinois,IL,Calhoun County,0.0541,0.043,0.2297,0.0474,0.188,12.1,24.2,21.3,3.1,0.0
17015,Illinois,IL,Carroll County,0.2304,0.3271,0.1133,0.3118,0.3519,18.8,23.9,15.8,4.2,0.1
17017,Illinois,IL,Cass County,0.4998,0.3519,0.8148,0.6277,0.356,23.0,18.0,15.8,5.6,5.8
17019,Illinois,IL,Champaign County,0.4658,0.4388,0.0395,0.7226,0.8269,26.6,13.4,9.8,11.8,1.6
17021,Illinois,IL,Christian County,0.1966,0.2329,0.2173,0.1508,0.3509,20.8,19.5,15.0,5.0,0.3
17023,Illinois,IL,Clark County,0.0745,0.1553,0.1642,0.015,0.1238,17.5,19.5,13.4,5.1,0.1
17025,Illinois,IL,Clay County,0.5813,0.5196,0.8673,0.0407,0.5956,26.4,20.6,18.5,5.3,0.8
17027,Illinois,IL,Clinton County,0.1168,0.0754,0.0951,0.2444,0.4664,14.9,17.7,14.5,3.2,0.5
17029,Illinois,IL,Coles County,0.5574,0.6892,0.0566,0.2984,0.8941,28.3,18.0,17.2,7.5,0.2
17031,Illinois,IL,Cook County,0.7964,0.7754,0.3926,0.9138,0.8298,21.1,15.2,10.8,17.7,6.4
17033,Illinois,IL,Crawford County,0.1919,0.1709,0.1635,0.2587,0.4467,17.9,19.4,16.0,5.4,0.4
17035,Illinois,IL,Cumberland County,0.015,0.0347,0.1511,0.0191,0.0318,16.0,20.4,14.5,3.0,0.4
17037,Illinois,IL,DeKalb County,0.5523,0.5087,0.2329,0.6166,0.7604,21.9,13.5,11.0,6.6,1.8
17039,Illinois,IL,De Witt County,0.0493,0.1941,0.0751,0.0881,0.0538,20.2,19.6,13.1,3.4,0.0
17041,Illinois,IL,Douglas County,0.4578,0.447,0.4454,0.3322,0.5492,18.1,18.5,13.3,12.1,0.9
17043,Illinois,IL,DuPage County,0.2284,0.1632,0.1667,0.7296,0.3579,10.7,16.4,8.2,4.2,3.6
17045,Illinois,IL,Edgar County,0.343,0.3067,0.3875,0.0099,0.6402,23.6,23.3,17.8,7.4,0.2
17047,Illinois,IL,Edwards County,0.3058,0.3789,0.8632,0.0299,0.1037,22.8,21.6,18.4,4.6,0.9
17049,Illinois,IL,Effingham County,0.2081,0.0452,0.6032,0.0455,0.6169,17.4,17.9,14.3,6.2,1.1
17051,Illinois,IL,Fayette County,0.5644,0.4391,0.6207,0.3118,0.7789,24.0,19.2,18.2,5.6,1.0
17053,Illinois,IL,Ford County,0.3824,0.3449,0.5667,0.2536,0.4263,20.8,18.7,15.4,7.5,0.5
17055,Illinois,IL,Franklin County,0.4871,0.6704,0.4948,0.0579,0.4025,30.3,20.5,20.0,7.0,0.1
17057,Illinois,IL,Fulton County,0.2106,0.4343,0.0754,0.2109,0.2399,24.4,20.6,14.1,5.0,0.1
17059,Illinois,IL,Gallatin County,0.4521,0.4572,0.8078,0.0932,0.3408,29.3,24.7,22.8,7.7,0.1
17061,Illinois,IL,Greene County,0.1044,0.2043,0.3996,0.0099,0.0592,23.4,20.0,17.5,3.5,0.0
17063,Illinois,IL,Grundy County,0.0773,0.0865,0.2043,0.4518,0.0891,12.2,14.4,8.8,4.3,0.5
17065,Illinois,IL,Hamilton County,0.3029,0.4213,0.6507,0.0474,0.1794,25.2,22.1,22.0,4.5,0.1
17067,Illinois,IL,Hancock County,0.0885,0.1285,0.5577,0.0474,0.0484,21.5,23.7,18.6,4.2,0.2
17069,Illinois,IL,Hardin County,0.2383,0.1696,0.5301,0.0073,0.4588,22.3,31.0,29.5,8.3,0.3
17071,Illinois,IL,Henderson County,0.0391,0.1543,0.1438,0.0821,0.0204,17.4,26.0,17.3,2.9,0.1
17073,Illinois,IL,Henry County,0.126,0.0916,0.447,0.3388,0.1339,15.5,21.0,13.5,6.2,0.5
17075,Illinois,IL,Iroquois County,0.2673,0.4092,0.6456,0.3388,0.0573,22.2,21.8,17.5,4.4,1.3
17077,Illinois,IL,Jackson County,0.8479,0.8225,0.3452,0.6316,0.9863,36.4,16.0,16.4,11.4,0.9
17079,Illinois,IL,Jasper County,0.0875,0.1352,0.3239,0.0115,0.1139,16.7,20.0,16.8,4.5,0.4
17081,Illinois,IL,Jefferson County,0.7117,0.503,0.8164,0.4445,0.8406,22.8,19.6,18.9,6.2,0.4
17083,Illinois,IL,Jersey County,0.0318,0.0541,0.1152,0.0407,0.0986,15.1,19.9,14.8,4.1,0.2
17085,Illinois,IL,Jo Daviess County,0.076,0.092,0.272,0.1276,0.1295,15.2,28.9,15.2,7.2,0.2
17087,Illinois,IL,Johnson County,0.3834,0.2969,0.3716,0.503,0.5259,22.7,19.6,16.8,4.1,0.4
17089,Illinois,IL,Kane County,0.5084,0.4823,0.5033,0.8263,0.3427,14.3,14.5,9.1,4.7,5.4
17091,Illinois,IL,Kankakee County,0.7241,0.5695,0.7206,0.6656,0.7652,23.6,17.2,14.6,6.9,1.0
17093,Illinois,IL,Kendall County,0.0996,0.0694,0.4537,0.7251,0.0331,7.8,10.8,7.3,2.1,2.3
17095,Illinois,IL,Knox County,0.644,0.6074,0.4397,0.504,0.7731,27.4,21.8,15.0,9.5,0.8
17097,Illinois,IL,Lake County,0.475,0.3086,0.3847,0.7941,0.6118,13.5,15.0,9.7,5.1,4.3
17099,Illinois,IL,LaSalle County,0.3894,0.301,0.5142,0.4588,0.4556,19.6,19.1,13.6,5.9,1.2
17101,Illinois,IL,Lawrence County,0.5657,0.6039,0.4995,0.434,0.5533,24.0,17.8,19.4,4.1,1.3
17103,Illinois,IL,Lee County,0.3777,0.2501,0.3745,0.4222,0.6332,20.1,20.5,16.6,7.8,0.5
17105,Illinois,IL,Livingston County,0.328,0.1842,0.5301,0.3248,0.5606,19.1,19.8,14.9,5.2,0.2
17107,Illinois,IL,Logan County,0.2921,0.1912,0.1409,0.3847,0.7238,18.2,18.9,15.4,7.0,0.1
17109,Illinois,IL,McDonough County,0.539,0.6672,0.0646,0.3847,0.8123,31.3,18.8,14.8,9.7,0.3
17111,Illinois,IL,McHenry County,0.0923,0.1403,0.2431,0.5472,0.041,9.9,15.5,9.7,3.8,1.9
17113,Illinois,IL,McLean County,0.1903,0.1168,0.0573,0.552,0.6029,20.2,13.9,9.5,5.9,0.8
17115,Illinois,IL,Macon County,0.5396,0.3971,0.511,0.6102,0.6755,23.6,20.3,14.2,9.6,0.4
17117,Illinois,IL,Macoupin County,0.1161,0.2386,0.2561,0.0525,0.1009,22.7,20.7,15.7,4.6,0.2
17119,Illinois,IL,Madison County,0.2561,0.2663,0.3175,0.4658,0.2625,18.7,17.7,15.7,5.6,0.4
17121,Illinois,IL,Marion County,0.6036,0.567,0.721,0.2816,0.6204,26.2,19.7,18.2,6.9,0.2
17123,Illinois,IL,Marshall County,0.0894,0.1467,0.2536,0.1572,0.0993,20.0,23.5,14.8,3.7,0.3
17125,Illinois,IL,Mason County,0.1254,0.2568,0.1823,0.021,0.1409,21.9,22.9,17.5,5.3,0.0
17127,Illinois,IL,Massac County,0.5625,0.5476,0.6389,0.3977,0.5444,26.7,20.7,20.7,4.3,0.1
17129,Illinois,IL,Menard County,0.0283,0.0522,0.3834,0.0474,0.0162,15.5,20.0,15.6,4.0,0.2
17131,Illinois,IL,Mercer County,0.064,0.1419,0.2762,0.0932,0.048,19.3,21.5,14.1,5.0,0.4
17133,Illinois,IL,Monroe County,0.001,0.0016,0.0465,0.0299,0.0083,7.5,18.4,11.1,3.5,0.2
17135,Illinois,IL,Montgomery County,0.3191,0.343,0.1492,0.1861,0.6382,21.6,20.9,17.3,6.8,0.2
17137,Illinois,IL,Morgan County,0.4935,0.5052,0.3156,0.3563,0.6421,23.8,20.6,17.8,7.4,0.1
17139,Illinois,IL,Moultrie County,0.4827,0.3926,0.4298,0.0229,0.8476,17.2,18.8,13.2,11.9,0.1
17141,Illinois,IL,Ogle County,0.3131,0.2539,0.5982,0.4378,0.28,17.2,19.3,14.8,6.8,1.2
17143,Illinois,IL,Peoria County,0.6656,0.5444,0.6446,0.6923,0.7041,24.3,17.7,13.1,8.6,1.1
17145,Illinois,IL,Perry County,0.6001,0.4677,0.545,0.4057,0.8263,26.0,19.5,21.5,7.1,0.1
17147,Illinois,IL,Piatt County,0.0045,0.0745,0.042,0.0299,0.0086,12.4,20.3,12.3,2.4,0.2
17149,Illinois,IL,Pike County,0.2771,0.2988,0.8091,0.0337,0.1581,23.6,21.5,17.4,4.2,0.3
17151,Illinois,IL,Pope County,0.3277,0.391,0.2657,0.3086,0.4114,23.5,24.9,19.9,5.9,0.1
17153,Illinois,IL,Pulaski County,0.6357,0.5256,0.7111,0.749,0.5428,36.8,22.6,24.6,8.6,0.4
17155,Illinois,IL,Putnam County,0.0048,0.014,0.2269,0.2536,0.0032,11.5,23.5,16.3,3.4,0.2
17157,Illinois,IL,Randolph County,0.4897,0.3077,0.6322,0.3939,0.6869,20.2,20.4,19.9,7.1,0.5
17159,Illinois,IL,Richland County,0.413,0.189,0.8995,0.0881,0.5577,22.3,20.2,17.7,7.4,1.4
17161,Illinois,IL,Rock Island County,0.7556,0.5816,0.8482,0.6701,0.7385,23.5,19.8,14.1,8.7,2.1
17163,Illinois,IL,St. Clair County,0.532,0.4438,0.5902,0.7821,0.4505,20.7,16.4,15.0,7.3,0.5
17165,Illinois,IL,Saline County,0.6557,0.5934,0.7372,0.2109,0.7506,27.8,20.6,23.8,9.2,0.2
17167,Illinois,IL,Sangamon County,0.4041,0.2437,0.4531,0.546,0.5978,19.8,18.5,13.2,7.4,0.5
17169,Illinois,IL,Schuyler County,0.4957,0.4674,0.7719,0.2323,0.4238,25.3,24.3,20.6,3.4,1.0
17171,Illinois,IL,Scott County,0.0512,0.0652,0.4976,0.0264,0.0455,18.2,20.8,15.8,4.6,0.2
17173,Illinois,IL,Shelby County,0.1069,0.0935,0.259,0.0099,0.2953,18.9,22.9,15.1,5.1,0.1
17175,Illinois,IL,Stark County,0.0579,0.2059,0.2351,0.1457,0.014,19.2,22.7,14.7,4.4,0.6
17177,Illinois,IL,Stephenson County,0.5218,0.4668,0.6621,0.5119,0.4537,23.3,23.7,16.4,8.6,0.5
17179,Illinois,IL,Tazewell County,0.1085,0.1075,0.1311,0.1572,0.3204,16.0,19.3,12.4,5.8,0.3
17181,Illinois,IL,Union County,0.602,0.6631,0.4378,0.265,0.7063,27.1,22.8,20.2,9.9,0.4
17183,Illinois,IL,Vermilion County,0.6806,0.5116,0.8231,0.5679,0.6904,27.4,19.8,14.5,8.9,0.6
17185,Illinois,IL,Wabash County,0.4209,0.2294,0.7712,0.1928,0.6045,24.7,21.9,20.6,10.5,0.5
17187,Illinois,IL,Warren County,0.5441,0.4661,0.7143,0.4973,0.4948,23.2,19.4,13.8,5.6,3.0
17189,Illinois,IL,Washington County,0.0347,0.0885,0.1168,0.0379,0.0585,14.8,20.8,13.8,3.1,0.2
17191,Illinois,IL,Wayne County,0.4843,0.4811,0.6468,0.0229,0.5772,25.7,21.8,17.9,8.0,0.2
17193,Illinois,IL,White County,0.3999,0.4209,0.6577,0.0191,0.4193,26.9,23.3,20.3,7.3,0.0
17195,Illinois,IL,Whiteside County,0.3236,0.2669,0.7652,0.4814,0.1661,19.3,21.0,14.4,5.2,1.0
17197,Illinois,IL,Will County,0.244,0.2062,0.3904,0.7706,0.1559,11.4,13.7,9.5,3.5,3.1
17199,Illinois,IL,Williamson County,0.3948,0.3038,0.6192,0.3388,0.4553,22.2,19.2,18.3,7.1,0.5
17201,Illinois,IL,Winnebago County,0.7728,0.7502,0.8591,0.7127,0.5227,26.0,18.0,14.4,8.7,2.0
17203,Illinois,IL,Woodford County,0.0175,0.0515,0.0795,0.0675,0.057,13.6,18.4,10.4,3.4,0.1
18001,Indiana,IN,Adams County,0.5355,0.6411,0.2055,0.1654,0.7569,28.5,15.6,11.3,14.0,1.0
18003,Indiana,IN,Allen County,0.5374,0.4426,0.699,0.6468,0.4435,21.3,15.1,12.3,6.0,2.1
18005,Indiana,IN,Bartholomew County,0.287,0.167,0.5492,0.5415,0.3484,19.6,16.4,14.3,5.5,1.2
18007,Indiana,IN,Benton County,0.3369,0.3738,0.9074,0.2587,0.0678,27.1,17.3,18.2,3.4,0.9
18009,Indiana,IN,Blackford County,0.4801,0.6748,0.5972,0.0675,0.2975,30.3,21.4,21.3,9.7,0.0
18011,Indiana,IN,Boone County,0.0331,0.0251,0.2526,0.3446,0.0366,10.3,14.1,9.6,2.1,0.7
18013,Indiana,IN,Brown County,0.1712,0.2055,0.3261,0.0544,0.2542,16.5,25.4,16.3,3.5,0.5
18015,Indiana,IN,Carroll County,0.0821,0.2097,0.2084,0.1753,0.0458,17.1,20.2,15.1,3.9,0.4
18017,Indiana,IN,Cass County,0.5587,0.4528,0.8479,0.5797,0.3961,25.4,18.1,15.2,5.5,3.0
18019,Indiana,IN,Clark County,0.3093,0.2654,0.4171,0.504,0.3411,17.6,16.3,14.5,4.6,1.2
18021,Indiana,IN,Clay County,0.1718,0.1444,0.4496,0.0675,0.2873,19.2,18.2,17.0,3.3,0.1
18023,Indiana,IN,Clinton County,0.3443,0.335,0.587,0.5202,0.2094,19.3,16.4,11.3,4.8,3.3
18025,Indiana,IN,Crawford County,0.3124,0.5899,0.1247,0.0407,0.3449,33.2,20.0,18.3,5.3,0.1
18027,Indiana,IN,Daviess County,0.6239,0.5304,0.4136,0.328,0.9077,20.9,15.7,14.0,13.6,1.8
18029,Indiana,IN,Dearborn County,0.0312,0.0662,0.1241,0.0337,0.071,14.3,18.2,13.9,4.3,0.2
18031,Indiana,IN,Decatur County,0.0159,0.0725,0.0229,0.1094,0.0659,16.5,17.4,12.3,2.8,0.0
18033,Indiana,IN,DeKalb County,0.1384,0.1667,0.2138,0.0821,0.2934,16.5,16.6,13.1,5.0,0.2
18035,Indiana,IN,Delaware County,0.6309,0.7226,0.2116,0.413,0.7903,31.4,17.3,18.2,7.7,0.2
18037,Indiana,IN,Dubois County,0.1619,0.0697,0.461,0.335,0.3067,15.4,17.8,10.9,4.9,1.6
18039,Indiana,IN,Elkhart County,0.8132,0.7245,0.7852,0.6287,0.819,22.1,15.2,12.6,8.4,2.2
18041,Indiana,IN,Fayette County,0.6293,0.7022,0.8454,0.1037,0.4703,28.6,20.4,22.2,7.7,0.4
18043,Indiana,IN,Floyd County,0.1915,0.1333,0.412,0.3888,0.2641,15.3,16.7,13.8,5.7,0.6
18045,Indiana,IN,Fountain County,0.2924,0.4629,0.7318,0.0821,0.0795,19.9,19.8,17.8,4.6,0.4
18047,Indiana,IN,Franklin County,0.1199,0.0872,0.2335,0.015,0.3996,15.3,19.2,13.6,7.1,0.9
18049,Indiana,IN,Fulton County,0.5415,0.6577,0.6293,0.2854,0.3802,22.6,19.8,16.0,6.0,0.7
18051,Indiana,IN,Gibson County,0.2342,0.0986,0.3548,0.2536,0.616,17.8,17.4,15.7,3.9,0.5
18053,Indiana,IN,Grant County,0.7649,0.6965,0.6666,0.4537,0.8683,27.6,19.0,19.7,7.9,0.4
18055,Indiana,IN,Greene County,0.5275,0.6491,0.5514,0.0299,0.5332,24.8,19.7,20.2,6.1,0.5
18057,Indiana,IN,Hamilton County,0.0302,0.0064,0.2682,0.5081,0.034,7.4,13.1,7.9,2.2,1.3
18059,Indiana,IN,Hancock County,0.0185,0.0598,0.1085,0.2781,0.0178,10.3,17.1,12.6,3.0,0.5
18061,Indiana,IN,Harrison County,0.1009,0.1117,0.09,0.0544,0.3815,15.1,18.3,16.1,4.8,0.2
18063,Indiana,IN,Hendricks County,0.0904,0.0334,0.2819,0.5148,0.168,9.4,14.4,9.5,2.7,1.2
18065,Indiana,IN,Henry County,0.3045,0.3414,0.3121,0.1696,0.4521,21.9,19.1,19.6,4.4,0.2
18067,Indiana,IN,Howard County,0.4505,0.4193,0.7238,0.4604,0.28,21.7,19.4,17.3,6.6,0.3
18069,Indiana,IN,Huntington County,0.1362,0.1766,0.2052,0.1152,0.2428,21.0,17.8,14.4,3.2,0.7
18071,Indiana,IN,Jackson County,0.4556,0.3134,0.5956,0.4057,0.5972,21.6,16.6,14.8,5.8,2.7
18073,Indiana,IN,Jasper County,0.1005,0.0939,0.4489,0.342,0.0659,14.7,18.0,15.6,2.9,0.6
18075,Indiana,IN,Jay County,0.4626,0.5762,0.5749,0.0881,0.3964,25.5,18.1,17.5,9.7,0.4
18077,Indiana,IN,Jefferson County,0.5832,0.4633,0.531,0.2062,0.8848,21.4,18.5,19.2,5.3,0.4
18079,Indiana,IN,Jennings County,0.3573,0.4645,0.497,0.0932,0.308,21.3,16.7,19.1,3.8,0.4
18081,Indiana,IN,Johnson County,0.1117,0.1451,0.1645,0.3977,0.1387,13.5,15.3,10.9,3.1,0.8
18083,Indiana,IN,Knox County,0.497,0.2953,0.7938,0.265,0.6561,21.8,18.1,17.4,7.0,1.4
18085,Indiana,IN,Kosciusko County,0.3926,0.314,0.5797,0.3917,0.4311,17.0,17.4,13.6,5.0,1.4
18087,Indiana,IN,LaGrange County,0.3961,0.4251,0.4782,0.1152,0.4862,11.3,13.9,10.9,27.3,3.3
18089,Indiana,IN,Lake County,0.7031,0.6258,0.7824,0.8549,0.4731,23.0,17.1,13.3,7.6,1.8
18091,Indiana,IN,LaPorte County,0.5046,0.4295,0.4155,0.5667,0.615,22.9,18.5,14.3,5.3,0.5
18093,Indiana,IN,Lawrence County,0.2981,0.2529,0.3866,0.0757,0.574,19.9,20.0,18.1,5.9,0.2
18095,Indiana,IN,Madison County,0.5985,0.5619,0.6643,0.4636,0.5689,23.0,18.5,19.7,6.6,0.4
18097,Indiana,IN,Marion County,0.826,0.8132,0.7814,0.8565,0.6287,25.9,12.8,13.5,8.2,3.2
18099,Indiana,IN,Marshall County,0.4493,0.4648,0.4617,0.3939,0.4473,20.9,18.1,12.5,6.1,1.7
18101,Indiana,IN,Martin County,0.1613,0.1909,0.1228,0.0675,0.4365,20.2,20.1,16.6,3.7,0.0
18103,Indiana,IN,Miami County,0.3904,0.5021,0.2479,0.3748,0.4038,23.6,17.7,15.7,5.6,0.3
18105,Indiana,IN,Monroe County,0.4302,0.5619,0.0076,0.4779,0.8877,27.2,13.8,11.1,7.5,0.8
18107,Indiana,IN,Montgomery County,0.455,0.3948,0.6475,0.2816,0.4846,22.5,18.3,15.8,5.8,1.0
18109,Indiana,IN,Morgan County,0.0538,0.1521,0.1712,0.0675,0.0566,14.5,17.3,14.9,3.0,0.2
18111,Indiana,IN,Newton County,0.3229,0.566,0.7331,0.3388,0.0226,19.1,19.5,17.8,3.1,0.8
18113,Indiana,IN,Noble County,0.5418,0.3828,0.5883,0.4085,0.7502,16.4,16.4,13.9,9.3,2.1
18115,Indiana,IN,Ohio County,0.1734,0.0869,0.4031,0.0579,0.4785,16.1,22.3,17.2,4.9,0.0
18117,Indiana,IN,Orange County,0.5791,0.4601,0.8384,0.1339,0.692,24.4,19.9,19.8,6.0,0.2
18119,Indiana,IN,Owen County,0.238,0.574,0.188,0.0299,0.1241,23.6,20.5,19.8,2.8,0.1
18121,Indiana,IN,Parke County,0.6424,0.7038,0.2307,0.0757,0.9472,26.2,20.1,15.7,8.2,0.4
18123,Indiana,IN,Perry County,0.3182,0.2084,0.0426,0.1457,0.9682,18.1,18.7,14.9,5.9,0.1
18125,Indiana,IN,Pike County,0.0465,0.1056,0.0436,0.0264,0.1944,19.7,20.9,14.7,3.5,0.0
18127,Indiana,IN,Porter County,0.1374,0.1473,0.1152,0.5148,0.2218,15.0,17.2,11.4,3.7,0.6
18129,Indiana,IN,Posey County,0.0092,0.0331,0.0439,0.0525,0.0547,15.0,19.8,12.1,4.1,0.0
18131,Indiana,IN,Pulaski County,0.3866,0.4257,0.5711,0.1753,0.3573,21.9,20.7,17.6,7.0,0.2
18133,Indiana,IN,Putnam County,0.1502,0.1129,0.0554,0.2364,0.6134,17.1,17.0,14.4,3.9,0.5
18135,Indiana,IN,Randolph County,0.5113,0.4321,0.881,0.2164,0.4101,22.9,20.3,20.6,5.5,0.5
18137,Indiana,IN,Ripley County,0.2062,0.2017,0.1654,0.0544,0.5447,14.9,18.4,13.7,4.8,0.1
18139,Indiana,IN,Rush County,0.2125,0.5791,0.1604,0.0525,0.0843,24.9,18.6,16.8,4.2,0.3
18141,Indiana,IN,St. Joseph County,0.6134,0.5167,0.5358,0.6567,0.6882,23.3,16.3,13.4,6.8,1.1
18143,Indiana,IN,Scott County,0.5807,0.6723,0.5052,0.0983,0.6662,26.6,17.1,22.8,4.4,0.1
18145,Indiana,IN,Shelby County,0.2832,0.2641,0.3427,0.2364,0.4528,19.7,17.6,14.8,5.4,1.0
18147,Indiana,IN,Spencer County,0.0369,0.0665,0.1063,0.1037,0.097,17.2,20.1,13.4,3.8,0.3
18149,Indiana,IN,Starke County,0.2829,0.4658,0.4413,0.2109,0.1355,25.0,18.8,18.5,5.4,0.4
18151,Indiana,IN,Steuben County,0.1651,0.2297,0.0538,0.1753,0.4582,16.8,21.0,14.0,5.1,0.3
18153,Indiana,IN,Sullivan County,0.574,0.4992,0.5476,0.2536,0.7887,27.0,18.2,17.6,4.7,0.5
18155,Indiana,IN,Switzerland County,0.5886,0.6379,0.7432,0.0757,0.5514,24.3,18.0,20.9,6.9,0.5
18157,Indiana,IN,Tippecanoe County,0.5087,0.5107,0.0477,0.6211,0.8594,28.3,11.8,9.4,8.6,1.6
18159,Indiana,IN,Tipton County,0.0382,0.1849,0.0617,0.0821,0.0325,17.8,21.4,13.6,1.2,0.0
18161,Indiana,IN,Union County,0.0897,0.3169,0.1903,0.0757,0.0267,16.0,20.2,14.4,4.1,0.2
18163,Indiana,IN,Vanderburgh County,0.5612,0.5415,0.4518,0.4948,0.636,23.2,17.6,15.4,8.0,0.5
18165,Indiana,IN,Vermillion County,0.391,0.3777,0.7626,0.0264,0.3598,25.1,19.9,18.6,4.0,0.3
18167,Indiana,IN,Vigo County,0.7286,0.776,0.3185,0.434,0.8711,30.2,16.8,16.6,7.1,0.5
18169,Indiana,IN,Wabash County,0.147,0.1775,0.1947,0.1276,0.2905,20.8,21.2,15.2,4.4,0.0
18171,Indiana,IN,Warren County,0.0315,0.0646,0.1849,0.0544,0.0477,17.1,20.8,18.0,2.9,0.1
18173,Indiana,IN,Warrick County,0.0194,0.0099,0.2084,0.2587,0.0465,10.3,18.2,12.1,1.9,0.5
18175,Indiana,IN,Washington County,0.3382,0.4594,0.4696,0.0229,0.3268,24.7,17.8,16.5,6.1,0.1
18177,Indiana,IN,Wayne County,0.7515,0.7035,0.9084,0.377,0.63,26.4,19.1,18.0,8.1,1.1
18179,Indiana,IN,Wells County,0.0531,0.064,0.293,0.1457,0.0878,14.9,18.2,12.5,3.2,0.6
18181,Indiana,IN,White County,0.2221,0.2851,0.6058,0.3484,0.0773,16.2,20.3,14.7,2.5,1.7
18183,Indiana,IN,Whitley County,0.0735,0.1588,0.2014,0.1339,0.0732,15.0,18.2,13.7,3.7,0.1
19001,Iowa,IA,Adair County,0.0554,0.1133,0.1861,0.0881,0.0872,21.3,22.2,14.6,4.5,0.0
19003,Iowa,IA,Adams County,0.091,0.1257,0.3484,0.0821,0.1098,17.3,23.0,14.7,4.4,0.1
19005,Iowa,IA,Allamakee County,0.2164,0.1505,0.5982,0.3166,0.2269,19.6,22.7,11.7,4.0,3.3
19007,Iowa,IA,Appanoose County,0.4547,0.6634,0.3783,0.1094,0.3738,30.2,23.5,17.7,6.5,0.2
19009,Iowa,IA,Audubon County,0.0611,0.0846,0.3843,0.0579,0.0706,20.4,24.7,13.6,7.1,0.2
19011,Iowa,IA,Benton County,0.007,0.0092,0.125,0.0474,0.0283,13.9,18.8,11.7,3.2,0.3
19013,Iowa,IA,Black Hawk County,0.5667,0.4308,0.441,0.5383,0.7992,24.2,17.1,13.8,7.3,1.8
19015,Iowa,IA,Boone County,0.0255,0.0204,0.0321,0.1152,0.252,14.2,19.2,11.9,5.3,0.1
19017,Iowa,IA,Bremer County,0.021,0.0045,0.0894,0.1225,0.1766,12.7,19.4,11.1,2.0,0.4
19019,Iowa,IA,Buchanan County,0.0655,0.077,0.2549,0.0407,0.1537,14.2,18.1,12.5,6.2,0.2
19021,Iowa,IA,Buena Vista County,0.6258,0.4123,0.6055,0.8263,0.7366,21.0,16.3,9.4,4.3,10.6
19023,Iowa,IA,Butler County,0.0325,0.0827,0.1747,0.0407,0.0375,19.0,22.7,11.1,3.4,0.2
19025,Iowa,IA,Calhoun County,0.092,0.036,0.3398,0.1696,0.2593,19.4,23.0,14.2,3.1,0.2
19027,Iowa,IA,Carroll County,0.0815,0.0344,0.2736,0.1409,0.2819,16.7,20.8,11.9,6.5,0.1
19029,Iowa,IA,Cass County,0.2144,0.2609,0.3738,0.0881,0.2704,23.8,23.1,14.9,6.3,0.2
19031,Iowa,IA,Cedar County,0.0089,0.0146,0.0694,0.0675,0.0496,13.5,20.0,11.4,3.3,0.3
19033,Iowa,IA,Cerro Gordo County,0.1343,0.0738,0.14,0.314,0.4531,18.7,22.4,13.9,5.8,0.3
19035,Iowa,IA,Cherokee County,0.1546,0.1002,0.2103,0.265,0.4318,21.9,24.2,11.2,7.6,0.0
19037,Iowa,IA,Chickasaw County,0.0433,0.0582,0.3961,0.0544,0.0436,13.8,21.8,14.9,3.3,0.5
19039,Iowa,IA,Clarke County,0.8107,0.6262,0.9141,0.552,0.8371,28.3,19.7,15.9,9.7,2.0
19041,Iowa,IA,Clay County,0.1826,0.14,0.7407,0.1985,0.1199,19.1,21.6,15.4,4.0,0.3
19043,Iowa,IA,Clayton County,0.2752,0.2883,0.6048,0.0407,0.2981,22.1,24.1,15.3,7.5,0.8
19045,Iowa,IA,Clinton County,0.3446,0.2949,0.6281,0.2914,0.3446,21.8,19.8,14.0,6.6,0.7
19047,Iowa,IA,Crawford County,0.7563,0.5231,0.979,0.7448,0.5186,27.0,17.7,15.3,4.7,7.7
19049,Iowa,IA,Dallas County,0.0515,0.0121,0.2186,0.4814,0.1394,10.0,12.2,7.5,3.0,1.9
19051,Iowa,IA,Davis County,0.4585,0.4508,0.5329,0.0337,0.6437,16.1,17.8,10.6,16.6,1.4
19053,Iowa,IA,Decatur County,0.524,0.5234,0.1705,0.2364,0.8705,25.5,20.7,14.9,8.3,0.4
19055,Iowa,IA,Delaware County,0.0248,0.0309,0.0805,0.0379,0.1406,13.5,20.3,12.3,5.2,0.1
19057,Iowa,IA,Des Moines County,0.4174,0.2192,0.7967,0.4273,0.4655,22.3,20.7,16.7,8.6,0.3
19059,Iowa,IA,Dickinson County,0.055,0.0296,0.3395,0.1152,0.1505,13.2,27.0,14.9,3.9,0.8
19061,Iowa,IA,Dubuque County,0.2281,0.1422,0.2148,0.3058,0.5762,17.7,18.4,11.0,5.8,0.8
19063,Iowa,IA,Emmet County,0.2494,0.1887,0.6338,0.4699,0.1791,20.4,23.1,18.8,3.8,2.2
19065,Iowa,IA,Fayette County,0.2179,0.3583,0.2851,0.2294,0.1629,23.8,21.8,16.3,4.7,0.2
19067,Iowa,IA,Floyd County,0.1196,0.0802,0.2542,0.3086,0.2501,18.2,22.6,15.2,7.2,0.1
19069,Iowa,IA,Franklin County,0.2132,0.2797,0.6487,0.4613,0.0414,23.8,21.3,9.3,3.9,2.3
19071,Iowa,IA,Fremont County,0.0146,0.0337,0.1896,0.1508,0.0124,18.6,22.6,14.4,2.6,0.3
19073,Iowa,IA,Greene County,0.1664,0.104,0.6214,0.1572,0.2125,21.2,23.4,17.3,4.7,0.7
19075,Iowa,IA,Grundy County,0.0029,0.0029,0.0948,0.0379,0.0216,11.0,20.6,9.4,2.7,0.3
19077,Iowa,IA,Guthrie County,0.0178,0.0484,0.1203,0.1094,0.0353,15.8,22.8,11.4,3.3,0.2
19079,Iowa,IA,Hamilton County,0.1289,0.0862,0.4146,0.3675,0.1712,15.5,21.3,13.9,5.5,1.4
19081,Iowa,IA,Hancock County,0.0713,0.0401,0.3392,0.2294,0.1467,15.4,23.3,14.8,4.1,0.3
19083,Iowa,IA,Hardin County,0.1514,0.119,0.2825,0.2399,0.3061,19.7,22.8,13.7,5.2,1.3
19085,Iowa,IA,Harrison County,0.0388,0.049,0.0643,0.0474,0.2024,15.9,19.6,12.1,4.3,0.1
19087,Iowa,IA,Henry County,0.2001,0.1174,0.4967,0.3847,0.273,19.3,19.0,14.1,4.4,1.3
19089,Iowa,IA,Howard County,0.0846,0.1282,0.2024,0.0474,0.1645,16.9,20.4,10.4,6.7,0.5
19091,Iowa,IA,Humboldt County,0.1941,0.0815,0.8285,0.2265,0.1868,23.1,21.2,15.0,5.3,1.8
19093,Iowa,IA,Ida County,0.0445,0.0496,0.1995,0.1457,0.0999,19.7,22.0,12.2,4.3,0.0
19095,Iowa,IA,Iowa County,0.0484,0.0261,0.3245,0.1457,0.1228,14.5,19.1,13.5,2.9,0.4
19097,Iowa,IA,Jackson County,0.078,0.1225,0.0999,0.0627,0.2265,19.6,21.3,12.1,5.9,0.1
19099,Iowa,IA,Jasper County,0.2078,0.1693,0.4423,0.1985,0.3134,17.2,19.1,13.2,4.1,0.7
19101,Iowa,IA,Jefferson County,0.6774,0.5339,0.5463,0.4683,0.9001,25.7,25.3,14.2,8.3,1.7
19103,Iowa,IA,Johnson County,0.3863,0.3408,0.0213,0.5829,0.8855,24.7,12.6,9.0,7.6,2.3
19105,Iowa,IA,Jones County,0.1082,0.0471,0.342,0.1985,0.2873,18.0,21.1,13.1,4.2,0.3
19107,Iowa,IA,Keokuk County,0.0633,0.1623,0.5542,0.0264,0.0095,22.6,21.9,17.4,2.2,0.2
19109,Iowa,IA,Kossuth County,0.203,0.085,0.7168,0.1696,0.3099,20.0,24.7,16.3,7.5,1.9
19111,Iowa,IA,Lee County,0.2631,0.2504,0.4114,0.2781,0.336,22.7,21.2,16.2,5.1,0.1
19113,Iowa,IA,Linn County,0.1944,0.1009,0.2984,0.4588,0.3999,16.5,16.6,10.7,5.1,1.0
19115,Iowa,IA,Louisa County,0.2676,0.2106,0.5393,0.5679,0.2113,17.4,19.5,14.2,4.5,5.8
19117,Iowa,IA,Lucas County,0.3458,0.3239,0.7302,0.0544,0.3328,27.0,21.5,17.4,7.7,1.0
19119,Iowa,IA,Lyon County,0.0286,0.0105,0.2965,0.0675,0.0881,11.1,19.0,12.6,3.9,0.6
19121,Iowa,IA,Madison County,0.0035,0.006,0.0869,0.0821,0.0194,9.5,18.1,9.3,4.2,0.3
19123,Iowa,IA,Mahaska County,0.1575,0.099,0.5161,0.182,0.2488,21.1,19.0,13.6,4.7,0.5
19125,Iowa,IA,Marion County,0.099,0.0248,0.2784,0.1094,0.4375,12.9,18.7,13.5,3.7,0.4
19127,Iowa,IA,Marshall County,0.6799,0.4149,0.6841,0.7003,0.8645,19.4,17.7,11.5,7.1,7.7
19129,Iowa,IA,Mills County,0.0811,0.07,0.3054,0.1276,0.1709,15.9,19.6,13.6,5.5,0.4
19131,Iowa,IA,Mitchell County,0.085,0.1028,0.3433,0.0169,0.1362,17.0,21.3,11.4,5.1,0.5
19133,Iowa,IA,Monona County,0.0951,0.0999,0.4066,0.0983,0.1234,20.8,24.1,15.0,2.5,0.3
19135,Iowa,IA,Monroe County,0.1203,0.0932,0.1018,0.0675,0.5002,16.9,19.5,14.5,6.1,0.0
19137,Iowa,IA,Montgomery County,0.1432,0.1744,0.5406,0.2062,0.0869,23.6,21.8,16.0,4.5,0.2
19139,Iowa,IA,Muscatine County,0.4792,0.2173,0.8212,0.6077,0.5329,19.7,17.1,13.0,5.2,2.6
19141,Iowa,IA,O'Brien County,0.3681,0.1234,0.6026,0.2733,0.784,22.3,21.5,15.4,7.9,0.9
19143,Iowa,IA,Osceola County,0.251,0.2593,0.776,0.3939,0.0665,18.4,21.9,11.2,3.0,2.8
19145,Iowa,IA,Page County,0.3878,0.3904,0.4327,0.265,0.4623,23.1,23.5,15.7,6.3,0.5
19147,Iowa,IA,Palo Alto County,0.1422,0.0745,0.371,0.2536,0.3188,18.0,22.0,14.3,3.8,0.5
19149,Iowa,IA,Plymouth County,0.0624,0.015,0.4664,0.3016,0.1158,11.6,18.9,12.1,3.9,1.8
19151,Iowa,IA,Pocahontas County,0.1476,0.2631,0.4836,0.2323,0.0417,18.8,23.3,14.8,4.0,1.2
19153,Iowa,IA,Polk County,0.4477,0.2431,0.5947,0.5994,0.595,17.4,13.5,11.1,5.7,2.8
19155,Iowa,IA,Pottawattamie County,0.4944,0.2864,0.7448,0.4085,0.6312,20.3,18.0,15.2,6.4,1.4
19157,Iowa,IA,Poweshiek County,0.2348,0.2132,0.0665,0.2364,0.6946,19.0,20.7,12.6,8.6,0.6
19159,Iowa,IA,Ringgold County,0.2176,0.1018,0.7556,0.0821,0.3261,19.3,23.0,15.1,5.6,0.2
19161,Iowa,IA,Sac County,0.0614,0.0605,0.1941,0.1152,0.1814,17.3,23.7,11.0,4.2,0.2
19163,Iowa,IA,Scott County,0.3252,0.1896,0.482,0.5581,0.4534,18.7,16.7,11.8,6.5,1.1
19165,Iowa,IA,Shelby County,0.029,0.0783,0.1193,0.1654,0.036,17.0,23.0,10.1,2.7,0.4
19167,Iowa,IA,Sioux County,0.1311,0.0509,0.2625,0.4057,0.3458,11.7,16.1,9.5,3.8,2.4
19169,Iowa,IA,Story County,0.2364,0.4521,0.001,0.4839,0.6974,25.3,12.6,8.8,6.6,0.6
19171,Iowa,IA,Tama County,0.4384,0.35,0.7292,0.5476,0.293,23.6,19.8,9.8,3.1,2.8
19173,Iowa,IA,Taylor County,0.1292,0.1187,0.567,0.3503,0.0741,16.7,22.5,12.8,4.2,3.2
19175,Iowa,IA,Union County,0.3767,0.3233,0.5991,0.1339,0.4887,19.4,20.5,15.4,6.3,0.3
19177,Iowa,IA,Van Buren County,0.3608,0.5724,0.4292,0.0229,0.2424,24.3,23.6,17.8,7.6,0.2
19179,Iowa,IA,Wapello County,0.7852,0.6478,0.922,0.5383,0.728,28.0,17.8,15.5,7.4,3.1
19181,Iowa,IA,Warren County,0.0741,0.0137,0.2389,0.1654,0.3761,10.5,16.4,10.5,2.4,0.4
19183,Iowa,IA,Washington County,0.1397,0.0948,0.6548,0.3016,0.1034,16.2,19.6,12.8,4.6,1.7
19185,Iowa,IA,Wayne County,0.4168,0.3105,0.8626,0.0881,0.405,19.1,21.7,14.0,7.5,0.7
19187,Iowa,IA,Webster County,0.3439,0.2039,0.2844,0.4273,0.6977,20.3,19.6,14.2,6.8,1.1
19189,Iowa,IA,Winnebago County,0.1403,0.0286,0.6258,0.2914,0.2832,16.1,21.3,11.7,4.6,1.0
19191,Iowa,IA,Winneshiek County,0.0522,0.0337,0.0821,0.0735,0.3423,14.1,22.3,11.6,4.4,0.4
19193,Iowa,IA,Woodbury County,0.7197,0.4804,0.8766,0.6752,0.7276,22.3,15.4,13.4,6.2,5.1
19195,Iowa,IA,Worth County,0.0232,0.0585,0.0802,0.1037,0.0675,16.6,21.6,14.8,4.8,0.0
19197,Iowa,IA,Wright County,0.3971,0.1464,0.9742,0.4814,0.2351,27.7,22.4,12.7,8.0,3.8
20001,Kansas,KS,Allen County,0.5854,0.5702,0.6433,0.3217,0.6115,24.2,20.5,17.4,7.6,0.2
20003,Kansas,KS,Anderson County,0.4085,0.5854,0.7595,0.1928,0.105,23.9,20.8,16.9,6.2,0.0
20005,Kansas,KS,Atchison County,0.4728,0.3859,0.3535,0.3824,0.7181,23.7,17.0,14.2,7.0,0.8
20007,Kansas,KS,Barber County,0.5107,0.42,0.7531,0.3847,0.476,27.5,22.8,19.7,6.0,0.8
20009,Kansas,KS,Barton County,0.7006,0.5562,0.9847,0.5269,0.3716,25.6,20.7,17.3,5.8,1.9
20011,Kansas,KS,Bourbon County,0.5126,0.4057,0.707,0.328,0.5647,26.2,19.3,17.8,3.7,0.2
20013,Kansas,KS,Brown County,0.1893,0.3188,0.3258,0.5183,0.0544,22.9,20.8,15.3,4.7,0.1
20015,Kansas,KS,Butler County,0.1295,0.0818,0.2173,0.3917,0.2927,14.8,15.6,14.1,3.6,0.3
20017,Kansas,KS,Chase County,0.2358,0.2246,0.482,0.3503,0.216,27.8,23.2,13.2,4.6,0.4
20019,Kansas,KS,Chautauqua County,0.5781,0.6557,0.5186,0.4613,0.4881,31.1,24.3,22.1,3.4,0.0
20021,Kansas,KS,Cherokee County,0.4718,0.4598,0.5816,0.4018,0.4346,26.9,19.5,20.9,7.4,0.1
20023,Kansas,KS,Cheyenne County,0.2953,0.4858,0.8056,0.3058,0.0213,25.1,25.8,16.0,2.7,2.5
20025,Kansas,KS,Clark County,0.2354,0.0528,0.9424,0.4445,0.1604,19.4,23.3,17.6,4.1,3.0
20027,Kansas,KS,Clay County,0.4636,0.1814,0.8743,0.1985,0.7086,18.8,24.3,18.7,7.4,0.2
20029,Kansas,KS,Cloud County,0.3427,0.4454,0.3611,0.2692,0.3137,25.4,20.9,13.2,6.3,0.6
20031,Kansas,KS,Coffey County,0.2743,0.2599,0.7477,0.1985,0.1798,20.9,21.7,17.3,4.9,0.3
20033,Kansas,KS,Comanche County,0.2577,0.125,0.8594,0.0264,0.3344,15.7,26.7,18.4,3.9,0.1
20035,Kansas,KS,Cowley County,0.7871,0.5441,0.9411,0.5616,0.8164,23.8,18.5,18.8,6.2,1.2
20037,Kansas,KS,Crawford County,0.7213,0.6023,0.4108,0.42,0.965,30.9,15.5,16.0,8.8,0.4
20039,Kansas,KS,Decatur County,0.0681,0.1747,0.3913,0.1985,0.0115,19.3,28.2,18.0,2.9,0.2
20041,Kansas,KS,Dickinson County,0.1884,0.168,0.4569,0.3166,0.1969,15.0,20.6,16.3,5.9,0.6
20043,Kansas,KS,Doniphan County,0.1861,0.238,0.0185,0.3166,0.5921,19.1,19.5,12.2,4.8,0.2
20045,Kansas,KS,Douglas County,0.3602,0.4738,0.007,0.574,0.7964,23.5,13.2,11.5,6.5,0.8
20047,Kansas,KS,Edwards County,0.4639,0.3726,0.9615,0.6179,0.0923,23.1,21.9,15.8,4.8,4.2
20049,Kansas,KS,Elk County,0.336,0.4922,0.7041,0.3446,0.0624,29.7,27.5,24.1,5.2,0.3
20051,Kansas,KS,Ellis County,0.2393,0.3557,0.0331,0.3446,0.4951,24.4,15.1,12.7,3.8,0.3
20053,Kansas,KS,Ellsworth County,0.1731,0.1721,0.0563,0.4356,0.4572,20.6,22.8,17.0,4.0,0.0
20055,Kansas,KS,Finney County,0.8966,0.8346,0.7366,0.9224,0.895,22.5,11.3,13.0,6.3,11.4
20057,Kansas,KS,Ford County,0.7359,0.5492,0.7283,0.9294,0.7187,23.1,11.4,11.1,4.8,12.9
20059,Kansas,KS,Franklin County,0.224,0.2472,0.3347,0.3058,0.2558,17.9,17.3,16.5,4.0,0.4
20061,Kansas,KS,Geary County,0.7353,0.5832,0.8556,0.8279,0.5797,28.9,8.5,13.4,4.1,2.3
20063,Kansas,KS,Gove County,0.0372,0.1441,0.3516,0.0821,0.0045,15.7,23.8,15.0,1.4,0.0
20065,Kansas,KS,Graham County,0.2765,0.49,0.6147,0.3697,0.0344,28.3,26.3,15.3,4.2,0.1
20067,Kansas,KS,Grant County,0.3363,0.3646,0.2208,0.8804,0.2332,10.2,12.8,6.5,1.8,7.7
20069,Kansas,KS,Gray County,0.2816,0.2685,0.35,0.5371,0.2825,11.6,15.1,7.9,1.5,4.3
20071,Kansas,KS,Greeley County,0.2689,0.1241,0.8969,0.5727,0.1254,12.4,18.1,11.5,4.9,3.1
20073,Kansas,KS,Greenwood County,0.2978,0.3229,0.7919,0.2536,0.1209,25.1,25.7,19.4,6.9,0.1
20075,Kansas,KS,Hamilton County,0.3398,0.3334,0.433,0.7251,0.2062,16.0,14.3,10.2,1.8,13.5
20077,Kansas,KS,Harper County,0.6316,0.5431,0.9905,0.363,0.2307,32.1,21.9,19.0,2.2,1.3
20079,Kansas,KS,Harvey County,0.4193,0.2739,0.6223,0.5119,0.4795,18.2,20.5,14.2,4.3,0.8
20081,Kansas,KS,Haskell County,0.4143,0.5132,0.2574,0.72,0.2625,20.4,15.3,8.8,3.5,6.2
20083,Kansas,KS,Hodgeman County,0.0646,0.0786,0.7404,0.2587,0.007,12.7,22.8,17.1,0.7,1.5
20085,Kansas,KS,Jackson County,0.2472,0.1371,0.8005,0.4741,0.1511,15.5,19.5,16.6,3.7,1.9
20087,Kansas,KS,Jefferson County,0.0197,0.1072,0.0522,0.1928,0.0261,11.0,19.0,14.0,4.5,0.1
20089,Kansas,KS,Jewell County,0.0455,0.1572,0.1677,0.1696,0.021,28.9,30.2,16.9,3.4,0.0
20091,Kansas,KS,Johnson County,0.0605,0.0439,0.1976,0.5542,0.0808,9.0,15.2,8.9,3.3,1.5
20093,Kansas,KS,Kearny County,0.5358,0.5641,0.9198,0.7591,0.0792,28.4,16.0,13.2,2.7,5.1
20095,Kansas,KS,Kingman County,0.1079,0.2631,0.0897,0.2485,0.1018,16.5,19.9,16.4,4.2,0.1
20097,Kansas,KS,Kiowa County,0.2879,0.2749,0.5425,0.3446,0.2498,13.7,22.7,16.1,2.8,0.9
20099,Kansas,KS,Labette County,0.4941,0.3341,0.8317,0.4445,0.4502,24.0,19.6,20.7,5.0,0.3
20101,Kansas,KS,Lane County,0.0716,0.1384,0.4502,0.4613,0.0073,18.6,22.2,16.3,2.8,0.8
20103,Kansas,KS,Leavenworth County,0.2475,0.2068,0.146,0.5581,0.4416,14.8,15.1,13.4,4.8,0.3
20105,Kansas,KS,Lincoln County,0.1021,0.1581,0.3481,0.1508,0.0805,22.9,25.1,16.5,3.8,0.0
20107,Kansas,KS,Linn County,0.2733,0.461,0.3315,0.2265,0.1731,19.9,22.1,17.4,4.1,0.0
20109,Kansas,KS,Logan County,0.28,0.16,0.9787,0.3058,0.062,22.5,20.9,19.3,3.5,1.7
20111,Kansas,KS,Lyon County,0.7222,0.6153,0.3325,0.6656,0.9376,26.8,15.2,14.4,6.5,3.3
20113,Kansas,KS,McPherson County,0.1635,0.1311,0.2469,0.2781,0.3462,16.2,19.7,13.3,3.7,0.4
20115,Kansas,KS,Marion County,0.1355,0.1619,0.3233,0.2234,0.1569,18.3,23.1,14.8,3.3,0.3
20117,Kansas,KS,Marshall County,0.181,0.1397,0.4391,0.1339,0.308,19.6,22.1,13.9,4.0,0.6
20119,Kansas,KS,Meade County,0.2628,0.2119,0.6697,0.6204,0.1174,17.5,16.2,9.5,2.9,2.1
20121,Kansas,KS,Miami County,0.0757,0.0729,0.2927,0.2294,0.1215,11.4,17.3,13.0,2.7,0.4
20123,Kansas,KS,Mitchell County,0.1285,0.1101,0.3815,0.1572,0.2059,21.7,22.7,15.2,5.7,0.0
20125,Kansas,KS,Montgomery County,0.8209,0.6993,0.8785,0.5616,0.825,29.0,19.4,21.1,8.2,0.7
20127,Kansas,KS,Morris County,0.1569,0.1534,0.5364,0.3016,0.1164,19.0,25.3,17.9,3.9,0.2
20129,Kansas,KS,Morton County,0.3077,0.3411,0.8549,0.6567,0.0245,17.7,20.0,16.9,2.6,5.3
20131,Kansas,KS,Nemaha County,0.057,0.0426,0.181,0.0881,0.2106,15.9,19.5,13.6,4.0,0.0
20133,Kansas,KS,Neosho County,0.6911,0.5367,0.8759,0.3503,0.7311,24.3,20.1,19.7,5.7,0.1
20135,Kansas,KS,Ness County,0.0999,0.1126,0.4858,0.4973,0.027,18.6,23.3,16.1,2.4,1.7
20137,Kansas,KS,Norton County,0.223,0.3045,0.3277,0.3917,0.1546,21.2,20.4,15.7,2.1,0.8
20139,Kansas,KS,Osage County,0.1909,0.2784,0.4302,0.182,0.1269,18.7,19.9,17.4,2.3,0.0
20141,Kansas,KS,Osborne County,0.0687,0.0716,0.517,0.1572,0.0515,23.8,25.8,14.3,3.7,0.2
20143,Kansas,KS,Ottawa County,0.042,0.1336,0.1817,0.1409,0.0232,18.4,20.2,14.0,3.5,0.2
20145,Kansas,KS,Pawnee County,0.3019,0.2475,0.1734,0.4658,0.5727,18.5,21.9,23.7,8.7,0.3
20147,Kansas,KS,Phillips County,0.3137,0.3423,0.6484,0.1753,0.2374,23.7,24.4,17.8,2.5,0.1
20149,Kansas,KS,Pottawatomie County,0.0544,0.0191,0.0993,0.3322,0.2889,13.9,14.8,11.7,1.7,0.2
20151,Kansas,KS,Pratt County,0.3341,0.252,0.7754,0.3917,0.2234,19.4,20.3,13.2,3.9,0.3
20153,Kansas,KS,Rawlins County,0.3958,0.1928,0.8772,0.335,0.4123,29.1,26.9,22.9,5.5,1.2
20155,Kansas,KS,Reno County,0.5011,0.4314,0.6153,0.4725,0.5072,23.1,20.1,16.1,4.6,0.5
20157,Kansas,KS,Republic County,0.041,0.0445,0.2918,0.0881,0.0655,22.8,26.2,15.5,4.0,0.0
20159,Kansas,KS,Rice County,0.1823,0.1387,0.5927,0.5148,0.1031,17.7,19.7,15.3,2.4,1.3
20161,Kansas,KS,Riley County,0.567,0.5733,0.0503,0.5978,0.9287,32.2,9.6,12.7,5.4,1.1
20163,Kansas,KS,Rooks County,0.071,0.0277,0.224,0.1037,0.3185,13.9,22.9,18.5,7.0,0.0
20165,Kansas,KS,Rush County,0.0916,0.2844,0.1164,0.3446,0.0296,22.4,24.3,14.8,2.8,0.3
20167,Kansas,KS,Russell County,0.3226,0.5857,0.3703,0.2914,0.1133,27.4,24.9,16.7,3.6,0.1
20169,Kansas,KS,Saline County,0.5008,0.3691,0.7248,0.5406,0.4642,20.5,18.4,16.1,8.1,0.7
20171,Kansas,KS,Scott County,0.4349,0.2841,0.9176,0.5953,0.1893,21.2,20.5,12.9,1.3,3.5
20173,Kansas,KS,Sedgwick County,0.7292,0.6596,0.8123,0.7098,0.5562,21.7,15.2,14.6,6.0,2.7
20175,Kansas,KS,Seward County,0.8578,0.7871,0.7429,0.966,0.7954,26.4,10.1,8.3,6.8,17.8
20177,Kansas,KS,Shawnee County,0.6137,0.3869,0.7095,0.6398,0.7486,20.6,18.6,13.7,7.0,1.6
20179,Kansas,KS,Sheridan County,0.0706,0.0404,0.5355,0.2234,0.0757,13.5,23.2,14.1,5.8,0.3
20181,Kansas,KS,Sherman County,0.4992,0.4082,0.8956,0.4741,0.2494,20.7,20.6,18.1,3.3,0.2
20183,Kansas,KS,Smith County,0.0404,0.0792,0.3128,0.1152,0.029,18.4,28.6,18.1,2.7,0.1
20185,Kansas,KS,Stafford County,0.2272,0.1782,0.8031,0.4814,0.0671,21.4,21.6,15.4,2.4,1.0
20187,Kansas,KS,Stanton County,0.3786,0.5603,0.3999,0.8225,0.063,25.5,15.9,12.0,1.6,8.3
20189,Kansas,KS,Stevens County,0.6879,0.63,0.7257,0.797,0.4992,23.5,17.0,12.3,5.5,8.0
20191,Kansas,KS,Sumner County,0.3322,0.3783,0.3929,0.3535,0.3124,21.3,19.3,16.6,4.9,0.4
20193,Kansas,KS,Thomas County,0.1247,0.1021,0.3948,0.2628,0.1572,17.4,17.5,15.2,3.2,1.2
20195,Kansas,KS,Trego County,0.0105,0.0506,0.0417,0.0089,0.0563,14.4,27.6,14.0,2.8,0.0
20197,Kansas,KS,Wabaunsee County,0.0636,0.0458,0.3761,0.2733,0.0859,11.2,21.0,17.6,2.3,0.2
20199,Kansas,KS,Wallace County,0.1756,0.0891,0.7865,0.3166,0.1219,25.4,24.8,18.2,4.1,1.2
20201,Kansas,KS,Washington County,0.0802,0.029,0.6013,0.1928,0.1126,15.9,23.8,14.2,3.0,1.4
20203,Kansas,KS,Wichita County,0.4858,0.3455,0.9583,0.6437,0.1473,23.8,23.2,20.1,1.5,3.7
20205,Kansas,KS,Wilson County,0.4566,0.3898,0.8533,0.2485,0.3207,26.9,22.3,19.5,5.4,0.1
20207,Kansas,KS,Woodson County,0.2491,0.4174,0.5877,0.1861,0.0681,24.1,25.0,20.2,5.0,0.4
20209,Kansas,KS,Wyandotte County,0.9386,0.9612,0.8941,0.9227,0.678,28.8,13.0,13.9,8.0,8.0
21001,Kentucky,KY,Adair County,0.6026,0.7461,0.2109,0.2265,0.7735,32.1,19.4,22.0,5.5,0.1
21003,Kentucky,KY,Allen County,0.6484,0.7563,0.7617,0.0932,0.5288,26.6,17.6,18.5,6.4,0.4
21005,Kentucky,KY,Anderson County,0.0843,0.2908,0.3968,0.1696,0.0051,20.9,16.2,18.3,1.9,0.0
21007,Kentucky,KY,Ballard County,0.2507,0.2574,0.2039,0.2164,0.4757,25.9,22.3,17.1,5.4,0.0
21009,Kentucky,KY,Barren County,0.7919,0.7916,0.9068,0.3118,0.6599,31.9,17.8,21.2,6.7,0.8
21011,Kentucky,KY,Bath County,0.5269,0.5075,0.5772,0.0544,0.7108,33.6,16.9,22.6,9.5,0.2
21013,Kentucky,KY,Bell County,0.7782,0.9319,0.4187,0.1339,0.818,42.5,18.7,25.4,7.7,0.0
21015,Kentucky,KY,Boone County,0.1177,0.0369,0.4731,0.4146,0.1877,11.9,14.2,12.2,3.3,1.4
21017,Kentucky,KY,Bourbon County,0.5237,0.6691,0.6583,0.4416,0.2122,28.0,18.9,20.1,5.1,0.5
21019,Kentucky,KY,Boyd County,0.6704,0.637,0.7585,0.1985,0.7315,26.8,19.9,21.9,8.7,0.2
21021,Kentucky,KY,Boyle County,0.5304,0.6402,0.5339,0.4407,0.357,25.3,18.8,17.3,5.8,0.5
21023,Kentucky,KY,Bracken County,0.2568,0.4432,0.2908,0.0337,0.2364,27.8,17.0,17.0,2.6,0.0
21025,Kentucky,KY,Breathitt County,0.6962,0.7111,0.4445,0.0169,0.9497,38.3,17.9,30.6,13.3,0.1
21027,Kentucky,KY,Breckinridge County,0.6481,0.7197,0.8279,0.1508,0.4976,34.6,19.3,21.0,4.9,0.7
21029,Kentucky,KY,Bullitt County,0.1779,0.1922,0.4648,0.1928,0.1728,17.4,16.5,15.8,4.2,1.0
21031,Kentucky,KY,Butler County,0.7623,0.7658,0.7996,0.1152,0.8043,32.2,18.4,19.7,6.8,2.3
21033,Kentucky,KY,Caldwell County,0.7184,0.6592,0.819,0.3058,0.7216,25.4,21.0,28.0,7.9,0.1
21035,Kentucky,KY,Calloway County,0.5482,0.6363,0.1301,0.3322,0.7996,31.5,17.1,18.1,5.2,0.2
21037,Kentucky,KY,Campbell County,0.2103,0.2001,0.1024,0.2444,0.5542,17.7,16.6,13.3,6.6,0.4
21039,Kentucky,KY,Carlisle County,0.4225,0.5918,0.5059,0.1928,0.2453,33.1,20.1,16.9,2.6,0.1
21041,Kentucky,KY,Carroll County,0.8886,0.8743,0.9609,0.3723,0.7894,28.9,16.1,17.5,6.0,1.7
21043,Kentucky,KY,Carter County,0.5581,0.7639,0.3808,0.0455,0.5708,35.7,19.6,21.9,7.0,0.0
21045,Kentucky,KY,Casey County,0.8361,0.9376,0.6122,0.0881,0.8886,40.1,20.6,18.3,8.1,0.7
21047,Kentucky,KY,Christian County,0.9469,0.929,0.9335,0.7276,0.854,32.7,12.4,18.7,7.2,1.1
21049,Kentucky,KY,Clark County,0.51,0.4938,0.7175,0.3166,0.4235,22.4,18.1,18.5,6.6,0.8
21051,Kentucky,KY,Clay County,0.8174,0.8377,0.5498,0.2323,0.952,45.1,15.8,29.0,12.0,0.2
21053,Kentucky,KY,Clinton County,0.6472,0.6888,0.7862,0.119,0.5994,36.6,20.0,24.5,6.1,0.9
21055,Kentucky,KY,Crittenden County,0.518,0.5587,0.6927,0.0757,0.4922,30.6,20.5,31.4,5.7,0.1
21057,Kentucky,KY,Cumberland County,0.7544,0.8797,0.496,0.1508,0.8018,39.1,22.0,18.8,9.9,0.5
21059,Kentucky,KY,Daviess County,0.6109,0.3443,0.8199,0.3888,0.8247,23.3,17.2,16.5,6.9,1.3
21061,Kentucky,KY,Edmonson County,0.3697,0.6446,0.1763,0.0455,0.3554,27.6,21.3,26.3,3.8,0.0
21063,Kentucky,KY,Elliott County,0.7617,0.8848,0.2113,0.0337,0.9742,38.9,20.5,27.4,6.9,0.0
21065,Kentucky,KY,Estill County,0.7604,0.8686,0.958,0.0191,0.4289,34.8,19.2,28.9,8.0,0.9
21067,Kentucky,KY,Fayette County,0.5542,0.5329,0.1639,0.672,0.7611,23.0,14.2,12.5,7.2,2.6
21069,Kentucky,KY,Fleming County,0.6771,0.7878,0.685,0.0735,0.6376,34.0,18.2,20.7,8.9,0.2
21071,Kentucky,KY,Floyd County,0.7073,0.8626,0.4811,0.0115,0.7544,40.2,18.8,25.9,8.6,0.2
21073,Kentucky,KY,Franklin County,0.6255,0.426,0.8295,0.5094,0.6933,21.7,18.1,17.6,5.8,1.6
21075,Kentucky,KY,Fulton County,0.91,0.881,0.7897,0.6685,0.943,40.4,21.0,21.8,14.1,0.0
21077,Kentucky,KY,Gallatin County,0.5514,0.7066,0.1126,0.3563,0.7401,31.0,13.5,16.7,3.3,0.2
21079,Kentucky,KY,Garrard County,0.3312,0.6316,0.42,0.1753,0.099,29.4,18.5,16.9,4.7,0.5
21081,Kentucky,KY,Grant County,0.2876,0.2819,0.4228,0.1753,0.4082,22.6,14.0,17.4,5.6,0.0
21083,Kentucky,KY,Graves County,0.5507,0.5393,0.518,0.4308,0.5803,31.4,18.3,19.1,5.9,0.6
21085,Kentucky,KY,Grayson County,0.5428,0.643,0.7025,0.0474,0.461,30.2,17.8,19.9,5.0,0.3
21087,Kentucky,KY,Green County,0.629,0.8046,0.8918,0.1037,0.23,36.3,20.1,25.4,4.6,0.4
21089,Kentucky,KY,Greenup County,0.2351,0.4079,0.4464,0.0407,0.1349,24.1,21.4,20.5,4.6,0.2
21091,Kentucky,KY,Hancock County,0.1874,0.3083,0.4181,0.0735,0.1289,23.7,17.7,20.7,3.8,0.0
21093,Kentucky,KY,Hardin County,0.5721,0.3697,0.714,0.6029,0.6742,20.3,14.6,17.7,6.3,0.5
21095,Kentucky,KY,Harlan County,0.8336,0.8495,0.8167,0.0757,0.9055,45.1,19.0,27.7,8.9,0.3
21097,Kentucky,KY,Harrison County,0.2714,0.2895,0.1753,0.1276,0.567,25.9,18.9,17.4,9.0,0.0
21099,Kentucky,KY,Hart County,0.8037,0.8291,0.7951,0.265,0.7757,37.0,16.8,20.3,8.0,0.4
21101,Kentucky,KY,Henderson County,0.6386,0.4785,0.8463,0.4314,0.6608,26.3,18.3,23.3,6.7,0.4
21103,Kentucky,KY,Henry County,0.5845,0.7025,0.7362,0.2781,0.3586,25.8,17.6,18.4,5.4,0.5
21105,Kentucky,KY,Hickman County,0.2326,0.1966,0.3586,0.4018,0.3058,21.9,24.5,20.3,4.8,0.2
21107,Kentucky,KY,Hopkins County,0.6344,0.5552,0.7961,0.3592,0.6239,28.0,18.7,26.1,5.5,0.4
21109,Kentucky,KY,Jackson County,0.664,0.7464,0.7789,0.0041,0.6325,34.9,17.8,24.1,7.6,0.2
21111,Kentucky,KY,Jefferson County,0.622,0.468,0.6723,0.7226,0.6516,22.3,16.7,14.1,9.0,2.3
21113,Kentucky,KY,Jessamine County,0.3474,0.3987,0.5574,0.3697,0.2148,19.8,15.6,14.9,4.0,1.1
21115,Kentucky,KY,Johnson County,0.7509,0.7687,0.6841,0.0099,0.9007,38.6,18.5,25.3,7.6,0.3
21117,Kentucky,KY,Kenton County,0.308,0.2313,0.3856,0.3723,0.4935,18.6,15.0,13.5,6.9,1.1
21119,Kentucky,KY,Knott County,0.7334,0.7248,0.4836,0.0115,0.973,41.7,19.6,27.6,7.5,0.0
21121,Kentucky,KY,Knox County,0.8584,0.9154,0.7757,0.0474,0.9316,45.9,17.2,21.8,13.0,0.1
21123,Kentucky,KY,Larue County,0.2501,0.4553,0.5437,0.2587,0.0522,29.1,17.3,18.1,3.7,0.0
21125,Kentucky,KY,Laurel County,0.5285,0.5826,0.4706,0.0407,0.6942,31.2,16.8,17.8,5.4,0.3
21127,Kentucky,KY,Lawrence County,0.4744,0.7445,0.5765,0.0115,0.2214,36.8,18.2,25.1,4.7,0.3
21129,Kentucky,KY,Lee County,0.8492,0.854,0.4407,0.2062,0.9968,50.4,17.5,28.5,15.4,0.1
21131,Kentucky,KY,Leslie County,0.5746,0.7041,0.1324,0.0057,0.9182,45.0,18.3,27.8,8.4,0.0
21133,Kentucky,KY,Letcher County,0.7012,0.7833,0.7512,0.0073,0.6962,41.9,20.1,31.2,7.1,0.1
21135,Kentucky,KY,Lewis County,0.5495,0.8002,0.503,0.0048,0.4038,45.3,18.9,20.8,6.4,0.0
21137,Kentucky,KY,Lincoln County,0.5835,0.7031,0.8155,0.1457,0.3455,30.1,18.6,17.7,6.7,0.3
21139,Kentucky,KY,Livingston County,0.2374,0.497,0.496,0.0735,0.0582,27.7,21.7,31.2,2.9,0.0
21141,Kentucky,KY,Logan County,0.4671,0.6274,0.4852,0.3503,0.2599,25.7,18.6,16.5,6.1,0.2
21143,Kentucky,KY,Lyon County,0.1845,0.1718,0.1616,0.3563,0.3576,18.8,25.1,40.0,2.7,0.0
21145,Kentucky,KY,McCracken County,0.5517,0.3436,0.4763,0.4913,0.8626,26.5,20.1,15.9,8.2,0.1
21147,Kentucky,KY,McCreary County,0.6965,0.7311,0.3077,0.314,0.9087,50.4,16.1,23.1,10.8,0.3
21149,Kentucky,KY,McLean County,0.1839,0.195,0.21,0.0627,0.4165,18.4,19.7,18.6,5.8,0.0
21151,Kentucky,KY,Madison County,0.3843,0.4843,0.1005,0.328,0.5982,23.4,14.3,15.4,4.5,0.5
21153,Kentucky,KY,Magoffin County,0.7595,0.8396,0.6872,0.0057,0.8062,51.2,18.2,31.4,8.5,0.0
21155,Kentucky,KY,Marion County,0.7859,0.6949,0.8791,0.3697,0.7957,31.9,16.8,21.9,5.7,0.7
21157,Kentucky,KY,Marshall County,0.1699,0.1833,0.3163,0.0191,0.3175,23.0,21.8,17.8,4.4,0.1
21159,Kentucky,KY,Martin County,0.6869,0.7079,0.1537,0.3592,0.9618,41.7,17.2,32.5,8.3,0.3
21161,Kentucky,KY,Mason County,0.6542,0.6042,0.8304,0.3535,0.5743,30.5,19.0,18.0,10.5,0.4
21163,Kentucky,KY,Meade County,0.1559,0.1839,0.2272,0.335,0.2084,17.5,14.7,19.8,4.2,0.1
21165,Kentucky,KY,Menifee County,0.5676,0.5469,0.6907,0.0191,0.7136,38.1,20.7,25.5,6.9,0.0
21167,Kentucky,KY,Mercer County,0.1591,0.2774,0.2323,0.2781,0.126,19.1,18.8,15.3,4.9,1.1
21169,Kentucky,KY,Metcalfe County,0.5453,0.6217,0.4108,0.0627,0.7194,32.2,18.6,20.2,6.3,0.0
21171,Kentucky,KY,Monroe County,0.714,0.581,0.9112,0.1409,0.777,32.9,18.5,24.3,7.5,0.5
21173,Kentucky,KY,Montgomery County,0.5896,0.6936,0.7,0.1753,0.4617,26.9,16.8,20.9,6.2,0.1
21175,Kentucky,KY,Morgan County,0.5918,0.5845,0.2256,0.1985,0.9297,34.8,17.1,26.1,6.7,0.0
21177,Kentucky,KY,Muhlenberg County,0.3535,0.5307,0.2584,0.182,0.3325,28.8,19.8,21.9,4.6,0.2
21179,Kentucky,KY,Nelson County,0.0888,0.1359,0.3532,0.2879,0.0496,16.4,16.6,15.5,3.0,0.7
21181,Kentucky,KY,Nicholas County,0.4111,0.6001,0.1868,0.0229,0.5345,27.8,16.9,22.5,8.9,0.0
21183,Kentucky,KY,Ohio County,0.4251,0.4158,0.9252,0.1225,0.1817,25.7,18.2,18.3,3.7,1.9
21185,Kentucky,KY,Oldham County,0.0398,0.0181,0.1702,0.3723,0.112,8.3,13.8,9.2,1.2,0.4
21187,Kentucky,KY,Owen County,0.2711,0.5507,0.3058,0.0932,0.133,24.8,19.6,18.7,2.8,0.3
21189,Kentucky,KY,Owsley County,0.5078,0.7082,0.2246,0.2323,0.5371,38.1,22.0,32.4,10.4,0.0
21191,Kentucky,KY,Pendleton County,0.5221,0.6252,0.3662,0.1225,0.6351,24.9,16.5,18.1,4.3,0.0
21193,Kentucky,KY,Perry County,0.6901,0.7566,0.7343,0.0932,0.6767,36.3,17.0,31.3,7.8,0.2
21195,Kentucky,KY,Pike County,0.7506,0.8673,0.5272,0.0229,0.8489,36.4,19.2,29.0,8.9,0.1
21197,Kentucky,KY,Powell County,0.7992,0.867,0.5651,0.0757,0.938,33.2,15.9,22.8,8.5,0.1
21199,Kentucky,KY,Pulaski County,0.6456,0.7483,0.8886,0.1339,0.3735,33.1,19.0,20.0,6.1,0.8
21201,Kentucky,KY,Robertson County,0.587,0.7251,0.5339,0.0115,0.6246,34.0,17.9,16.6,2.5,0.0
21203,Kentucky,KY,Rockcastle County,0.5291,0.6389,0.4178,0.0099,0.6621,33.5,18.8,22.2,9.1,0.0
21205,Kentucky,KY,Rowan County,0.5065,0.6927,0.014,0.0932,0.9586,37.7,14.0,16.2,8.8,0.2
21207,Kentucky,KY,Russell County,0.6029,0.6812,0.938,0.1572,0.2552,33.0,20.2,21.5,3.9,0.4
21209,Kentucky,KY,Scott County,0.1572,0.0544,0.5501,0.4018,0.2552,14.8,12.7,13.5,3.4,0.9
21211,Kentucky,KY,Shelby County,0.2892,0.2564,0.3789,0.5383,0.3007,17.0,16.3,12.1,2.3,2.3
21213,Kentucky,KY,Simpson County,0.2259,0.4779,0.0372,0.4314,0.2205,20.6,15.7,14.3,3.0,0.0
21215,Kentucky,KY,Spencer County,0.0356,0.1448,0.069,0.1276,0.0347,15.5,14.4,13.7,2.7,0.2
21217,Kentucky,KY,Taylor County,0.3395,0.2911,0.5654,0.3086,0.3789,23.8,18.2,20.8,6.7,0.0
21219,Kentucky,KY,Todd County,0.7986,0.7572,0.7455,0.4273,0.8533,29.5,16.6,15.4,9.3,2.0
21221,Kentucky,KY,Trigg County,0.6672,0.685,0.7846,0.377,0.5352,28.3,22.7,27.5,7.0,0.2
21223,Kentucky,KY,Trimble County,0.3633,0.419,0.3805,0.2062,0.4232,21.5,17.6,19.9,5.3,0.5
21225,Kentucky,KY,Union County,0.2424,0.2794,0.1829,0.3649,0.3468,26.5,18.8,30.9,5.1,0.2
21227,Kentucky,KY,Warren County,0.7731,0.6265,0.6029,0.5819,0.9415,26.8,13.2,13.9,6.7,3.2
21229,Kentucky,KY,Washington County,0.4184,0.3735,0.6373,0.3592,0.3818,21.7,18.9,20.7,6.8,0.3
21231,Kentucky,KY,Wayne County,0.6812,0.7941,0.9255,0.1696,0.3128,40.8,21.0,24.3,6.0,0.8
21233,Kentucky,KY,Webster County,0.706,0.5317,0.9704,0.3484,0.5702,28.2,17.7,29.1,5.3,1.5
21235,Kentucky,KY,Whitley County,0.8365,0.8918,0.5027,0.0407,0.9831,38.6,15.7,21.8,8.6,0.1
21237,Kentucky,KY,Wolfe County,0.776,0.902,0.4728,0.0006,0.8995,54.9,19.7,35.6,16.3,0.0
21239,Kentucky,KY,Woodford County,0.1801,0.1085,0.6659,0.4085,0.1378,15.5,19.7,13.5,3.7,1.8
22001,Louisiana,LA,Acadia Parish,0.8832,0.8867,0.8781,0.5759,0.7935,35.9,15.7,19.7,9.2,0.4
22003,Louisiana,LA,Allen Parish,0.903,0.7525,0.9354,0.6647,0.944,28.8,15.0,19.7,8.2,2.9
22005,Louisiana,LA,Ascension Parish,0.384,0.2259,0.6717,0.7105,0.3274,16.1,12.4,12.3,3.7,1.6
22007,Louisiana,LA,Assumption Parish,0.7296,0.7719,0.5854,0.7226,0.5635,29.7,19.4,17.0,9.0,0.4
22009,Louisiana,LA,Avoyelles Parish,0.9682,0.9545,0.9383,0.7299,0.9084,41.4,17.3,23.6,9.9,0.5
22011,Louisiana,LA,Beauregard Parish,0.5498,0.4744,0.5377,0.5415,0.6131,22.0,15.7,18.0,5.4,0.2
22013,Louisiana,LA,Bienville Parish,0.9755,0.8944,0.9612,0.8492,0.9695,46.9,20.9,20.6,12.9,0.6
22015,Louisiana,LA,Bossier Parish,0.7773,0.721,0.7381,0.7359,0.7019,25.8,14.8,13.2,6.1,1.9
22017,Louisiana,LA,Caddo Parish,0.9329,0.9033,0.8202,0.9017,0.8963,33.4,17.9,17.5,10.3,0.4
22019,Louisiana,LA,Calcasieu Parish,0.7149,0.616,0.5673,0.7105,0.7693,25.9,15.3,14.1,6.2,0.6
22021,Louisiana,LA,Caldwell Parish,0.9052,0.8568,0.6777,0.5775,0.986,39.0,18.2,18.0,9.1,0.1
22023,Louisiana,LA,Cameron Parish,0.2984,0.2644,0.5415,0.377,0.2899,30.0,15.9,15.9,1.5,3.1
22025,Louisiana,LA,Catahoula Parish,0.8581,0.8374,0.2911,0.7121,0.9876,32.8,17.0,17.0,10.3,0.1
22027,Louisiana,LA,Claiborne Parish,0.8069,0.7636,0.2876,0.8899,0.9395,48.9,21.0,14.7,12.7,0.0
22029,Louisiana,LA,Concordia Parish,0.9949,0.9561,0.9924,0.8088,0.9577,45.9,18.6,21.0,11.8,2.0
22031,Louisiana,LA,De Soto Parish,0.8101,0.7397,0.8988,0.7929,0.5784,31.1,18.2,19.9,9.1,0.4
22033,Louisiana,LA,East Baton Rouge Parish,0.846,0.7903,0.6347,0.9017,0.8546,27.2,14.7,14.2,7.7,1.7
22035,Louisiana,LA,East Carroll Parish,0.8781,0.9469,0.4897,0.9672,0.7496,57.0,15.8,17.6,12.1,0.0
22037,Louisiana,LA,East Feliciana Parish,0.5937,0.4741,0.056,0.8403,0.9609,22.2,18.7,15.8,8.3,0.4
22039,Louisiana,LA,Evangeline Parish,0.999,0.9841,0.9955,0.7261,0.9895,43.1,15.6,24.8,11.1,3.0
22041,Louisiana,LA,Franklin Parish,0.8053,0.9122,0.7525,0.7178,0.4337,41.7,19.0,15.7,5.2,0.1
22043,Louisiana,LA,Grant Parish,0.7219,0.6163,0.5908,0.6045,0.8231,27.3,15.2,19.6,7.5,2.1
22045,Louisiana,LA,Iberia Parish,0.936,0.8409,0.9351,0.8059,0.9115,33.4,15.6,16.8,11.5,1.7
22047,Louisiana,LA,Iberville Parish,0.8501,0.7308,0.7222,0.8842,0.8953,26.3,16.7,16.5,7.6,1.7
22049,Louisiana,LA,Jackson Parish,0.8301,0.6192,0.9173,0.7003,0.8524,37.0,20.5,20.7,10.7,0.7
22051,Louisiana,LA,Jefferson Parish,0.8295,0.8288,0.8559,0.8673,0.5148,24.5,17.8,15.8,7.2,4.7
22053,Louisiana,LA,Jefferson Davis Parish,0.5549,0.5113,0.7079,0.5759,0.4203,26.8,16.8,16.4,5.7,0.4
22055,Louisiana,LA,Lafayette Parish,0.735,0.6344,0.5205,0.7321,0.8285,25.3,14.0,12.2,6.5,1.4
22057,Louisiana,LA,Lafourche Parish,0.7416,0.6815,0.5609,0.5915,0.8384,27.6,15.9,17.2,7.9,0.8
22059,Louisiana,LA,LaSalle Parish,0.4648,0.3274,0.4547,0.5326,0.6456,23.6,15.8,15.2,4.7,0.4
22061,Louisiana,LA,Lincoln Parish,0.7786,0.7544,0.1712,0.8524,0.9507,42.4,13.8,13.0,8.6,0.6
22063,Louisiana,LA,Livingston Parish,0.4709,0.3344,0.6933,0.4378,0.5135,20.0,13.5,13.5,4.1,1.3
22065,Louisiana,LA,Madison Parish,1.0,0.9663,0.964,0.9459,1.0,51.8,16.3,20.3,13.3,0.8
22067,Louisiana,LA,Morehouse Parish,0.9558,0.9488,0.7601,0.8804,0.9354,42.7,19.0,16.6,10.3,0.3
22069,Louisiana,LA,Natchitoches Parish,0.9281,0.9017,0.4668,0.8661,0.9924,38.4,16.6,16.4,8.0,0.1
22071,Louisiana,LA,Orleans Parish,0.8381,0.9115,0.3595,0.9567,0.7381,33.9,15.9,13.9,17.4,1.2
22073,Louisiana,LA,Ouachita Parish,0.8845,0.882,0.5682,0.8116,0.9303,33.8,15.3,13.9,8.8,0.4
22075,Louisiana,LA,Plaquemines Parish,0.651,0.4092,0.7197,0.7626,0.7451,23.1,13.3,14.8,5.3,1.6
22077,Louisiana,LA,Pointe Coupee Parish,0.7127,0.8428,0.7521,0.7859,0.2138,29.1,21.3,25.7,5.6,0.8
22079,Louisiana,LA,Rapides Parish,0.9071,0.7744,0.9189,0.776,0.922,28.7,16.4,17.8,9.6,0.8
22081,Louisiana,LA,Red River Parish,0.6662,0.6742,0.7929,0.8225,0.3105,37.2,19.2,20.5,4.8,0.1
22083,Louisiana,LA,Richland Parish,0.8632,0.8737,0.5097,0.7751,0.9058,40.1,17.7,14.9,6.2,0.0
22085,Louisiana,LA,Sabine Parish,0.8848,0.8724,0.973,0.7121,0.5673,36.6,20.7,21.3,8.5,0.9
22087,Louisiana,LA,St. Bernard Parish,0.9026,0.9392,0.9516,0.7859,0.5173,32.6,12.3,18.9,7.2,1.5
22089,Louisiana,LA,St. Charles Parish,0.4451,0.3624,0.8244,0.7308,0.161,17.3,14.4,15.5,3.3,1.3
22091,Louisiana,LA,St. Helena Parish,0.9478,0.8021,0.9812,0.8953,0.8746,36.7,20.4,26.7,10.8,1.7
22093,Louisiana,LA,St. James Parish,0.2701,0.2189,0.2956,0.8762,0.2164,22.5,18.4,12.9,8.4,0.2
22095,Louisiana,LA,St. John the Baptist Parish,0.7152,0.7556,0.8209,0.9567,0.2284,26.2,14.7,16.0,4.1,1.1
22097,Louisiana,LA,St. Landry Parish,0.9262,0.9453,0.7531,0.8482,0.8505,40.3,16.3,13.8,9.7,0.6
22099,Louisiana,LA,St. Martin Parish,0.7041,0.7219,0.6612,0.7321,0.5078,28.1,16.2,15.9,7.9,0.8
22101,Louisiana,LA,St. Mary Parish,0.9109,0.8425,0.9469,0.8212,0.7719,33.7,17.6,17.8,11.1,2.6
22103,Louisiana,LA,St. Tammany Parish,0.4868,0.4537,0.8648,0.5953,0.1699,19.8,17.7,16.3,3.8,1.3
22105,Louisiana,LA,Tangipahoa Parish,0.8651,0.7992,0.8963,0.7626,0.7397,30.1,14.9,20.2,5.9,0.7
22107,Louisiana,LA,Tensas Parish,0.8454,0.9497,0.3471,0.9122,0.7111,45.4,26.1,17.6,8.7,0.0
22109,Louisiana,LA,Terrebonne Parish,0.7821,0.6452,0.7607,0.7156,0.8075,24.3,15.1,16.9,7.9,0.6
22111,Louisiana,LA,Union Parish,0.8724,0.798,0.8711,0.6742,0.8451,35.9,21.4,15.9,6.4,1.2
22113,Louisiana,LA,Vermilion Parish,0.7875,0.7006,0.8915,0.5711,0.6923,30.7,15.9,17.6,9.1,1.1
22115,Louisiana,LA,Vernon Parish,0.832,0.7343,0.8412,0.6685,0.8088,29.0,13.0,20.4,8.0,0.7
22117,Louisiana,LA,Washington Parish,0.9822,0.9383,0.9771,0.7308,0.9526,37.6,18.5,23.7,10.1,1.0
22119,Louisiana,LA,Webster Parish,0.8775,0.8476,0.7047,0.7617,0.8966,44.7,20.2,15.7,8.7,0.3
22121,Louisiana,LA,West Baton Rouge Parish,0.6341,0.4811,0.2704,0.8403,0.8721,22.0,14.2,13.3,5.4,0.6
22123,Louisiana,LA,West Carroll Parish,0.6325,0.6093,0.8241,0.5383,0.4149,34.6,19.6,16.8,3.6,0.5
22125,Louisiana,LA,West Feliciana Parish,0.4668,0.4531,0.0722,0.8591,0.6729,18.3,16.0,13.4,3.9,0.3
22127,Louisiana,LA,Winn Parish,0.7401,0.5886,0.797,0.7245,0.7235,31.9,18.6,19.8,9.4,1.3
23001,Maine,ME,Androscoggin County,0.6007,0.4725,0.5173,0.3166,0.8715,21.5,18.2,17.5,9.0,0.9
23003,Maine,ME,Aroostook County,0.6545,0.636,0.6771,0.1409,0.7677,25.3,25.1,21.5,8.6,0.5
23005,Maine,ME,Cumberland County,0.1413,0.1063,0.0401,0.3563,0.5721,12.2,19.5,11.3,7.0,0.9
23007,Maine,ME,Franklin County,0.4569,0.3993,0.315,0.0821,0.8215,22.3,22.9,17.7,9.2,0.4
23009,Maine,ME,Hancock County,0.2183,0.3608,0.0891,0.119,0.3955,18.9,25.7,14.2,5.6,0.2
23011,Maine,ME,Kennebec County,0.357,0.2946,0.2934,0.1276,0.7082,20.5,20.6,16.6,7.3,0.4
23013,Maine,ME,Knox County,0.1724,0.2759,0.0834,0.0757,0.3777,18.1,26.5,13.1,5.8,0.2
23015,Maine,ME,Lincoln County,0.1094,0.2065,0.132,0.1457,0.1578,16.5,28.3,16.0,5.4,0.3
23017,Maine,ME,Oxford County,0.3452,0.6465,0.0942,0.1276,0.3595,24.8,22.8,17.9,5.6,0.1
23019,Maine,ME,Penobscot County,0.4416,0.398,0.1365,0.1928,0.8699,21.9,19.4,18.3,8.2,0.3
23021,Maine,ME,Piscataquis County,0.4804,0.5749,0.4524,0.1654,0.4963,24.7,26.8,23.4,6.1,0.1
23023,Maine,ME,Sagadahoc County,0.1015,0.2972,0.0519,0.1276,0.1273,16.6,23.4,12.1,5.8,0.2
23025,Maine,ME,Somerset County,0.3,0.5361,0.1228,0.0544,0.3856,28.7,22.2,19.2,6.2,0.1
23027,Maine,ME,Waldo County,0.2902,0.4578,0.2647,0.1339,0.2908,20.7,23.9,17.4,5.8,0.2
23029,Maine,ME,Washington County,0.6694,0.7751,0.6147,0.3563,0.5498,27.0,25.3,23.5,7.4,0.4
23031,Maine,ME,York County,0.1304,0.1626,0.1174,0.2214,0.2879,13.5,21.2,15.0,5.2,0.4
24001,Maryland,MD,Allegany County,0.5552,0.532,0.3917,0.3847,0.7302,26.4,20.8,18.9,9.6,0.3
24003,Maryland,MD,Anne Arundel County,0.1639,0.0773,0.2027,0.7286,0.2962,9.7,15.4,10.7,3.8,1.4
24005,Maryland,MD,Baltimore County,0.5571,0.3653,0.5103,0.8428,0.6748,16.1,17.6,11.9,7.8,1.9
24009,Maryland,MD,Calvert County,0.0057,0.0095,0.0261,0.5978,0.0159,7.8,15.5,9.6,3.1,0.3
24011,Maryland,MD,Caroline County,0.7579,0.7318,0.868,0.6277,0.5218,26.6,16.9,14.6,6.1,2.1
24013,Maryland,MD,Carroll County,0.0277,0.0153,0.0662,0.3824,0.1285,8.9,17.4,12.5,4.0,0.6
24015,Maryland,MD,Cecil County,0.322,0.2991,0.2539,0.4839,0.4661,17.6,16.4,13.0,5.2,0.9
24017,Maryland,MD,Charles County,0.174,0.0951,0.3894,0.9424,0.1028,10.1,12.9,10.4,3.3,1.0
24019,Maryland,MD,Dorchester County,0.7824,0.6809,0.9513,0.7655,0.4766,25.6,21.9,17.0,10.0,1.7
24021,Maryland,MD,Frederick County,0.1234,0.063,0.2504,0.6726,0.1763,9.6,14.9,9.9,3.9,1.7
24023,Maryland,MD,Garrett County,0.2564,0.2389,0.448,0.0299,0.4356,20.1,23.0,18.2,7.4,0.3
24025,Maryland,MD,Harford County,0.0789,0.0531,0.1355,0.6233,0.1397,11.9,16.7,11.0,4.0,0.9
24027,Maryland,MD,Howard County,0.1483,0.027,0.4769,0.8785,0.1689,8.7,14.5,8.4,4.0,3.6
24029,Maryland,MD,Kent County,0.4353,0.3003,0.5931,0.5778,0.4674,17.6,26.8,15.0,6.5,1.1
24031,Maryland,MD,Montgomery County,0.4893,0.2711,0.4388,0.9122,0.623,12.0,16.2,8.8,7.9,6.6
24033,Maryland,MD,Prince George's County,0.8161,0.7159,0.5116,0.9914,0.8676,14.9,14.1,9.9,9.3,7.4
24035,Maryland,MD,Queen Anne's County,0.043,0.1215,0.112,0.4496,0.0188,11.2,19.7,10.1,3.1,1.1
24037,Maryland,MD,St. Mary's County,0.2466,0.0945,0.4057,0.6449,0.4244,12.5,13.3,11.3,4.5,0.8
24039,Maryland,MD,Somerset County,0.8794,0.797,0.4639,0.861,0.987,29.5,17.2,16.1,7.5,1.3
24041,Maryland,MD,Talbot County,0.3338,0.1852,0.7935,0.5854,0.2316,16.4,29.7,16.7,7.2,2.0
24043,Maryland,MD,Washington County,0.6325,0.4788,0.5867,0.5867,0.7846,20.1,17.7,15.3,7.9,1.1
24045,Maryland,MD,Wicomico County,0.7916,0.7178,0.5829,0.7735,0.8438,23.0,16.2,12.2,7.4,2.4
24047,Maryland,MD,Worcester County,0.4305,0.3933,0.3697,0.5437,0.4798,15.0,28.0,15.3,5.6,0.6
24510,Maryland,MD,Baltimore City,0.8565,0.811,0.6169,0.9698,0.8466,29.4,14.8,16.4,26.5,1.6
25001,Massachusetts,MA,Barnstable County,0.1279,0.1537,0.3003,0.3917,0.1107,12.0,31.6,13.8,5.0,1.5
25003,Massachusetts,MA,Berkshire County,0.4235,0.3242,0.4311,0.3939,0.6061,18.4,24.1,14.9,9.4,0.7
25005,Massachusetts,MA,Bristol County,0.6227,0.5148,0.6332,0.5558,0.699,18.1,17.2,14.3,9.6,4.2
25007,Massachusetts,MA,Dukes County,0.133,0.3821,0.2704,0.5094,0.0064,12.8,25.1,10.0,3.9,5.0
25009,Massachusetts,MA,Essex County,0.6055,0.3869,0.5584,0.7038,0.8024,16.1,17.6,12.0,9.9,6.9
25011,Massachusetts,MA,Franklin County,0.4375,0.3742,0.5619,0.3248,0.5037,19.8,23.2,16.8,7.3,1.1
25013,Massachusetts,MA,Hampden County,0.8177,0.6637,0.8638,0.7798,0.776,24.0,17.4,16.3,12.2,5.6
25015,Massachusetts,MA,Hampshire County,0.2708,0.2463,0.0582,0.4763,0.664,16.4,19.1,11.7,7.4,1.1
25017,Massachusetts,MA,Middlesex County,0.2854,0.1219,0.062,0.6885,0.8282,11.6,15.7,9.7,10.5,4.3
25019,Massachusetts,MA,Nantucket County,0.1031,0.1728,0.0442,0.6548,0.1199,10.6,15.9,10.3,4.0,0.9
25021,Massachusetts,MA,Norfolk County,0.2959,0.1378,0.126,0.6487,0.741,10.4,17.2,9.6,9.1,3.8
25023,Massachusetts,MA,Plymouth County,0.3064,0.1992,0.3605,0.5597,0.4715,11.0,18.8,11.2,6.3,2.8
25025,Massachusetts,MA,Suffolk County,0.7849,0.6853,0.1982,0.8988,0.978,24.6,12.6,12.2,31.8,10.1
25027,Massachusetts,MA,Worcester County,0.51,0.3373,0.406,0.6268,0.7423,15.8,16.2,12.6,8.7,3.8
26001,Michigan,MI,Alcona County,0.1298,0.4203,0.2234,0.1094,0.0274,23.9,36.1,23.0,3.5,0.1
26003,Michigan,MI,Alger County,0.2908,0.209,0.1075,0.4948,0.6866,18.9,25.0,18.3,5.9,0.0
26005,Michigan,MI,Allegan County,0.1677,0.1225,0.3694,0.3977,0.2278,17.6,17.4,10.6,3.1,0.8
26007,Michigan,MI,Alpena County,0.4165,0.4951,0.4617,0.0881,0.4563,28.0,24.0,19.9,9.0,0.1
26009,Michigan,MI,Antrim County,0.0566,0.1479,0.0904,0.1339,0.0977,16.8,27.9,15.5,3.6,0.0
26011,Michigan,MI,Arenac County,0.377,0.4696,0.5052,0.1276,0.3306,23.5,25.6,19.5,7.3,0.5
26013,Michigan,MI,Baraga County,0.4178,0.2975,0.202,0.6402,0.7006,24.6,22.9,19.7,7.9,0.2
26015,Michigan,MI,Barry County,0.0668,0.1604,0.1206,0.1753,0.0865,14.8,18.8,13.6,3.4,0.3
26017,Michigan,MI,Bay County,0.294,0.371,0.3048,0.3248,0.2978,22.2,20.8,15.8,6.9,0.1
26019,Michigan,MI,Benzie County,0.0818,0.2456,0.0547,0.1861,0.1056,17.9,27.0,15.6,2.9,0.0
26021,Michigan,MI,Berrien County,0.6338,0.6179,0.5743,0.6223,0.5737,25.8,20.4,13.8,7.8,0.6
26023,Michigan,MI,Branch County,0.7181,0.5883,0.6949,0.3248,0.8921,25.3,18.8,14.7,6.4,2.9
26025,Michigan,MI,Calhoun County,0.6815,0.5982,0.678,0.5867,0.6888,24.2,18.0,14.3,7.4,1.0
26027,Michigan,MI,Cass County,0.2122,0.3554,0.2097,0.4356,0.1324,20.0,21.5,16.3,4.1,0.2
26029,Michigan,MI,Charlevoix County,0.1518,0.1759,0.2542,0.1753,0.2418,16.2,25.4,14.2,5.5,0.5
26031,Michigan,MI,Cheboygan County,0.2599,0.4995,0.2281,0.2781,0.139,23.1,28.2,19.1,4.7,0.3
26033,Michigan,MI,Chippewa County,0.6373,0.5574,0.1769,0.6971,0.9112,25.8,18.8,18.0,7.7,0.3
26035,Michigan,MI,Clare County,0.693,0.9068,0.5527,0.1094,0.5339,31.9,24.4,23.3,7.8,0.3
26037,Michigan,MI,Clinton County,0.0414,0.0554,0.1136,0.3388,0.0802,15.3,17.8,12.9,2.6,0.4
26039,Michigan,MI,Crawford County,0.3707,0.5157,0.4276,0.182,0.2739,25.0,25.9,22.0,7.2,0.2
26041,Michigan,MI,Delta County,0.335,0.3506,0.2402,0.2536,0.5463,22.5,24.9,17.7,8.9,0.0
26043,Michigan,MI,Dickinson County,0.0945,0.0576,0.1798,0.1225,0.3589,18.4,23.1,16.7,6.9,0.2
26045,Michigan,MI,Eaton County,0.1782,0.1244,0.265,0.503,0.2886,13.9,19.2,15.8,4.3,0.5
26047,Michigan,MI,Emmet County,0.1149,0.1406,0.0706,0.3118,0.2994,15.8,23.2,12.8,5.3,0.1
26049,Michigan,MI,Genesee County,0.6573,0.6424,0.7369,0.6513,0.4683,25.7,18.0,17.7,7.9,0.5
26051,Michigan,MI,Gladwin County,0.5202,0.7133,0.4349,0.0821,0.4687,26.2,26.8,20.1,6.8,0.5
26053,Michigan,MI,Gogebic County,0.2418,0.3178,0.1686,0.2587,0.3506,26.8,27.7,16.8,8.3,0.2
26055,Michigan,MI,Grand Traverse County,0.2033,0.1737,0.0856,0.2214,0.6227,16.7,20.7,12.4,5.8,0.3
26057,Michigan,MI,Gratiot County,0.4171,0.3509,0.1839,0.4356,0.7251,23.7,17.5,15.7,5.2,0.4
26059,Michigan,MI,Hillsdale County,0.483,0.4703,0.322,0.1225,0.7751,26.6,20.4,15.2,6.1,0.5
26061,Michigan,MI,Houghton County,0.4213,0.5259,0.0216,0.2444,0.8778,28.0,17.4,11.4,9.1,0.7
26063,Michigan,MI,Huron County,0.2046,0.3703,0.2227,0.0757,0.2014,22.9,26.1,15.9,6.2,0.4
26065,Michigan,MI,Ingham County,0.5759,0.5326,0.1282,0.6911,0.8543,24.9,14.2,13.6,9.1,1.5
26067,Michigan,MI,Ionia County,0.3296,0.294,0.0786,0.4085,0.7378,17.9,15.3,13.3,5.3,0.3
26069,Michigan,MI,Iosco County,0.4362,0.6682,0.3987,0.1985,0.2444,28.4,30.0,20.7,7.5,0.3
26071,Michigan,MI,Iron County,0.3239,0.3493,0.4308,0.1457,0.4213,24.0,30.5,20.8,7.7,0.1
26073,Michigan,MI,Isabella County,0.5711,0.7881,0.0153,0.4445,0.8883,34.3,13.3,14.4,7.0,0.4
26075,Michigan,MI,Jackson County,0.5014,0.4279,0.3535,0.4725,0.706,20.7,18.2,14.9,7.0,0.4
26077,Michigan,MI,Kalamazoo County,0.4257,0.4098,0.1486,0.5927,0.6109,21.5,15.5,12.4,6.8,0.7
26079,Michigan,MI,Kalkaska County,0.3035,0.5332,0.1966,0.1861,0.2561,25.9,20.5,18.6,5.3,0.1
26081,Michigan,MI,Kent County,0.4464,0.2587,0.4674,0.6437,0.6239,18.1,14.2,10.7,6.7,2.7
26083,Michigan,MI,Keweenaw County,0.0076,0.1098,0.0929,0.0229,0.0029,15.1,35.9,13.2,2.2,0.1
26085,Michigan,MI,Lake County,0.721,0.9259,0.3118,0.5119,0.5342,34.8,27.8,26.0,9.3,0.2
26087,Michigan,MI,Lapeer County,0.2065,0.2507,0.2644,0.2733,0.2571,17.2,18.9,14.4,4.3,1.0
26089,Michigan,MI,Leelanau County,0.0118,0.0328,0.0687,0.3016,0.0229,12.2,32.4,13.9,4.0,0.3
26091,Michigan,MI,Lenawee County,0.4403,0.4171,0.3662,0.4165,0.5441,19.5,19.5,14.1,5.2,1.0
26093,Michigan,MI,Livingston County,0.0041,0.0318,0.0162,0.1339,0.049,9.0,18.3,10.9,3.0,0.3
26095,Michigan,MI,Luce County,0.5313,0.5005,0.5698,0.5218,0.5037,29.1,25.8,24.5,5.6,0.7
26097,Michigan,MI,Mackinac County,0.6211,0.6029,0.448,0.6437,0.6465,25.5,28.8,19.0,12.1,0.7
26099,Michigan,MI,Macomb County,0.4079,0.4127,0.4095,0.5867,0.3353,16.9,17.5,14.0,5.8,2.3
26101,Michigan,MI,Manistee County,0.3583,0.3961,0.2724,0.3592,0.4438,19.9,26.6,18.9,5.0,0.4
26103,Michigan,MI,Marquette County,0.2291,0.3277,0.0353,0.2323,0.5571,22.0,19.7,14.6,6.0,0.3
26105,Michigan,MI,Mason County,0.3812,0.3598,0.3032,0.2816,0.5756,23.0,24.9,16.5,6.8,0.3
26107,Michigan,MI,Mecosta County,0.6102,0.6141,0.2418,0.2816,0.9122,28.1,19.7,17.5,6.2,0.4
26109,Michigan,MI,Menominee County,0.1553,0.181,0.1565,0.2062,0.3194,19.8,25.5,16.4,6.8,0.1
26111,Michigan,MI,Midland County,0.1683,0.1473,0.1257,0.2854,0.4413,17.4,19.5,13.8,5.8,0.3
26113,Michigan,MI,Missaukee County,0.4757,0.6246,0.5663,0.2062,0.2991,22.5,20.9,18.1,3.9,0.5
26115,Michigan,MI,Monroe County,0.1588,0.2771,0.1066,0.2914,0.2046,17.5,18.9,14.8,5.2,0.2
26117,Michigan,MI,Montcalm County,0.4607,0.4722,0.1833,0.335,0.7273,21.9,17.4,16.5,6.0,0.6
26119,Michigan,MI,Montmorency County,0.4311,0.7518,0.3977,0.0627,0.1957,29.2,31.9,24.0,7.4,0.1
26121,Michigan,MI,Muskegon County,0.63,0.5091,0.4798,0.6029,0.7945,24.0,17.6,14.3,7.1,0.4
26123,Michigan,MI,Newaygo County,0.5463,0.5367,0.6974,0.3322,0.4868,25.1,19.8,18.6,4.4,0.7
26125,Michigan,MI,Oakland County,0.1435,0.1298,0.1225,0.6656,0.2119,12.4,17.5,11.4,5.5,1.7
26127,Michigan,MI,Oceana County,0.6252,0.5212,0.7051,0.5218,0.6443,26.0,21.3,16.9,4.8,1.6
26129,Michigan,MI,Ogemaw County,0.4766,0.6503,0.4919,0.1152,0.3681,27.9,26.5,22.4,5.7,0.2
26131,Michigan,MI,Ontonagon County,0.1269,0.2899,0.2033,0.1037,0.0939,24.8,37.1,20.1,4.9,0.2
26133,Michigan,MI,Osceola County,0.5924,0.6608,0.6115,0.182,0.5924,25.5,21.3,19.6,6.9,0.2
26135,Michigan,MI,Oscoda County,0.5797,0.8801,0.5482,0.0932,0.2778,27.5,28.3,23.0,7.2,0.4
26137,Michigan,MI,Otsego County,0.2759,0.3322,0.5692,0.0983,0.2339,20.1,21.7,16.7,5.9,0.1
26139,Michigan,MI,Ottawa County,0.1371,0.0544,0.119,0.4814,0.4801,13.2,15.7,10.1,3.9,1.2
26141,Michigan,MI,Presque Isle County,0.1957,0.356,0.3083,0.0579,0.1534,23.6,32.3,18.5,5.7,0.5
26143,Michigan,MI,Roscommon County,0.3898,0.5129,0.5065,0.1696,0.2781,26.7,33.1,24.0,7.9,0.6
26145,Michigan,MI,Saginaw County,0.6707,0.601,0.6774,0.6885,0.6013,27.8,19.6,17.7,8.0,0.4
26147,Michigan,MI,St. Clair County,0.2914,0.4302,0.3707,0.2781,0.1985,20.0,19.4,16.7,5.6,0.3
26149,Michigan,MI,St. Joseph County,0.5905,0.5667,0.763,0.4248,0.4712,21.4,18.2,16.8,8.2,1.3
26151,Michigan,MI,Sanilac County,0.4613,0.5577,0.5017,0.1508,0.4397,25.2,22.3,17.9,6.0,0.5
26153,Michigan,MI,Schoolcraft County,0.552,0.7016,0.6265,0.434,0.2762,28.1,27.5,21.1,7.4,0.7
26155,Michigan,MI,Shiawassee County,0.1489,0.2224,0.1709,0.1339,0.2383,19.7,19.1,15.6,5.8,0.3
26157,Michigan,MI,Tuscola County,0.2841,0.3786,0.2555,0.2109,0.3544,22.7,21.0,19.3,5.2,0.1
26159,Michigan,MI,Van Buren County,0.6494,0.5593,0.7413,0.5326,0.6281,23.5,18.9,13.4,5.5,1.6
26161,Michigan,MI,Washtenaw County,0.3223,0.2571,0.0232,0.6847,0.8056,19.5,14.8,10.1,8.1,1.4
26163,Michigan,MI,Wayne County,0.861,0.8234,0.881,0.8769,0.6367,29.7,15.8,15.4,12.1,2.7
26165,Michigan,MI,Wexford County,0.5056,0.5355,0.5581,0.2109,0.5288,25.0,20.0,17.7,5.4,0.2
27001,Minnesota,MN,Aitkin County,0.2838,0.4464,0.2698,0.1508,0.2755,21.0,33.6,20.6,5.2,0.1
27003,Minnesota,MN,Anoka County,0.1807,0.0837,0.3303,0.5654,0.3178,11.4,14.6,9.8,4.7,2.1
27005,Minnesota,MN,Becker County,0.3808,0.2615,0.4451,0.4165,0.5616,20.5,21.4,14.7,5.1,0.2
27007,Minnesota,MN,Beltrami County,0.755,0.5768,0.4572,0.6548,0.9647,27.1,16.6,14.8,6.9,0.3
27009,Minnesota,MN,Benton County,0.3719,0.1362,0.4136,0.3748,0.8301,16.5,13.6,11.2,5.3,0.9
27011,Minnesota,MN,Big Stone County,0.0881,0.0592,0.1855,0.0474,0.3567,18.3,25.8,13.1,4.7,0.5
27013,Minnesota,MN,Blue Earth County,0.3831,0.2822,0.0433,0.4018,0.9325,24.7,14.5,10.9,7.0,1.2
27015,Minnesota,MN,Brown County,0.1145,0.05,0.237,0.1928,0.413,15.8,21.4,11.5,4.6,0.6
27017,Minnesota,MN,Carlton County,0.3678,0.21,0.4808,0.3649,0.6386,19.8,17.9,15.4,4.8,0.5
27019,Minnesota,MN,Carver County,0.0337,0.0048,0.1954,0.3818,0.0862,6.8,13.2,7.7,4.0,0.8
27021,Minnesota,MN,Cass County,0.3465,0.4763,0.2291,0.5202,0.2657,22.9,26.4,15.1,4.5,0.2
27023,Minnesota,MN,Chippewa County,0.6452,0.5145,0.8024,0.4222,0.6806,22.6,21.7,15.3,7.4,1.5
27025,Minnesota,MN,Chisago County,0.0426,0.0385,0.0251,0.2323,0.3131,11.0,16.0,11.2,4.0,0.3
27027,Minnesota,MN,Clay County,0.4381,0.2514,0.2383,0.4314,0.8807,21.3,13.5,11.8,8.4,0.6
27029,Minnesota,MN,Clearwater County,0.7779,0.7381,0.5552,0.4658,0.9109,20.1,20.7,17.7,8.5,0.2
27031,Minnesota,MN,Cook County,0.084,0.0503,0.1298,0.4378,0.2253,14.5,29.3,13.2,4.0,0.8
27033,Minnesota,MN,Cottonwood County,0.4903,0.1823,0.9004,0.4613,0.6102,23.1,22.7,13.6,5.6,1.1
27035,Minnesota,MN,Crow Wing County,0.2087,0.2889,0.2393,0.1152,0.2984,17.9,23.5,15.1,4.8,0.2
27037,Minnesota,MN,Dakota County,0.1492,0.0601,0.4123,0.6013,0.2071,10.0,15.0,9.9,4.5,1.7
27039,Minnesota,MN,Dodge County,0.0401,0.0111,0.1839,0.265,0.1543,8.2,15.2,9.6,3.8,0.9
27041,Minnesota,MN,Douglas County,0.1174,0.0614,0.2886,0.0675,0.3971,15.4,23.6,11.9,5.4,0.3
27043,Minnesota,MN,Faribault County,0.1629,0.1661,0.3742,0.328,0.1734,21.3,22.8,13.3,5.1,0.6
27045,Minnesota,MN,Fillmore County,0.2004,0.1584,0.371,0.0579,0.433,16.2,21.5,11.1,6.2,0.6
27047,Minnesota,MN,Freeborn County,0.4986,0.3516,0.7203,0.4763,0.524,20.8,22.4,13.5,6.3,2.2
27049,Minnesota,MN,Goodhue County,0.1645,0.1266,0.1196,0.2733,0.4979,14.2,19.9,10.1,6.6,0.7
27051,Minnesota,MN,Grant County,0.1998,0.2323,0.4951,0.1339,0.1861,21.2,23.4,15.3,4.2,0.3
27053,Minnesota,MN,Hennepin County,0.4108,0.1979,0.1979,0.7038,0.8126,15.5,14.8,10.1,8.9,2.7
27055,Minnesota,MN,Houston County,0.0207,0.0235,0.1546,0.0983,0.0716,13.1,22.1,11.4,3.5,0.6
27057,Minnesota,MN,Hubbard County,0.2809,0.2358,0.2937,0.2364,0.5297,18.6,25.8,14.7,5.2,0.4
27059,Minnesota,MN,Isanti County,0.0913,0.2081,0.1199,0.1861,0.0996,15.2,16.6,12.7,3.3,0.3
27061,Minnesota,MN,Itasca County,0.4012,0.3465,0.3089,0.314,0.6405,18.9,24.6,18.0,5.6,0.1
27063,Minnesota,MN,Jackson County,0.0856,0.0264,0.3503,0.2485,0.2386,15.6,22.6,14.3,4.9,0.8
27065,Minnesota,MN,Kanabec County,0.2612,0.308,0.1304,0.1225,0.5565,20.7,21.3,15.9,4.5,0.2
27067,Minnesota,MN,Kandiyohi County,0.5383,0.2765,0.7684,0.5667,0.6895,20.0,19.7,13.2,5.5,3.6
27069,Minnesota,MN,Kittson County,0.0958,0.0232,0.1123,0.1037,0.609,17.1,26.3,10.9,4.6,0.1
27071,Minnesota,MN,Koochiching County,0.3118,0.1989,0.5119,0.2536,0.5323,18.9,27.0,19.0,6.9,0.1
27073,Minnesota,MN,Lac qui Parle County,0.0535,0.0169,0.4932,0.0932,0.1276,14.3,27.2,15.9,3.4,0.7
27075,Minnesota,MN,Lake County,0.0805,0.0741,0.2873,0.0474,0.1934,15.7,26.9,15.7,4.3,0.2
27077,Minnesota,MN,Lake of the Woods County,0.0417,0.0942,0.0264,0.2265,0.1588,17.2,25.1,12.6,2.4,0.0
27079,Minnesota,MN,Le Sueur County,0.0694,0.069,0.3408,0.2879,0.0786,12.2,18.1,10.4,2.8,1.1
27081,Minnesota,MN,Lincoln County,0.069,0.0961,0.3073,0.0675,0.1002,18.2,24.3,13.2,3.0,0.3
27083,Minnesota,MN,Lyon County,0.5348,0.2125,0.7245,0.4913,0.8498,19.6,16.8,12.2,7.3,3.1
27085,Minnesota,MN,McLeod County,0.1126,0.0875,0.2603,0.3086,0.2087,13.3,19.4,13.9,4.0,0.9
27087,Minnesota,MN,Mahnomen County,0.9577,0.944,0.8645,0.8941,0.8708,36.0,17.2,16.8,8.2,0.3
27089,Minnesota,MN,Marshall County,0.1133,0.0414,0.4925,0.2062,0.2246,15.4,22.2,12.4,3.9,0.6
27091,Minnesota,MN,Martin County,0.2867,0.2364,0.504,0.2536,0.3859,21.1,23.6,16.0,6.1,0.4
27093,Minnesota,MN,Meeker County,0.1018,0.0611,0.286,0.1508,0.2701,15.2,20.1,12.1,4.6,0.4
27095,Minnesota,MN,Mille Lacs County,0.5406,0.3754,0.6137,0.3484,0.7636,18.8,18.2,15.7,6.7,0.5
27097,Minnesota,MN,Morrison County,0.1448,0.217,0.1394,0.0474,0.2997,18.6,20.1,12.9,5.2,0.2
27099,Minnesota,MN,Mower County,0.5021,0.1845,0.8215,0.6083,0.6697,21.3,18.5,12.0,5.9,5.2
27101,Minnesota,MN,Murray County,0.0983,0.0719,0.5008,0.2733,0.0942,15.7,25.9,12.5,4.1,1.6
27103,Minnesota,MN,Nicollet County,0.1877,0.0468,0.2781,0.3888,0.5943,17.5,16.9,12.1,5.3,0.7
27105,Minnesota,MN,Nobles County,0.8323,0.5549,0.9599,0.8225,0.797,22.8,17.2,13.1,7.1,10.6
27107,Minnesota,MN,Norman County,0.2806,0.2326,0.2946,0.3535,0.4763,18.2,21.3,13.7,5.1,0.1
27109,Minnesota,MN,Olmsted County,0.2361,0.0627,0.2841,0.5654,0.6367,13.3,16.0,9.5,6.7,2.2
27111,Minnesota,MN,Otter Tail County,0.3303,0.2482,0.4852,0.2444,0.5221,17.8,24.4,14.0,5.6,0.9
27113,Minnesota,MN,Pennington County,0.1416,0.0436,0.2205,0.3217,0.5091,15.8,18.4,14.7,4.7,0.3
27115,Minnesota,MN,Pine County,0.4919,0.4493,0.1689,0.3446,0.8482,19.9,21.3,18.3,6.2,0.3
27117,Minnesota,MN,Pipestone County,0.2288,0.1059,0.7509,0.4248,0.2043,19.1,20.4,13.4,5.6,1.0
27119,Minnesota,MN,Polk County,0.4365,0.2027,0.4018,0.4314,0.8428,21.0,18.7,12.7,6.5,0.6
27121,Minnesota,MN,Pope County,0.028,0.0315,0.0585,0.0821,0.1779,16.0,25.1,13.3,4.6,0.0
27123,Minnesota,MN,Ramsey County,0.7076,0.4346,0.5278,0.7881,0.9456,20.5,15.1,12.0,10.3,4.5
27125,Minnesota,MN,Red Lake County,0.0891,0.0216,0.2978,0.2399,0.3143,17.2,21.8,13.2,4.5,0.2
27127,Minnesota,MN,Redwood County,0.1794,0.1047,0.3341,0.4085,0.3223,19.4,21.4,11.3,4.2,0.6
27129,Minnesota,MN,Renville County,0.2482,0.118,0.4957,0.4057,0.4375,20.2,21.1,12.5,6.3,0.6
27131,Minnesota,MN,Rice County,0.4598,0.2984,0.2491,0.5269,0.8253,17.0,16.2,9.6,5.0,2.5
27133,Minnesota,MN,Rock County,0.1304,0.07,0.1594,0.1696,0.4887,17.3,20.0,11.8,6.1,0.1
27135,Minnesota,MN,Roseau County,0.2504,0.139,0.4069,0.3016,0.5097,15.7,18.2,10.9,5.4,0.6
27137,Minnesota,MN,St. Louis County,0.3054,0.2542,0.0964,0.2816,0.7684,21.6,20.3,14.7,8.5,0.3
27139,Minnesota,MN,Scott County,0.1034,0.0175,0.4359,0.5616,0.1807,9.4,11.8,8.1,3.0,2.1
27141,Minnesota,MN,Sherburne County,0.1047,0.0245,0.3799,0.3592,0.2612,9.4,11.7,9.5,4.1,1.1
27143,Minnesota,MN,Sibley County,0.1139,0.0624,0.168,0.3675,0.3293,14.7,18.7,12.5,5.0,1.2
27145,Minnesota,MN,Stearns County,0.4572,0.2673,0.3035,0.4725,0.8473,20.9,15.5,11.2,5.6,1.6
27147,Minnesota,MN,Steele County,0.3105,0.1562,0.524,0.4273,0.5247,17.1,18.4,11.0,7.4,1.4
27149,Minnesota,MN,Stevens County,0.1728,0.0732,0.1435,0.42,0.5555,20.3,17.3,11.3,4.3,3.3
27151,Minnesota,MN,Swift County,0.5119,0.3204,0.9618,0.3503,0.3487,24.8,23.1,16.6,4.6,1.4
27153,Minnesota,MN,Todd County,0.5915,0.4031,0.7763,0.363,0.7331,21.7,22.1,13.6,6.1,2.8
27155,Minnesota,MN,Traverse County,0.1829,0.0713,0.4257,0.3977,0.3691,18.9,24.6,14.3,5.2,1.0
27157,Minnesota,MN,Wabasha County,0.0986,0.0449,0.3293,0.0983,0.2949,13.3,22.4,12.6,4.7,0.8
27159,Minnesota,MN,Wadena County,0.7448,0.5027,0.7604,0.2265,0.9822,24.0,20.1,15.4,9.1,0.1
27161,Minnesota,MN,Waseca County,0.2195,0.1158,0.4973,0.3388,0.3818,15.4,18.1,11.8,3.3,0.9
27163,Minnesota,MN,Washington County,0.0503,0.0134,0.1938,0.5326,0.1263,8.0,15.8,9.4,4.1,1.2
27165,Minnesota,MN,Watonwan County,0.6583,0.5199,0.7261,0.6701,0.6557,19.1,20.3,12.1,6.5,7.5
27167,Minnesota,MN,Wilkin County,0.1556,0.1629,0.0729,0.2164,0.4941,19.6,18.9,14.2,5.2,0.2
27169,Minnesota,MN,Winona County,0.2377,0.2208,0.0134,0.2816,0.8664,21.3,17.8,11.1,7.3,0.7
27171,Minnesota,MN,Wright County,0.0235,0.0165,0.1149,0.2914,0.0827,8.6,13.0,9.1,2.8,0.5
27173,Minnesota,MN,Yellow Medicine County,0.237,0.076,0.5829,0.335,0.483,19.2,20.5,13.2,5.4,0.8
28001,Mississippi,MS,Adams County,0.971,0.9523,0.9402,0.936,0.8393,41.5,20.3,15.1,8.6,4.1
28003,Mississippi,MS,Alcorn County,0.8944,0.9494,0.6761,0.5161,0.8785,32.2,18.5,22.7,7.7,0.2
28005,Mississippi,MS,Amite County,0.7894,0.7808,0.9348,0.8027,0.3646,38.0,24.6,27.6,7.6,0.3
28007,Mississippi,MS,Attala County,0.957,0.9411,0.8893,0.8549,0.8603,36.4,19.2,18.8,8.1,0.2
28009,Mississippi,MS,Benton County,0.7725,0.8212,0.7913,0.7821,0.4219,30.7,20.7,22.4,6.3,1.0
28011,Mississippi,MS,Bolivar County,0.994,0.9927,0.8883,0.9567,0.9583,47.1,16.4,17.5,10.8,0.7
28013,Mississippi,MS,Calhoun County,0.8988,0.7964,0.9844,0.7378,0.7066,34.4,19.6,22.2,7.5,1.8
28015,Mississippi,MS,Carroll County,0.7,0.7884,0.3653,0.7442,0.5947,36.1,24.0,21.0,5.1,0.0
28017,Mississippi,MS,Chickasaw County,0.9542,0.8664,0.9838,0.8759,0.8081,35.5,18.5,17.9,9.5,1.6
28019,Mississippi,MS,Choctaw County,0.7932,0.9074,0.7286,0.7028,0.4305,31.4,22.2,25.2,5.8,0.0
28021,Mississippi,MS,Claiborne County,0.819,0.9714,0.0137,0.9924,0.9427,49.0,18.1,12.3,12.0,0.0
28023,Mississippi,MS,Clarke County,0.8021,0.8759,0.9087,0.7521,0.3156,32.1,20.7,26.2,6.8,0.1
28025,Mississippi,MS,Clay County,0.7913,0.9825,0.2879,0.93,0.3649,36.7,19.0,8.1,8.0,0.1
28027,Mississippi,MS,Coahoma County,0.9895,0.9933,0.9045,0.9822,0.8896,49.3,15.8,14.7,12.0,1.4
28029,Mississippi,MS,Copiah County,0.7976,0.8034,0.3719,0.9017,0.8148,35.4,18.2,15.2,7.4,0.2
28031,Mississippi,MS,Covington County,0.7674,0.8947,0.6678,0.7894,0.3758,35.1,17.3,18.2,6.5,0.0
28033,Mississippi,MS,DeSoto County,0.3563,0.3847,0.51,0.7859,0.1289,17.1,13.1,11.9,3.7,0.8
28035,Mississippi,MS,Forrest County,0.9497,0.923,0.7346,0.8101,0.9758,34.9,13.6,20.2,8.0,0.6
28037,Mississippi,MS,Franklin County,0.5787,0.5568,0.915,0.7537,0.1597,37.9,20.7,24.2,3.3,0.0
28039,Mississippi,MS,George County,0.8384,0.9045,0.728,0.3961,0.7591,32.7,15.2,20.4,6.1,0.5
28041,Mississippi,MS,Greene County,0.7776,0.888,0.1308,0.6538,0.8969,27.8,14.6,24.5,7.2,0.1
28043,Mississippi,MS,Grenada County,0.8492,0.9093,0.6885,0.8616,0.6306,34.9,18.2,19.9,6.9,0.0
28045,Mississippi,MS,Hancock County,0.4776,0.5959,0.4343,0.4445,0.3236,24.3,21.4,18.4,3.8,0.1
28047,Mississippi,MS,Harrison County,0.9182,0.9246,0.9093,0.756,0.7525,27.5,15.8,18.5,5.9,1.1
28049,Mississippi,MS,Hinds County,0.9154,0.9437,0.5686,0.9771,0.8638,33.6,15.2,14.6,7.2,0.4
28051,Mississippi,MS,Holmes County,0.992,0.994,0.875,0.9879,0.945,50.3,15.8,32.1,15.1,0.1
28053,Mississippi,MS,Humphreys County,0.9787,0.9997,0.9297,0.9815,0.5927,56.5,17.4,27.7,12.2,0.1
28055,Mississippi,MS,Issaquena County,0.9539,0.9879,0.0767,0.9682,0.9994,33.5,21.0,37.7,17.3,0.0
28057,Mississippi,MS,Itawamba County,0.2463,0.3446,0.0773,0.328,0.4251,21.8,17.5,14.9,3.8,0.2
28059,Mississippi,MS,Jackson County,0.8288,0.8533,0.929,0.7066,0.4442,25.4,16.5,20.5,4.5,1.2
28061,Mississippi,MS,Jasper County,0.6281,0.5227,0.7591,0.8969,0.4139,32.4,20.7,19.4,9.4,0.0
28063,Mississippi,MS,Jefferson County,0.8991,0.9084,0.5822,0.9901,0.8619,50.6,18.1,14.5,5.8,0.5
28065,Mississippi,MS,Jefferson Davis County,0.8743,0.9749,0.6831,0.9332,0.4903,37.7,23.2,21.3,7.0,0.1
28067,Mississippi,MS,Jones County,0.791,0.6666,0.916,0.7321,0.6319,32.3,17.4,16.3,6.0,1.2
28069,Mississippi,MS,Kemper County,0.95,0.9615,0.7054,0.9472,0.8998,33.1,20.6,21.6,4.9,0.2
28071,Mississippi,MS,Lafayette County,0.4391,0.5686,0.0057,0.6656,0.8578,31.5,13.1,9.5,5.9,0.4
28073,Mississippi,MS,Lamar County,0.6032,0.6662,0.637,0.6373,0.3627,24.1,14.4,14.5,4.5,0.7
28075,Mississippi,MS,Lauderdale County,0.959,0.9249,0.8097,0.8638,0.9612,36.1,17.9,17.9,9.8,0.3
28077,Mississippi,MS,Lawrence County,0.8505,0.9405,0.9596,0.735,0.2479,39.0,18.8,27.3,5.3,0.5
28079,Mississippi,MS,Leake County,0.9574,0.8692,0.9695,0.882,0.8606,34.6,17.5,23.3,8.9,1.9
28081,Mississippi,MS,Lee County,0.7455,0.6758,0.7016,0.7391,0.6815,21.8,15.2,14.0,4.9,0.9
28083,Mississippi,MS,Leflore County,0.9411,0.9962,0.5485,0.9806,0.763,48.8,14.6,13.4,12.9,0.2
28085,Mississippi,MS,Lincoln County,0.6042,0.6551,0.2739,0.7019,0.6252,30.9,17.0,14.9,4.4,0.2
28087,Mississippi,MS,Lowndes County,0.7521,0.8559,0.3522,0.8718,0.5787,29.5,16.6,11.7,6.8,0.3
28089,Mississippi,MS,Madison County,0.3554,0.2937,0.3656,0.8323,0.2883,16.6,14.5,10.7,3.7,0.8
28091,Mississippi,MS,Marion County,0.8928,0.9847,0.6004,0.7423,0.6879,39.5,18.5,21.9,5.8,0.3
28093,Mississippi,MS,Marshall County,0.8699,0.8832,0.7133,0.8848,0.7388,32.6,18.3,19.6,3.8,1.1
28095,Mississippi,MS,Monroe County,0.6163,0.7512,0.5457,0.7066,0.3054,30.3,19.6,14.0,5.1,0.4
28097,Mississippi,MS,Montgomery County,0.9599,0.9774,0.8428,0.8591,0.8295,42.9,22.1,21.2,8.6,0.0
28099,Mississippi,MS,Neshoba County,0.9402,0.9087,0.8902,0.804,0.8893,40.5,16.5,18.1,8.3,0.5
28101,Mississippi,MS,Newton County,0.6793,0.6882,0.6411,0.7922,0.4747,34.4,17.3,20.9,5.5,0.0
28103,Mississippi,MS,Noxubee County,0.964,0.9946,0.9653,0.973,0.4919,37.2,17.1,24.5,7.1,0.5
28105,Mississippi,MS,Oktibbeha County,0.6939,0.8463,0.0407,0.819,0.812,39.8,11.7,10.8,4.9,0.8
28107,Mississippi,MS,Panola County,0.8626,0.9771,0.6615,0.8851,0.455,37.1,16.8,17.7,5.3,0.0
28109,Mississippi,MS,Pearl River County,0.6907,0.7604,0.8422,0.5231,0.3417,26.3,19.1,20.7,2.9,0.6
28111,Mississippi,MS,Perry County,0.6914,0.7846,0.7159,0.5679,0.4057,35.2,18.6,29.5,4.5,0.0
28113,Mississippi,MS,Pike County,0.9812,0.979,0.7922,0.9077,0.9733,40.8,17.2,18.9,6.8,0.1
28115,Mississippi,MS,Pontotoc County,0.6087,0.5679,0.8804,0.6077,0.3035,28.1,15.1,18.5,3.3,2.5
28117,Mississippi,MS,Prentiss County,0.6993,0.6303,0.7744,0.5317,0.6389,31.2,17.7,18.0,5.9,0.6
28119,Mississippi,MS,Quitman County,0.9551,0.9959,0.4645,0.9749,0.8867,47.8,17.8,17.0,14.6,0.0
28121,Mississippi,MS,Rankin County,0.3732,0.3166,0.3436,0.636,0.4225,15.7,16.1,13.8,2.4,0.5
28123,Mississippi,MS,Scott County,0.9217,0.8877,0.9936,0.8769,0.5177,40.7,16.1,19.6,8.1,2.9
28125,Mississippi,MS,Sharkey County,0.9838,0.9854,0.8027,0.9707,0.9494,49.1,17.6,21.6,15.1,0.0
28127,Mississippi,MS,Simpson County,0.7808,0.8632,0.8186,0.7668,0.3583,27.8,18.2,20.0,4.4,0.5
28129,Mississippi,MS,Smith County,0.7251,0.6293,0.8708,0.6249,0.5504,32.1,20.3,20.5,6.8,0.2
28131,Mississippi,MS,Stone County,0.8587,0.8355,0.6157,0.5892,0.9408,30.5,17.9,21.9,6.9,0.2
28133,Mississippi,MS,Sunflower County,0.9303,0.986,0.5068,0.9777,0.8091,41.8,14.4,14.7,9.3,0.9
28135,Mississippi,MS,Tallahatchie County,0.9141,0.9809,0.5336,0.9437,0.7639,40.0,16.5,16.4,10.8,0.7
28137,Mississippi,MS,Tate County,0.8915,0.951,0.5724,0.7321,0.84,28.3,16.4,15.5,4.0,0.5
28139,Mississippi,MS,Tippah County,0.8839,0.924,0.9061,0.574,0.6815,33.6,16.8,20.9,3.7,1.3
28141,Mississippi,MS,Tishomingo County,0.7467,0.8094,0.9465,0.2485,0.4073,32.8,20.9,21.9,5.0,1.7
28143,Mississippi,MS,Tunica County,0.9602,0.9952,0.2943,0.9838,0.9666,48.7,12.9,10.5,9.5,0.1
28145,Mississippi,MS,Union County,0.6977,0.6109,0.9306,0.5727,0.4403,27.0,16.6,19.2,4.1,0.8
28147,Mississippi,MS,Walthall County,0.8982,0.936,0.9577,0.8543,0.4448,34.6,19.9,23.8,5.5,0.6
28149,Mississippi,MS,Warren County,0.8279,0.7496,0.9386,0.8858,0.5285,26.7,17.6,19.8,6.5,1.2
28151,Mississippi,MS,Washington County,0.9971,0.9965,0.9784,0.9758,0.8836,43.2,17.1,24.6,12.4,0.8
28153,Mississippi,MS,Wayne County,0.9119,0.9446,0.9739,0.8075,0.4607,35.1,17.3,18.9,6.5,1.7
28155,Mississippi,MS,Webster County,0.6112,0.7919,0.6866,0.5542,0.2068,24.0,18.9,20.4,6.9,0.1
28157,Mississippi,MS,Wilkinson County,0.8349,0.8498,0.6446,0.9672,0.6497,41.3,18.1,24.3,6.8,0.0
28159,Mississippi,MS,Winston County,0.8543,0.8591,0.8438,0.8734,0.6036,35.2,21.3,24.2,7.0,0.1
28161,Mississippi,MS,Yalobusha County,0.7429,0.7976,0.7725,0.8031,0.3799,35.2,20.9,18.6,6.1,0.4
28163,Mississippi,MS,Yazoo County,0.9975,0.9968,0.8396,0.945,0.9952,42.0,13.2,24.3,11.1,1.2
29001,Missouri,MO,Adair County,0.4006,0.6494,0.0143,0.342,0.6837,32.9,14.9,11.5,7.0,1.3
29003,Missouri,MO,Andrew County,0.0169,0.097,0.048,0.1508,0.0248,14.7,19.9,12.1,3.5,0.0
29005,Missouri,MO,Atchison County,0.2249,0.3347,0.5399,0.0757,0.1339,25.5,25.3,17.3,4.4,0.2
29007,Missouri,MO,Audrain County,0.7105,0.6338,0.8062,0.3802,0.7079,29.8,18.0,19.4,6.7,0.7
29009,Missouri,MO,Barry County,0.5768,0.672,0.749,0.5094,0.2568,29.0,21.9,16.1,3.5,1.6
29011,Missouri,MO,Barton County,0.6767,0.9208,0.8183,0.2628,0.1788,36.9,20.6,21.3,7.8,0.2
29013,Missouri,MO,Bates County,0.7114,0.8027,0.5698,0.1985,0.7261,29.0,19.0,17.7,7.4,0.0
29015,Missouri,MO,Benton County,0.5364,0.7222,0.4079,0.1753,0.4827,27.4,30.7,23.5,6.2,0.2
29017,Missouri,MO,Bollinger County,0.4241,0.6869,0.3373,0.1037,0.2771,29.6,20.5,20.0,3.8,0.2
29019,Missouri,MO,Boone County,0.4244,0.3968,0.062,0.5711,0.7776,25.2,12.9,12.3,6.1,1.0
29021,Missouri,MO,Buchanan County,0.8218,0.7541,0.7639,0.5094,0.8845,27.3,16.8,17.4,8.8,1.4
29023,Missouri,MO,Butler County,0.8412,0.9402,0.6265,0.3888,0.7563,35.0,19.0,22.8,8.8,0.0
29025,Missouri,MO,Caldwell County,0.3163,0.5212,0.1966,0.1457,0.3191,27.9,20.0,15.0,6.6,0.1
29027,Missouri,MO,Callaway County,0.2447,0.4445,0.0589,0.3217,0.3169,18.6,16.9,13.4,4.0,0.1
29029,Missouri,MO,Camden County,0.3493,0.5428,0.2892,0.1572,0.294,20.0,28.6,18.6,2.8,0.4
29031,Missouri,MO,Cape Girardeau County,0.3099,0.3551,0.0598,0.4378,0.6147,23.1,17.0,14.0,5.8,0.3
29033,Missouri,MO,Carroll County,0.1378,0.3019,0.1285,0.1037,0.1556,24.0,21.9,13.8,6.1,0.1
29035,Missouri,MO,Carter County,0.4823,0.8005,0.3353,0.1696,0.2348,31.2,20.2,29.6,10.5,0.0
29037,Missouri,MO,Cass County,0.1257,0.1868,0.2981,0.4165,0.0608,12.8,17.2,14.0,4.0,0.2
29039,Missouri,MO,Cedar County,0.6643,0.756,0.5975,0.1696,0.6809,34.6,23.4,22.4,7.2,0.0
29041,Missouri,MO,Chariton County,0.1747,0.2052,0.3891,0.1094,0.2065,20.5,25.0,17.3,4.6,0.0
29043,Missouri,MO,Christian County,0.1107,0.1724,0.2641,0.2294,0.1047,15.0,16.1,12.9,2.5,0.6
29045,Missouri,MO,Clark County,0.265,0.4381,0.154,0.0264,0.4031,28.0,20.6,14.2,5.8,0.1
29047,Missouri,MO,Clay County,0.2692,0.2218,0.4556,0.546,0.2514,14.8,14.6,11.9,4.5,1.1
29049,Missouri,MO,Clinton County,0.1661,0.3618,0.1772,0.182,0.1136,17.9,18.0,14.4,4.1,0.2
29051,Missouri,MO,Cole County,0.2049,0.1161,0.1877,0.525,0.4696,15.4,17.3,12.1,5.3,0.5
29053,Missouri,MO,Cooper County,0.3716,0.4448,0.3245,0.3592,0.3828,21.4,18.6,16.1,4.4,0.2
29055,Missouri,MO,Crawford County,0.657,0.9179,0.4104,0.1572,0.4773,26.3,20.3,21.7,6.1,0.1
29057,Missouri,MO,Dade County,0.595,0.7894,0.3013,0.1572,0.6338,35.0,24.5,16.1,6.6,0.3
29059,Missouri,MO,Dallas County,0.5466,0.8031,0.6662,0.1276,0.2176,32.6,20.6,19.9,4.8,0.3
29061,Missouri,MO,Daviess County,0.5157,0.5514,0.3213,0.0379,0.7884,27.1,20.9,14.4,8.9,0.2
29063,Missouri,MO,DeKalb County,0.1753,0.2243,0.0293,0.4356,0.4559,18.2,18.1,14.9,6.3,0.2
29065,Missouri,MO,Dent County,0.6551,0.7388,0.7569,0.1861,0.5374,29.4,21.6,21.6,5.6,0.1
29067,Missouri,MO,Douglas County,0.5969,0.8702,0.8196,0.1225,0.1448,30.2,24.9,21.2,4.5,0.0
29069,Missouri,MO,Dunklin County,0.9707,0.9424,0.993,0.5778,0.8291,33.7,18.4,21.9,8.5,1.2
29071,Missouri,MO,Franklin County,0.1066,0.2851,0.07,0.2536,0.0964,16.2,18.2,14.3,4.0,0.1
29073,Missouri,MO,Gasconade County,0.2488,0.2024,0.4085,0.0757,0.4836,20.1,22.6,17.5,6.0,0.2
29075,Missouri,MO,Gentry County,0.4066,0.5711,0.2358,0.0627,0.5129,27.2,18.7,15.6,5.0,0.1
29077,Missouri,MO,Greene County,0.5317,0.5835,0.1034,0.4085,0.8272,25.0,16.8,14.9,7.1,0.5
29079,Missouri,MO,Grundy County,0.679,0.7375,0.7031,0.1409,0.6748,25.8,21.7,14.6,11.1,0.9
29081,Missouri,MO,Harrison County,0.4378,0.4015,0.8113,0.0983,0.3637,30.7,22.1,21.1,6.4,0.2
29083,Missouri,MO,Henry County,0.6526,0.7674,0.8527,0.1928,0.3691,25.4,22.2,19.7,5.1,0.4
29085,Missouri,MO,Hickory County,0.6157,0.9669,0.6182,0.1037,0.1298,37.4,33.6,26.9,3.3,1.0
29087,Missouri,MO,Holt County,0.1705,0.2545,0.5765,0.0627,0.084,22.8,25.6,19.6,3.3,0.1
29089,Missouri,MO,Howard County,0.35,0.4423,0.3458,0.3723,0.3029,22.1,19.3,16.4,3.2,0.4
29091,Missouri,MO,Howell County,0.7693,0.9096,0.7149,0.1572,0.6271,36.5,19.6,19.2,7.5,0.2
29093,Missouri,MO,Iron County,0.6074,0.6242,0.7331,0.1928,0.5778,27.9,22.0,22.9,5.8,0.0
29095,Missouri,MO,Jackson County,0.6866,0.6612,0.5899,0.7684,0.5829,22.6,15.4,12.9,7.9,1.6
29097,Missouri,MO,Jasper County,0.7451,0.7531,0.7703,0.489,0.6344,29.0,15.8,15.8,6.5,1.2
29099,Missouri,MO,Jefferson County,0.1136,0.1931,0.2151,0.2816,0.0983,14.6,15.7,13.7,3.2,0.3
29101,Missouri,MO,Johnson County,0.3815,0.5142,0.0484,0.4416,0.5873,21.8,12.8,12.7,4.3,0.5
29103,Missouri,MO,Knox County,0.2679,0.6583,0.3382,0.0983,0.0509,28.9,20.8,17.0,2.7,0.1
29105,Missouri,MO,Laclede County,0.7327,0.8101,0.861,0.2444,0.503,30.1,18.0,18.2,6.8,0.4
29107,Missouri,MO,Lafayette County,0.1101,0.1247,0.3754,0.2587,0.1094,17.7,19.0,16.1,3.4,0.6
29109,Missouri,MO,Lawrence County,0.7362,0.8352,0.7661,0.3723,0.5027,28.4,17.9,16.5,6.0,1.2
29111,Missouri,MO,Lewis County,0.4486,0.6328,0.0286,0.2109,0.7932,27.7,18.7,14.2,5.7,0.0
29113,Missouri,MO,Lincoln County,0.1976,0.2316,0.4222,0.1928,0.1925,18.6,14.0,14.4,4.0,0.3
29115,Missouri,MO,Linn County,0.1263,0.2682,0.3007,0.0932,0.0687,25.6,21.4,14.1,5.4,0.2
29117,Missouri,MO,Livingston County,0.3073,0.3519,0.2854,0.2164,0.4394,21.6,19.8,14.5,6.2,0.0
29119,Missouri,MO,McDonald County,0.8899,0.9596,0.8581,0.6701,0.5854,35.2,15.2,14.1,5.6,4.9
29121,Missouri,MO,Macon County,0.3388,0.3773,0.6287,0.182,0.2549,19.7,22.0,16.4,5.6,0.5
29123,Missouri,MO,Madison County,0.5097,0.5612,0.7299,0.1094,0.4181,20.5,19.0,22.6,4.9,0.0
29125,Missouri,MO,Maries County,0.4814,0.7423,0.4292,0.1276,0.2835,23.0,22.1,22.0,5.9,0.5
29127,Missouri,MO,Marion County,0.4368,0.3182,0.4865,0.2984,0.6627,25.3,18.2,15.4,7.8,0.1
29129,Missouri,MO,Mercer County,0.4878,0.4728,0.6962,0.1572,0.4852,28.0,21.9,16.5,5.3,1.0
29131,Missouri,MO,Miller County,0.3793,0.5237,0.2914,0.0932,0.4276,25.4,19.2,17.3,4.0,0.2
29133,Missouri,MO,Mississippi County,0.9106,0.9586,0.8851,0.658,0.6844,39.9,18.4,26.1,17.0,0.4
29135,Missouri,MO,Moniteau County,0.5367,0.3882,0.4884,0.3248,0.8288,18.6,16.2,13.0,6.6,1.4
29137,Missouri,MO,Monroe County,0.5059,0.4289,0.6064,0.2164,0.6656,26.2,24.3,15.3,7.4,0.5
29139,Missouri,MO,Montgomery County,0.4187,0.4235,0.6367,0.1696,0.4104,25.3,20.3,19.9,3.8,0.1
29141,Missouri,MO,Morgan County,0.8657,0.853,0.8393,0.1572,0.9481,30.1,23.3,21.3,11.1,0.7
29143,Missouri,MO,New Madrid County,0.7891,0.812,0.9045,0.5915,0.4706,33.7,19.3,21.3,8.0,0.2
29145,Missouri,MO,Newton County,0.5682,0.5628,0.4435,0.489,0.6354,25.4,18.6,14.4,5.0,1.5
29147,Missouri,MO,Nodaway County,0.2151,0.3675,0.0102,0.1654,0.6538,27.1,16.8,12.9,7.0,0.3
29149,Missouri,MO,Oregon County,0.6589,0.8941,0.7273,0.1339,0.3112,39.6,22.7,22.7,3.9,0.0
29151,Missouri,MO,Osage County,0.0181,0.0188,0.0258,0.0057,0.2517,13.0,17.5,12.6,4.7,0.1
29153,Missouri,MO,Ozark County,0.5632,0.9224,0.3099,0.0821,0.3045,37.8,28.8,26.3,6.4,0.0
29155,Missouri,MO,Pemiscot County,0.9364,0.9901,0.9415,0.7105,0.5122,43.1,17.5,23.1,9.4,0.3
29157,Missouri,MO,Perry County,0.3175,0.5164,0.2284,0.0983,0.3315,19.3,19.0,13.9,5.4,0.7
29159,Missouri,MO,Pettis County,0.6936,0.6188,0.84,0.4636,0.6074,24.5,17.0,16.5,7.0,2.4
29161,Missouri,MO,Phelps County,0.6402,0.6309,0.3544,0.3977,0.8361,27.8,16.5,16.5,6.6,0.3
29163,Missouri,MO,Pike County,0.7216,0.5122,0.7321,0.3217,0.9459,25.3,18.3,16.4,7.8,0.6
29165,Missouri,MO,Platte County,0.1632,0.104,0.3379,0.5488,0.2078,13.1,15.4,12.6,4.0,0.7
29167,Missouri,MO,Polk County,0.6077,0.7289,0.3869,0.1861,0.7047,28.2,18.1,16.1,5.6,0.5
29169,Missouri,MO,Pulaski County,0.6927,0.5479,0.419,0.6793,0.9049,25.0,9.3,16.8,5.1,0.9
29171,Missouri,MO,Putnam County,0.3258,0.2409,0.63,0.0525,0.5151,17.9,25.3,15.2,6.8,0.4
29173,Missouri,MO,Ralls County,0.1168,0.377,0.1489,0.1409,0.0363,20.9,22.2,16.6,2.9,0.0
29175,Missouri,MO,Randolph County,0.6268,0.7267,0.4556,0.3649,0.6179,27.7,16.9,18.2,5.4,0.1
29177,Missouri,MO,Ray County,0.0932,0.2911,0.1273,0.1572,0.0468,21.2,18.6,14.0,2.2,0.1
29179,Missouri,MO,Reynolds County,0.6354,0.8575,0.3882,0.1985,0.5301,28.2,23.5,31.4,6.1,0.0
29181,Missouri,MO,Ripley County,0.476,0.8231,0.4384,0.1572,0.1441,34.9,19.8,23.9,4.9,0.0
29183,Missouri,MO,St. Charles County,0.034,0.0178,0.0764,0.4308,0.118,8.0,16.0,10.9,3.3,0.5
29185,Missouri,MO,St. Clair County,0.6182,0.5877,0.7486,0.1696,0.6688,31.4,26.1,23.6,5.1,0.2
29186,Missouri,MO,Ste. Genevieve County,0.1537,0.1734,0.3029,0.0881,0.2669,18.6,20.6,16.6,3.2,0.2
29187,Missouri,MO,St. Francois County,0.7257,0.7426,0.4636,0.2733,0.889,26.9,16.9,21.2,6.8,0.3
29189,Missouri,MO,St. Louis County,0.3401,0.2227,0.4289,0.7458,0.3767,15.6,18.4,11.8,6.4,1.0
29195,Missouri,MO,Saline County,0.44,0.3694,0.4314,0.5616,0.4928,23.0,17.5,17.2,5.5,2.4
29197,Missouri,MO,Schuyler County,0.2329,0.2122,0.3525,0.0379,0.468,18.3,19.2,19.8,7.2,0.0
29199,Missouri,MO,Scotland County,0.3169,0.6395,0.2529,0.007,0.1963,21.8,18.5,14.9,4.6,0.0
29201,Missouri,MO,Scott County,0.665,0.615,0.6923,0.4973,0.6548,27.0,18.3,18.3,7.4,0.0
29203,Missouri,MO,Shannon County,0.4429,0.6052,0.266,0.1508,0.4833,26.0,22.6,21.1,5.5,0.0
29205,Missouri,MO,Shelby County,0.3968,0.4295,0.4874,0.0675,0.5014,34.7,21.5,14.7,5.6,0.2
29207,Missouri,MO,Stoddard County,0.4359,0.6952,0.5994,0.119,0.1514,29.5,20.1,21.6,4.7,0.0
29209,Missouri,MO,Stone County,0.4337,0.734,0.203,0.1037,0.3436,26.2,31.2,19.3,3.1,0.2
29211,Missouri,MO,Sullivan County,0.5068,0.4244,0.4919,0.5854,0.5638,27.1,20.1,11.6,5.8,4.4
29213,Missouri,MO,Taney County,0.7941,0.7887,0.5969,0.377,0.9071,27.0,22.3,17.1,4.9,1.0
29215,Missouri,MO,Texas County,0.8575,0.9675,0.5183,0.2854,0.8702,35.8,20.9,24.9,8.2,0.2
29217,Missouri,MO,Vernon County,0.5733,0.6627,0.5717,0.1339,0.5934,31.2,20.1,19.8,8.4,0.3
29219,Missouri,MO,Warren County,0.1689,0.3719,0.0881,0.2781,0.1518,17.0,17.6,15.2,2.5,0.0
29221,Missouri,MO,Washington County,0.7957,0.8085,0.7327,0.2109,0.8571,33.5,16.8,24.2,9.4,0.1
29223,Missouri,MO,Wayne County,0.6675,0.9233,0.2587,0.1654,0.6122,35.5,24.6,29.0,5.5,0.0
29225,Missouri,MO,Webster County,0.5437,0.5555,0.5122,0.2062,0.6675,25.3,15.6,14.7,5.5,1.3
29227,Missouri,MO,Worth County,0.2237,0.1731,0.7375,0.0337,0.2291,29.1,25.3,19.4,8.5,0.0
29229,Missouri,MO,Wright County,0.749,0.915,0.9564,0.1457,0.2329,37.2,19.9,18.1,6.5,0.8
29510,Missouri,MO,St. Louis City,0.8139,0.8161,0.3668,0.8941,0.8438,30.3,14.5,15.6,18.5,1.4
30001,Montana,MT,Beaverhead County,0.2043,0.307,0.041,0.3166,0.4343,25.7,23.0,16.1,0.9,0.0
30003,Montana,MT,Big Horn County,0.7646,0.8861,0.0977,0.9714,0.7661,42.1,13.0,10.6,6.5,0.0
30005,Montana,MT,Blaine County,0.9443,0.9055,0.8721,0.9036,0.8982,33.5,15.8,19.9,9.2,0.3
30007,Montana,MT,Broadwater County,0.0827,0.4913,0.0328,0.314,0.0076,19.7,24.3,14.7,1.9,0.0
30009,Montana,MT,Carbon County,0.1241,0.342,0.2615,0.2109,0.0258,18.7,26.7,16.8,2.7,0.6
30011,Montana,MT,Carter County,0.4069,0.5084,0.0675,0.1409,0.7681,26.7,30.9,15.7,5.7,0.0
30013,Montana,MT,Cascade County,0.4435,0.3357,0.3439,0.4613,0.6761,22.9,19.0,15.1,5.7,0.1
30015,Montana,MT,Chouteau County,0.2584,0.28,0.1222,0.5892,0.3726,25.7,21.7,12.4,5.4,0.0
30017,Montana,MT,Custer County,0.3589,0.196,0.2806,0.3086,0.7989,19.6,20.5,20.3,4.4,0.5
30019,Montana,MT,Daniels County,0.1228,0.153,0.1759,0.2692,0.1909,24.1,29.8,20.3,5.9,0.0
30021,Montana,MT,Dawson County,0.0764,0.0124,0.147,0.2294,0.441,12.7,20.5,16.6,5.1,0.0
30023,Montana,MT,Deer Lodge County,0.6417,0.6144,0.6656,0.3016,0.7073,31.5,24.9,25.5,9.3,0.0
30025,Montana,MT,Fallon County,0.1508,0.035,0.1028,0.1508,0.7938,18.0,19.4,13.3,7.2,0.0
30027,Montana,MT,Fergus County,0.3837,0.3548,0.091,0.1409,0.8772,21.5,24.9,15.0,7.4,0.1
30029,Montana,MT,Flathead County,0.2094,0.3108,0.0776,0.2444,0.3929,19.2,20.4,11.5,3.7,0.3
30031,Montana,MT,Gallatin County,0.0783,0.2129,0.0013,0.2984,0.4693,18.3,13.0,9.2,2.6,0.3
30033,Montana,MT,Garfield County,0.0652,0.1915,0.0496,0.0025,0.1648,21.6,23.8,10.4,0.7,0.0
30035,Montana,MT,Glacier County,0.9752,0.9583,0.8403,0.9634,0.9529,43.1,12.4,15.0,5.6,1.0
30037,Montana,MT,Golden Valley County,0.1451,0.2886,0.0916,0.4165,0.1304,23.3,27.1,19.0,2.3,0.0
30039,Montana,MT,Granite County,0.2246,0.4871,0.0792,0.1225,0.2421,25.8,30.7,17.5,3.1,0.0
30041,Montana,MT,Hill County,0.4419,0.3723,0.321,0.6923,0.5103,27.1,15.4,11.9,5.5,0.1
30043,Montana,MT,Jefferson County,0.1158,0.0757,0.1807,0.2364,0.35,11.3,22.4,17.1,3.1,0.2
30045,Montana,MT,Judith Basin County,0.049,0.1483,0.3207,0.1753,0.0099,24.9,25.3,12.1,1.9,0.1
30047,Montana,MT,Lake County,0.7541,0.8113,0.8587,0.7308,0.3223,27.6,23.0,15.2,4.0,0.8
30049,Montana,MT,Lewis and Clark County,0.1906,0.1772,0.1276,0.2984,0.4496,16.4,19.5,14.0,5.3,0.1
30051,Montana,MT,Liberty County,0.6592,0.4852,0.9421,0.0048,0.7751,40.4,22.4,19.8,13.9,0.3
30053,Montana,MT,Lincoln County,0.5628,0.8489,0.4874,0.2444,0.2459,31.3,29.5,22.2,3.8,0.5
30055,Montana,MT,McCone County,0.0121,0.0076,0.0725,0.2733,0.0605,8.5,29.3,13.5,0.0,0.4
30057,Montana,MT,Madison County,0.098,0.1454,0.0299,0.2234,0.3592,12.8,30.2,14.8,1.7,0.0
30059,Montana,MT,Meagher County,0.0188,0.1088,0.0379,0.1861,0.0309,20.1,32.8,15.3,0.4,0.0
30061,Montana,MT,Mineral County,0.2218,0.3328,0.343,0.2816,0.1521,22.1,27.9,18.5,1.9,0.0
30063,Montana,MT,Missoula County,0.2762,0.3481,0.0181,0.3697,0.7296,19.9,16.4,12.3,5.5,0.4
30065,Montana,MT,Musselshell County,0.2278,0.3427,0.273,0.2733,0.1928,22.8,28.8,18.0,3.3,0.3
30067,Montana,MT,Park County,0.1623,0.3287,0.021,0.1928,0.4028,20.2,23.7,11.5,4.4,0.1
30069,Montana,MT,Petroleum County,0.0013,0.0255,0.0045,0.0016,0.043,20.4,21.9,6.5,0.0,0.0
30071,Montana,MT,Phillips County,0.2081,0.188,0.3188,0.4839,0.2262,21.1,22.8,15.6,2.1,0.0
30073,Montana,MT,Pondera County,0.7967,0.6837,0.7582,0.5444,0.8861,29.1,21.2,18.4,5.8,1.3
30075,Montana,MT,Powder River County,0.1521,0.1919,0.0789,0.2214,0.3875,19.7,29.1,17.5,5.1,0.0
30077,Montana,MT,Powell County,0.2319,0.1807,0.0544,0.3592,0.7159,19.3,20.2,21.5,3.6,0.0
30079,Montana,MT,Prairie County,0.3567,0.5495,0.3793,0.2984,0.1884,42.0,32.0,18.4,5.2,0.0
30081,Montana,MT,Ravalli County,0.1511,0.3306,0.1607,0.2854,0.0888,16.1,26.2,18.6,4.0,0.0
30083,Montana,MT,Richland County,0.2644,0.2647,0.139,0.363,0.5132,15.4,16.9,13.2,7.4,0.3
30085,Montana,MT,Roosevelt County,0.7665,0.7515,0.1724,0.9504,0.9042,44.0,11.6,13.8,10.6,0.1
30087,Montana,MT,Rosebud County,0.9408,0.9205,0.8839,0.8629,0.8536,32.7,16.5,17.9,7.1,0.9
30089,Montana,MT,Sanders County,0.5778,0.8263,0.385,0.3217,0.3643,31.8,31.9,21.5,5.7,0.4
30091,Montana,MT,Sheridan County,0.1642,0.2046,0.2304,0.3016,0.2052,16.6,22.5,17.4,3.1,0.1
30093,Montana,MT,Silver Bow County,0.4534,0.4273,0.4403,0.2984,0.5797,25.1,19.5,19.4,6.8,0.4
30095,Montana,MT,Stillwater County,0.0608,0.0379,0.2689,0.2234,0.147,13.2,24.4,17.1,3.3,0.1
30097,Montana,MT,Sweet Grass County,0.0242,0.0678,0.1142,0.2485,0.028,14.8,24.6,14.4,3.5,0.3
30099,Montana,MT,Teton County,0.3662,0.3633,0.1919,0.1985,0.6825,21.7,22.9,12.7,6.4,0.1
30101,Montana,MT,Toole County,0.6023,0.6112,0.0703,0.4273,0.959,27.4,17.7,18.5,6.8,0.3
30103,Montana,MT,Treasure County,0.0719,0.0859,0.0745,0.0757,0.3143,24.0,22.4,15.3,5.1,0.0
30105,Montana,MT,Valley County,0.2027,0.1998,0.3283,0.4416,0.2081,20.8,23.5,16.3,4.6,0.0
30107,Montana,MT,Wheatland County,0.1273,0.3395,0.1569,0.119,0.0745,29.1,28.8,10.6,2.5,0.0
30109,Montana,MT,Wibaux County,0.273,0.1775,0.7471,0.3446,0.2281,25.8,22.3,17.6,2.6,0.7
30111,Montana,MT,Yellowstone County,0.2889,0.2094,0.2501,0.4416,0.546,17.7,17.5,13.2,4.6,0.3
31001,Nebraska,NE,Adams County,0.4769,0.2157,0.8018,0.4569,0.6277,20.4,18.1,14.4,5.0,2.1
31003,Nebraska,NE,Antelope County,0.0767,0.0573,0.6592,0.0881,0.0601,17.9,23.7,14.4,3.8,1.2
31005,Nebraska,NE,Arthur County,0.0751,0.0795,0.4486,0.1508,0.077,20.8,23.5,16.5,3.4,0.0
31007,Nebraska,NE,Banner County,0.0124,0.0372,0.4512,0.2214,0.0006,13.1,30.3,14.8,2.4,1.3
31009,Nebraska,NE,Blaine County,0.0799,0.2008,0.5043,0.0,0.0156,20.1,37.5,23.4,1.5,0.8
31011,Nebraska,NE,Boone County,0.0162,0.022,0.2463,0.0337,0.0321,16.9,22.9,14.0,3.6,0.2
31013,Nebraska,NE,Box Butte County,0.4963,0.3716,0.5218,0.5269,0.615,20.6,19.1,13.3,5.4,0.6
31015,Nebraska,NE,Boyd County,0.0601,0.126,0.3471,0.1753,0.0305,21.6,33.3,18.7,1.4,0.5
31017,Nebraska,NE,Brown County,0.1444,0.3013,0.3255,0.2364,0.0531,20.6,28.9,14.0,2.9,1.4
31019,Nebraska,NE,Buffalo County,0.3828,0.2924,0.4149,0.4165,0.5412,20.2,15.6,13.2,4.3,1.8
31021,Nebraska,NE,Burt County,0.1798,0.2399,0.5908,0.2399,0.0703,21.1,24.0,18.0,5.5,0.0
31023,Nebraska,NE,Butler County,0.0738,0.0557,0.5988,0.2323,0.0487,14.9,20.5,11.7,2.7,2.3
31025,Nebraska,NE,Cass County,0.0379,0.0955,0.0605,0.2164,0.0722,14.1,18.0,12.6,3.5,0.2
31027,Nebraska,NE,Cedar County,0.0067,0.0162,0.1441,0.0299,0.0165,11.1,21.6,10.4,2.8,0.1
31029,Nebraska,NE,Chase County,0.272,0.3102,0.7057,0.5778,0.056,18.8,24.9,12.9,2.5,1.2
31031,Nebraska,NE,Cherry County,0.3016,0.1947,0.1718,0.4416,0.6936,28.1,20.8,12.1,6.4,0.0
31033,Nebraska,NE,Cheyenne County,0.2857,0.329,0.1215,0.3649,0.5005,21.7,20.8,15.1,6.0,0.1
31035,Nebraska,NE,Clay County,0.0942,0.1069,0.6637,0.3503,0.0137,18.4,20.3,13.3,2.6,0.9
31037,Nebraska,NE,Colfax County,0.364,0.3363,0.4862,0.8839,0.1664,18.9,13.3,8.1,1.4,18.3
31039,Nebraska,NE,Cuming County,0.0795,0.0964,0.5081,0.3697,0.0235,17.3,21.6,9.9,2.3,2.7
31041,Nebraska,NE,Custer County,0.1425,0.1769,0.6233,0.1457,0.0684,21.9,22.1,14.9,4.5,0.5
31043,Nebraska,NE,Dakota County,0.7321,0.5065,0.6214,0.8925,0.8517,19.6,13.2,11.6,6.7,13.3
31045,Nebraska,NE,Dawes County,0.3156,0.2517,0.4992,0.4222,0.3713,21.8,18.9,13.4,3.5,1.7
31047,Nebraska,NE,Dawson County,0.7311,0.5138,0.8069,0.8171,0.7264,20.7,16.8,12.9,5.3,10.4
31049,Nebraska,NE,Deuel County,0.063,0.3385,0.1728,0.4356,0.0016,18.7,25.9,19.2,1.6,0.0
31051,Nebraska,NE,Dixon County,0.3789,0.3401,0.8683,0.4871,0.1142,22.3,20.7,12.0,2.6,6.0
31053,Nebraska,NE,Dodge County,0.5135,0.3392,0.9122,0.5231,0.3541,18.1,19.4,14.9,4.8,3.3
31055,Nebraska,NE,Douglas County,0.594,0.4461,0.6236,0.6962,0.657,18.6,13.5,10.5,6.5,3.2
31057,Nebraska,NE,Dundy County,0.0156,0.0398,0.1451,0.0032,0.0315,19.3,20.5,15.1,2.9,0.0
31059,Nebraska,NE,Fillmore County,0.0083,0.0067,0.0385,0.1409,0.0776,13.4,23.9,15.0,2.5,0.0
31061,Nebraska,NE,Franklin County,0.1129,0.1438,0.3589,0.0932,0.1403,23.2,27.6,17.9,3.5,0.5
31063,Nebraska,NE,Frontier County,0.3153,0.265,0.3898,0.1928,0.5406,19.9,25.2,19.7,2.9,0.2
31065,Nebraska,NE,Furnas County,0.1931,0.2281,0.532,0.1861,0.1432,20.5,25.4,18.9,4.5,0.4
31067,Nebraska,NE,Gage County,0.2307,0.1969,0.4989,0.1409,0.3271,20.5,21.4,15.8,7.7,0.0
31069,Nebraska,NE,Garden County,0.42,0.5482,0.9453,0.1276,0.0528,28.6,28.6,20.1,2.4,0.2
31071,Nebraska,NE,Garfield County,0.0557,0.042,0.1012,0.0299,0.3274,16.0,27.2,13.7,5.9,0.0
31073,Nebraska,NE,Gosper County,0.0293,0.1435,0.0296,0.1276,0.0535,16.3,25.6,12.1,0.7,0.2
31075,Nebraska,NE,Grant County,0.168,0.2921,0.0811,0.014,0.3748,17.9,21.4,10.8,3.6,0.5
31077,Nebraska,NE,Greeley County,0.062,0.0636,0.6306,0.0455,0.0372,18.3,25.7,16.0,1.8,0.1
31079,Nebraska,NE,Hall County,0.7343,0.6487,0.882,0.7378,0.496,23.7,15.5,12.9,5.3,7.8
31081,Nebraska,NE,Hamilton County,0.0229,0.0433,0.3471,0.1276,0.0105,12.6,20.3,10.9,1.9,0.3
31083,Nebraska,NE,Harlan County,0.3312,0.1263,0.9275,0.1508,0.4066,13.5,26.6,17.6,1.9,1.5
31085,Nebraska,NE,Hayes County,0.0547,0.0617,0.616,0.1985,0.0172,22.2,23.8,14.5,3.2,2.8
31087,Nebraska,NE,Hitchcock County,0.2574,0.1346,0.8791,0.1753,0.2192,22.2,25.4,20.7,4.0,0.4
31089,Nebraska,NE,Holt County,0.1098,0.0929,0.6227,0.2062,0.0729,21.4,22.1,12.5,3.0,1.1
31091,Nebraska,NE,Hooker County,0.1021,0.1196,0.0172,0.314,0.4782,19.3,19.0,12.8,5.8,0.0
31093,Nebraska,NE,Howard County,0.2202,0.1597,0.7849,0.2109,0.154,15.4,21.7,14.0,6.1,0.8
31095,Nebraska,NE,Jefferson County,0.2736,0.2934,0.7191,0.2164,0.1502,20.0,24.7,20.0,6.0,0.8
31097,Nebraska,NE,Johnson County,0.2927,0.0958,0.7798,0.5326,0.3509,13.4,18.7,18.5,5.5,1.7
31099,Nebraska,NE,Kearney County,0.1028,0.0283,0.5444,0.2733,0.1836,17.9,20.0,8.9,3.3,1.2
31101,Nebraska,NE,Keith County,0.2603,0.2269,0.5412,0.3217,0.2606,18.5,27.2,14.8,5.3,1.3
31103,Nebraska,NE,Keya Paha County,0.0226,0.1276,0.2797,0.021,0.0041,30.7,20.5,11.3,0.6,0.0
31105,Nebraska,NE,Kimball County,0.4308,0.6971,0.5571,0.4569,0.0725,25.4,25.9,19.1,3.2,1.1
31107,Nebraska,NE,Knox County,0.2717,0.1864,0.7747,0.4445,0.1683,22.9,24.8,16.5,3.6,0.4
31109,Nebraska,NE,Lancaster County,0.4031,0.2755,0.2905,0.5371,0.6647,19.6,14.6,11.3,5.1,2.1
31111,Nebraska,NE,Lincoln County,0.4617,0.3748,0.7782,0.3939,0.3675,22.8,20.2,15.3,4.3,1.0
31113,Nebraska,NE,Logan County,0.0471,0.057,0.2192,0.3649,0.0541,10.9,18.1,11.2,0.0,1.0
31115,Nebraska,NE,Loup County,0.202,0.2237,0.6567,0.4556,0.0576,19.9,25.6,16.1,1.8,0.0
31117,Nebraska,NE,McPherson County,0.0016,0.0239,0.0118,0.0006,0.0223,20.6,29.4,8.1,1.0,0.0
31119,Nebraska,NE,Madison County,0.4633,0.2284,0.6605,0.5501,0.6529,19.5,16.3,11.0,4.7,3.0
31121,Nebraska,NE,Merrick County,0.1947,0.2405,0.5953,0.2399,0.0955,18.0,21.5,17.8,2.7,0.5
31123,Nebraska,NE,Morrill County,0.3143,0.434,0.5635,0.5161,0.0904,17.9,20.8,14.3,3.9,1.2
31125,Nebraska,NE,Nance County,0.05,0.1976,0.2183,0.1094,0.0121,22.5,21.0,16.6,1.5,0.1
31127,Nebraska,NE,Nemaha County,0.4712,0.5953,0.2342,0.2781,0.5536,24.8,20.3,16.7,6.0,0.3
31129,Nebraska,NE,Nuckolls County,0.014,0.083,0.0414,0.1572,0.0264,14.2,27.5,13.4,2.4,0.0
31131,Nebraska,NE,Otoe County,0.2698,0.0993,0.902,0.3847,0.2173,16.9,20.3,14.6,3.8,2.2
31133,Nebraska,NE,Pawnee County,0.49,0.4442,0.9249,0.0983,0.3153,24.4,28.4,17.3,7.3,0.5
31135,Nebraska,NE,Perkins County,0.14,0.1801,0.546,0.1985,0.0764,16.2,23.8,12.2,3.8,1.0
31137,Nebraska,NE,Phelps County,0.3242,0.174,0.5094,0.2485,0.6309,20.0,20.7,13.5,5.8,1.4
31139,Nebraska,NE,Pierce County,0.0439,0.0684,0.5215,0.0407,0.0169,14.1,19.3,11.8,3.4,1.2
31141,Nebraska,NE,Platte County,0.371,0.2103,0.7493,0.6013,0.3105,16.6,17.8,11.7,5.8,5.2
31143,Nebraska,NE,Polk County,0.0477,0.0706,0.2813,0.2628,0.0404,13.6,22.4,11.9,2.4,1.0
31145,Nebraska,NE,Red Willow County,0.3522,0.3353,0.3576,0.2781,0.5062,20.2,21.0,16.3,8.2,0.1
31147,Nebraska,NE,Richardson County,0.2883,0.4133,0.5784,0.2399,0.1244,22.3,24.2,16.7,6.6,0.3
31149,Nebraska,NE,Rock County,0.0423,0.041,0.3812,0.0019,0.07,17.2,25.4,11.8,3.6,0.7
31151,Nebraska,NE,Saline County,0.4989,0.3878,0.7082,0.7003,0.3624,20.7,15.9,12.3,2.0,7.3
31153,Nebraska,NE,Sarpy County,0.0776,0.0417,0.3551,0.5488,0.0748,10.4,12.2,9.9,3.0,1.0
31155,Nebraska,NE,Saunders County,0.0108,0.0143,0.1527,0.0983,0.0337,11.7,18.3,12.4,3.5,0.4
31157,Nebraska,NE,Scotts Bluff County,0.7356,0.5367,0.9507,0.6599,0.5733,21.0,19.9,15.5,6.0,1.5
31159,Nebraska,NE,Seward County,0.0563,0.0321,0.071,0.0757,0.4095,12.9,17.5,11.7,4.6,0.1
31161,Nebraska,NE,Sheridan County,0.3462,0.2825,0.4318,0.5352,0.3891,20.0,26.0,18.1,4.5,0.1
31163,Nebraska,NE,Sherman County,0.2641,0.273,0.5714,0.0983,0.2774,19.9,27.6,15.9,5.0,0.4
31165,Nebraska,NE,Sioux County,0.3204,0.3439,0.5676,0.1572,0.315,33.0,22.8,13.9,5.3,2.2
31167,Nebraska,NE,Stanton County,0.0054,0.0057,0.0907,0.2879,0.013,12.9,19.8,11.4,2.0,0.2
31169,Nebraska,NE,Thayer County,0.1301,0.1368,0.3554,0.1094,0.1966,22.6,25.3,12.4,4.1,0.1
31171,Nebraska,NE,Thomas County,0.0019,0.0213,0.0207,0.3675,0.0038,12.2,34.5,13.3,2.6,0.0
31173,Nebraska,NE,Thurston County,0.798,0.7786,0.6188,0.9443,0.6831,31.4,12.3,12.2,8.6,0.7
31175,Nebraska,NE,Valley County,0.1464,0.0824,0.5842,0.0115,0.2851,17.7,25.2,16.7,4.2,0.2
31177,Nebraska,NE,Washington County,0.0143,0.0302,0.1187,0.0983,0.0379,12.3,18.4,11.9,2.7,0.1
31179,Nebraska,NE,Wayne County,0.1626,0.2596,0.0601,0.3166,0.3013,23.2,16.6,15.5,4.9,1.2
31181,Nebraska,NE,Webster County,0.0375,0.0461,0.1814,0.2914,0.0493,19.5,22.6,12.3,2.8,0.1
31183,Nebraska,NE,Wheeler County,0.0385,0.105,0.1209,0.0013,0.0617,20.0,33.1,17.4,1.7,0.0
31185,Nebraska,NE,York County,0.1359,0.0407,0.1479,0.2959,0.5682,16.4,20.3,14.1,2.8,0.1
32001,Nevada,NV,Churchill County,0.6271,0.5161,0.7703,0.6516,0.5317,18.9,19.4,19.8,3.5,1.2
32003,Nevada,NV,Clark County,0.8635,0.8969,0.6647,0.9217,0.7127,22.7,15.2,12.5,7.7,6.1
32005,Nevada,NV,Douglas County,0.2059,0.2046,0.4448,0.5558,0.1231,13.7,30.3,16.2,2.5,1.2
32007,Nevada,NV,Elko County,0.6185,0.4057,0.5721,0.741,0.7817,19.2,12.2,12.7,5.7,1.3
32009,Nevada,NV,Esmeralda County,0.9077,0.8638,0.7028,0.7436,0.9567,32.1,26.2,23.1,27.2,5.5
32011,Nevada,NV,Eureka County,0.4254,0.147,0.8339,0.4814,0.5692,25.6,25.0,18.9,6.0,0.0
32013,Nevada,NV,Humboldt County,0.616,0.5056,0.6793,0.735,0.5495,21.2,15.4,14.6,4.0,3.6
32015,Nevada,NV,Lander County,0.5762,0.413,0.9135,0.678,0.363,21.5,14.0,14.2,2.4,3.0
32017,Nevada,NV,Lincoln County,0.5749,0.3175,0.5472,0.4569,0.9255,11.7,16.6,21.3,5.9,0.0
32019,Nevada,NV,Lyon County,0.5593,0.7229,0.6602,0.6424,0.1737,17.9,21.2,16.6,2.7,1.6
32021,Nevada,NV,Mineral County,0.5501,0.7935,0.5829,0.8139,0.0738,33.8,28.8,15.7,1.4,0.0
32023,Nevada,NV,Nye County,0.7954,0.8339,0.8606,0.6503,0.469,24.9,30.6,23.9,4.5,2.2
32027,Nevada,NV,Pershing County,0.6761,0.539,0.3341,0.7423,0.901,17.1,16.4,17.6,5.4,2.4
32029,Nevada,NV,Storey County,0.1836,0.3732,0.476,0.4779,0.0108,11.2,37.3,22.9,2.1,0.5
32031,Nevada,NV,Washoe County,0.6971,0.6322,0.3983,0.776,0.7849,18.1,16.9,12.0,6.5,3.1
32033,Nevada,NV,White Pine County,0.2498,0.1279,0.2835,0.6538,0.4524,16.7,19.2,14.3,1.9,0.3
32510,Nevada,NV,Carson City,0.8508,0.6771,0.6965,0.7308,0.9755,20.1,20.6,15.3,6.3,2.5
33001,New Hampshire,NH,Belknap County,0.1454,0.2033,0.2342,0.1094,0.2221,13.3,22.8,16.7,4.0,0.2
33003,New Hampshire,NH,Carroll County,0.1406,0.3761,0.1266,0.0579,0.1123,13.8,29.2,16.3,3.0,0.1
33005,New Hampshire,NH,Cheshire County,0.1702,0.2291,0.0248,0.1457,0.5988,15.8,21.1,14.2,4.7,0.1
33007,New Hampshire,NH,Coos County,0.4862,0.5377,0.3038,0.0881,0.72,21.9,24.9,21.3,8.1,0.4
33009,New Hampshire,NH,Grafton County,0.2619,0.2148,0.084,0.328,0.6997,16.2,22.0,13.7,6.6,0.4
33011,New Hampshire,NH,Hillsborough County,0.2234,0.224,0.097,0.4973,0.4391,11.8,16.3,11.7,5.1,2.4
33013,New Hampshire,NH,Merrimack County,0.2109,0.1635,0.0815,0.2444,0.6701,12.5,18.9,14.3,5.1,0.7
33015,New Hampshire,NH,Rockingham County,0.02,0.0595,0.0175,0.2692,0.1161,8.1,18.9,10.9,3.0,0.3
33017,New Hampshire,NH,Strafford County,0.1833,0.2074,0.0086,0.335,0.7321,14.3,16.0,13.2,5.1,0.3
33019,New Hampshire,NH,Sullivan County,0.2186,0.3847,0.0659,0.1457,0.3882,19.6,22.7,14.6,5.3,0.1
34001,New Jersey,NJ,Atlantic County,0.853,0.7712,0.679,0.8317,0.9026,21.1,18.8,14.2,12.0,5.5
34003,New Jersey,NJ,Bergen County,0.4372,0.3191,0.1553,0.8501,0.651,10.5,17.5,8.3,8.0,6.7
34005,New Jersey,NJ,Burlington County,0.2434,0.1829,0.2004,0.7261,0.3299,11.1,17.6,11.6,4.8,1.9
34007,New Jersey,NJ,Camden County,0.7795,0.665,0.784,0.8396,0.7025,19.1,16.0,14.5,10.5,4.5
34009,New Jersey,NJ,Cape May County,0.3541,0.3885,0.3729,0.4445,0.3201,15.3,27.8,15.0,6.2,1.1
34011,New Jersey,NJ,Cumberland County,0.9793,0.9418,0.8934,0.8976,0.9726,26.8,15.6,14.8,9.7,7.3
34013,New Jersey,NJ,Essex County,0.9415,0.8982,0.7566,0.9644,0.9478,22.9,13.8,11.7,21.4,8.1
34015,New Jersey,NJ,Gloucester County,0.2173,0.2141,0.2469,0.5867,0.2259,11.8,16.2,12.7,5.0,1.3
34017,New Jersey,NJ,Hudson County,0.7827,0.8241,0.1785,0.9669,0.8365,22.4,12.2,8.6,32.5,11.4
34019,New Jersey,NJ,Hunterdon County,0.035,0.0388,0.0592,0.4725,0.0846,6.8,19.6,8.8,2.7,1.4
34021,New Jersey,NJ,Mercer County,0.7445,0.5597,0.4053,0.8864,0.9383,16.8,15.7,10.3,11.6,6.7
34023,New Jersey,NJ,Middlesex County,0.6647,0.496,0.2361,0.9201,0.9198,13.3,15.4,9.6,8.1,6.9
34025,New Jersey,NJ,Monmouth County,0.2138,0.202,0.1254,0.6223,0.3338,10.5,18.3,10.4,6.9,2.3
34027,New Jersey,NJ,Morris County,0.1667,0.1142,0.097,0.6847,0.3614,8.1,17.6,8.9,5.1,3.7
34029,New Jersey,NJ,Ocean County,0.4133,0.3668,0.609,0.4699,0.3385,17.2,22.5,12.7,5.9,1.4
34031,New Jersey,NJ,Passaic County,0.9112,0.917,0.6866,0.922,0.8737,22.4,15.1,9.0,14.7,14.2
34033,New Jersey,NJ,Salem County,0.6739,0.6134,0.7073,0.6402,0.5842,20.7,18.8,15.9,9.5,1.1
34035,New Jersey,NJ,Somerset County,0.1912,0.1381,0.1072,0.8549,0.2969,8.6,16.3,8.2,4.5,4.5
34037,New Jersey,NJ,Sussex County,0.0458,0.1339,0.0391,0.4741,0.0509,9.3,18.1,11.2,3.2,0.9
34039,New Jersey,NJ,Union County,0.8145,0.7579,0.6118,0.9325,0.7665,16.1,14.6,9.0,10.6,12.2
34041,New Jersey,NJ,Warren County,0.245,0.287,0.1269,0.5558,0.3077,12.3,18.7,11.8,6.3,1.9
35001,New Mexico,NM,Bernalillo County,0.7929,0.7296,0.6564,0.9364,0.7168,26.0,17.1,14.9,7.0,3.3
35003,New Mexico,NM,Catron County,0.4483,0.4384,0.4524,0.5406,0.4206,40.6,43.2,41.2,5.7,0.4
35005,New Mexico,NM,Chaves County,0.9701,0.8683,0.9854,0.9389,0.8864,33.6,15.9,19.3,6.0,4.2
35006,New Mexico,NM,Cibola County,0.9663,0.8435,0.9497,0.9844,0.9555,39.0,16.9,21.6,5.5,3.4
35007,New Mexico,NM,Colfax County,0.7989,0.5775,0.6513,0.8874,0.9341,33.2,27.5,25.4,8.7,0.5
35009,New Mexico,NM,Curry County,0.9395,0.9529,0.9555,0.8934,0.6042,31.2,12.8,17.7,4.3,4.2
35011,New Mexico,NM,De Baca County,0.5043,0.7162,0.4232,0.9434,0.0897,26.8,21.1,13.8,5.5,0.7
35013,New Mexico,NM,Doña Ana County,0.9873,0.9688,0.9071,0.9714,0.958,35.4,16.1,14.7,5.7,8.6
35015,New Mexico,NM,Eddy County,0.6382,0.3888,0.8696,0.9017,0.5237,20.9,14.5,15.5,4.7,3.2
35017,New Mexico,NM,Grant County,0.7404,0.6707,0.6936,0.889,0.6106,33.3,28.4,22.4,4.0,1.1
35019,New Mexico,NM,Guadalupe County,0.8791,0.8221,0.7766,0.9889,0.7976,32.3,19.5,19.7,3.9,6.0
35021,New Mexico,NM,Harding County,0.6615,0.5485,0.6742,0.8988,0.5485,32.6,24.3,18.4,9.1,1.7
35023,New Mexico,NM,Hidalgo County,0.9179,0.6984,0.8371,0.9354,0.9905,35.2,21.8,17.5,7.2,4.5
35025,New Mexico,NM,Lea County,0.9399,0.9189,0.8301,0.9504,0.8766,28.5,11.0,11.8,4.5,8.8
35027,New Mexico,NM,Lincoln County,0.8346,0.8116,0.9195,0.7916,0.5269,29.4,29.6,23.1,4.5,1.5
35028,New Mexico,NM,Los Alamos County,0.0099,0.0003,0.0255,0.658,0.0789,7.1,17.8,10.7,1.2,0.5
35029,New Mexico,NM,Luna County,0.9997,0.9577,1.0,0.9704,0.9367,43.2,20.5,22.6,8.1,12.2
35031,New Mexico,NM,McKinley County,0.9695,0.9325,0.9208,0.9968,0.8985,48.2,12.7,15.1,11.8,2.7
35033,New Mexico,NM,Mora County,0.6169,0.399,0.9873,0.9831,0.1562,34.5,33.2,34.0,7.2,1.5
35035,New Mexico,NM,Otero County,0.9294,0.8594,0.9192,0.8851,0.8686,30.9,17.0,20.5,4.9,4.5
35037,New Mexico,NM,Quay County,0.8711,0.8762,0.9898,0.8832,0.2943,39.7,25.0,24.6,8.0,0.8
35039,New Mexico,NM,Rio Arriba County,0.763,0.7152,0.9437,0.9911,0.2545,32.6,20.2,15.8,3.8,2.2
35041,New Mexico,NM,Roosevelt County,0.951,0.9182,0.8737,0.8743,0.9106,32.6,14.8,19.6,6.2,3.1
35043,New Mexico,NM,Sandoval County,0.3933,0.3201,0.6672,0.9122,0.1435,16.5,18.8,14.1,3.0,1.9
35045,New Mexico,NM,San Juan County,0.9669,0.9637,0.9201,0.9389,0.8234,37.9,15.7,15.6,6.1,2.1
35047,New Mexico,NM,San Miguel County,0.9854,0.8772,0.9593,0.9873,0.9866,34.5,22.9,23.5,7.3,1.6
35049,New Mexico,NM,Santa Fe County,0.7633,0.6462,0.692,0.91,0.7057,22.1,25.9,14.0,4.2,4.1
35051,New Mexico,NM,Sierra County,0.7677,0.5746,0.8508,0.7646,0.742,36.0,35.9,30.4,7.4,1.5
35053,New Mexico,NM,Socorro County,0.8972,0.7194,0.7948,0.9475,0.9637,44.9,20.0,24.0,4.9,2.7
35055,New Mexico,NM,Taos County,0.6955,0.6176,0.8972,0.9411,0.2895,28.5,27.8,19.1,4.5,2.0
35057,New Mexico,NM,Torrance County,0.7712,0.8142,0.7776,0.881,0.4047,37.8,21.5,23.1,5.0,2.2
35059,New Mexico,NM,Union County,0.9526,0.6666,0.9901,0.8584,0.9771,34.6,22.0,23.3,7.9,2.0
35061,New Mexico,NM,Valencia County,0.8823,0.8307,0.9322,0.9561,0.6198,28.6,18.4,21.4,2.7,2.7
36001,New York,NY,Albany County,0.461,0.3115,0.1737,0.6656,0.8021,18.4,17.5,11.8,12.5,1.8
36003,New York,NY,Allegany County,0.4543,0.4973,0.1362,0.119,0.8155,26.7,19.3,16.4,7.3,0.6
36005,New York,NY,Bronx County,0.9965,0.9787,0.9545,0.9952,0.9806,38.6,13.3,15.8,60.2,14.5
36007,New York,NY,Broome County,0.7248,0.6227,0.5224,0.5065,0.8972,27.4,19.7,15.9,12.5,1.5
36009,New York,NY,Cattaraugus County,0.6809,0.6096,0.6087,0.328,0.8358,27.1,19.9,16.3,10.4,0.6
36011,New York,NY,Cayuga County,0.5208,0.4524,0.2062,0.342,0.8839,23.1,20.0,14.6,10.0,0.5
36013,New York,NY,Chautauqua County,0.7229,0.6147,0.7579,0.4085,0.798,27.7,20.8,17.6,11.8,1.4
36015,New York,NY,Chemung County,0.6093,0.5616,0.5507,0.434,0.7156,24.1,19.6,16.1,10.2,0.6
36017,New York,NY,Chenango County,0.4833,0.4604,0.4779,0.1225,0.6898,22.2,21.3,18.7,8.4,0.4
36019,New York,NY,Clinton County,0.4445,0.384,0.0837,0.2984,0.9103,21.4,17.8,17.3,9.5,0.4
36021,New York,NY,Columbia County,0.427,0.3519,0.4582,0.4518,0.5192,18.6,24.8,14.4,6.2,1.2
36023,New York,NY,Cortland County,0.3684,0.4165,0.0305,0.265,0.8444,21.4,16.5,13.3,9.0,0.3
36025,New York,NY,Delaware County,0.5142,0.5275,0.4938,0.265,0.5822,26.0,25.2,18.5,7.4,0.8
36027,New York,NY,Dutchess County,0.447,0.3058,0.1613,0.6828,0.7696,14.1,18.4,12.9,7.2,2.0
36029,New York,NY,Erie County,0.4913,0.3602,0.4235,0.6233,0.6395,21.8,18.5,13.7,12.1,1.8
36031,New York,NY,Essex County,0.3516,0.3096,0.279,0.2164,0.6424,19.8,24.8,16.7,9.4,0.5
36033,New York,NY,Franklin County,0.5597,0.5539,0.1425,0.4683,0.8626,26.2,18.4,17.4,11.0,0.3
36035,New York,NY,Fulton County,0.3977,0.4566,0.2603,0.3016,0.5189,24.2,20.2,17.1,10.0,0.2
36037,New York,NY,Genesee County,0.2335,0.2234,0.1139,0.2959,0.5501,17.5,19.5,15.4,9.8,0.4
36039,New York,NY,Greene County,0.4076,0.2899,0.1597,0.4569,0.7961,18.8,23.2,13.8,8.6,1.0
36041,New York,NY,Hamilton County,0.1654,0.3474,0.2122,0.2062,0.1012,20.0,32.0,17.8,2.4,0.2
36043,New York,NY,Herkimer County,0.2755,0.2071,0.2596,0.182,0.6357,20.4,21.3,15.4,10.1,0.5
36045,New York,NY,Jefferson County,0.6653,0.5453,0.3796,0.5237,0.9252,22.1,14.2,14.6,8.5,0.6
36047,New York,NY,Kings County,0.8874,0.8775,0.5352,0.9395,0.9249,28.3,14.5,10.3,55.3,11.3
36049,New York,NY,Lewis County,0.1925,0.3023,0.2106,0.0675,0.2676,23.1,19.6,15.0,5.6,0.3
36051,New York,NY,Livingston County,0.2294,0.2453,0.0471,0.3016,0.6328,18.3,18.9,13.5,6.0,0.5
36053,New York,NY,Madison County,0.1801,0.1689,0.0452,0.2536,0.6207,17.3,19.1,13.0,6.1,0.3
36055,New York,NY,Monroe County,0.5943,0.4136,0.6093,0.6806,0.7162,20.7,17.9,14.2,10.9,2.3
36057,New York,NY,Montgomery County,0.7881,0.6895,0.8867,0.5501,0.7232,26.8,18.8,16.5,12.8,2.1
36059,New York,NY,Nassau County,0.2778,0.1324,0.1696,0.8129,0.5584,9.1,18.0,8.8,6.6,4.8
36061,New York,NY,New York County,0.7283,0.6268,0.0996,0.8896,0.9784,22.2,17.3,11.1,77.9,8.0
36063,New York,NY,Niagara County,0.4454,0.3595,0.489,0.4604,0.5383,20.2,19.7,15.3,10.7,0.8
36065,New York,NY,Oneida County,0.6828,0.3907,0.7401,0.5237,0.9259,23.6,19.2,14.6,10.6,2.7
36067,New York,NY,Onondaga County,0.588,0.4146,0.4881,0.6045,0.804,21.6,17.8,13.9,12.2,1.7
36069,New York,NY,Ontario County,0.2682,0.1327,0.3242,0.3484,0.6367,16.0,21.0,14.5,6.5,0.8
36071,New York,NY,Orange County,0.7299,0.5097,0.6246,0.776,0.882,20.2,14.1,11.6,8.6,5.3
36073,New York,NY,Orleans County,0.58,0.6427,0.3958,0.42,0.6201,22.0,18.3,15.5,7.6,1.2
36075,New York,NY,Oswego County,0.5962,0.6137,0.2094,0.1985,0.9227,25.4,17.1,15.0,8.5,0.4
36077,New York,NY,Otsego County,0.3287,0.3417,0.0986,0.3086,0.6796,21.9,21.2,14.1,7.0,0.6
36079,New York,NY,Putnam County,0.1187,0.1209,0.062,0.6115,0.2326,9.2,18.3,10.2,4.1,1.9
36081,New York,NY,Queens County,0.8024,0.8282,0.1899,0.9765,0.8772,20.0,16.5,9.9,36.7,14.5
36083,New York,NY,Rensselaer County,0.4047,0.2727,0.2396,0.5183,0.7302,17.3,17.6,14.5,10.3,0.8
36085,New York,NY,Richmond County,0.5956,0.4413,0.3328,0.8021,0.811,16.5,16.6,10.3,15.2,5.9
36087,New York,NY,Rockland County,0.7471,0.6087,0.5062,0.7607,0.8915,23.3,15.6,9.0,9.9,7.9
36089,New York,NY,St. Lawrence County,0.7108,0.6701,0.2854,0.2265,0.9815,27.6,18.0,17.2,10.4,0.8
36091,New York,NY,Saratoga County,0.0649,0.0519,0.035,0.335,0.3611,11.1,18.9,11.3,4.8,0.6
36093,New York,NY,Schenectady County,0.4874,0.4012,0.1744,0.6634,0.7388,18.3,17.5,12.7,12.2,0.9
36095,New York,NY,Schoharie County,0.3172,0.2704,0.1044,0.2914,0.7576,18.0,23.0,16.8,6.3,0.2
36097,New York,NY,Schuyler County,0.3159,0.4267,0.1343,0.119,0.5507,25.1,22.1,15.3,5.9,0.5
36099,New York,NY,Seneca County,0.5737,0.6564,0.2902,0.3535,0.707,21.6,20.2,17.1,8.7,0.9
36101,New York,NY,Steuben County,0.4683,0.4349,0.4378,0.1861,0.6764,23.5,20.0,15.0,9.4,0.6
36103,New York,NY,Suffolk County,0.2596,0.223,0.1114,0.7226,0.4321,10.5,17.3,9.9,5.2,3.8
36105,New York,NY,Sullivan County,0.8654,0.7499,0.7652,0.6901,0.9475,24.2,18.9,15.9,9.9,3.0
36107,New York,NY,Tioga County,0.1505,0.2584,0.0939,0.119,0.279,18.7,20.9,14.7,6.5,0.3
36109,New York,NY,Tompkins County,0.3907,0.3312,0.0197,0.5829,0.9131,22.7,15.7,11.3,13.3,0.9
36111,New York,NY,Ulster County,0.5511,0.5043,0.2125,0.6115,0.7811,20.6,20.5,14.5,7.2,1.2
36113,New York,NY,Warren County,0.1954,0.2319,0.1279,0.1985,0.4171,16.5,23.0,15.8,8.5,0.4
36115,New York,NY,Washington County,0.4127,0.4505,0.2523,0.2485,0.6087,19.0,20.4,15.3,8.8,0.8
36117,New York,NY,Wayne County,0.3633,0.3226,0.342,0.3446,0.5294,18.4,19.7,14.5,7.3,0.9
36119,New York,NY,Westchester County,0.6685,0.4216,0.3821,0.8641,0.9373,13.6,17.5,10.1,14.2,5.4
36121,New York,NY,Wyoming County,0.2399,0.2606,0.0636,0.3322,0.5686,18.4,19.1,13.3,7.7,0.5
36123,New York,NY,Yates County,0.5724,0.6522,0.1581,0.0675,0.9173,22.1,21.5,11.6,13.0,0.6
37001,North Carolina,NC,Alamance County,0.7136,0.6643,0.5266,0.7668,0.7076,23.5,16.9,12.8,5.0,2.8
37003,North Carolina,NC,Alexander County,0.4559,0.4922,0.2924,0.4018,0.5466,21.5,20.4,17.1,2.8,0.5
37005,North Carolina,NC,Alleghany County,0.7168,0.8613,0.4998,0.3977,0.5807,34.0,28.0,17.4,5.6,1.5
37007,North Carolina,NC,Anson County,0.9529,0.9736,0.8034,0.8969,0.8256,34.8,19.5,20.6,7.1,0.6
37009,North Carolina,NC,Ashe County,0.4518,0.5632,0.6382,0.2164,0.2695,24.5,26.6,17.9,4.2,1.0
37011,North Carolina,NC,Avery County,0.7191,0.6624,0.4986,0.3675,0.909,25.8,22.7,19.0,4.5,0.9
37013,North Carolina,NC,Beaufort County,0.8066,0.8654,0.8451,0.7156,0.447,27.6,24.4,17.1,5.8,1.0
37015,North Carolina,NC,Bertie County,0.9586,0.9784,0.658,0.9446,0.9138,35.8,23.9,23.5,11.3,0.0
37017,North Carolina,NC,Bladen County,0.8326,0.86,0.7709,0.8352,0.5848,35.0,22.8,14.8,7.9,1.5
37019,North Carolina,NC,Brunswick County,0.2275,0.3535,0.1244,0.504,0.2004,16.3,32.7,14.9,2.4,0.4
37021,North Carolina,NC,Buncombe County,0.5994,0.5094,0.3691,0.4839,0.8409,21.2,20.6,13.6,5.4,2.3
37023,North Carolina,NC,Burke County,0.7079,0.7149,0.6793,0.5148,0.6249,28.2,21.0,20.4,4.6,1.2
37025,North Carolina,NC,Cabarrus County,0.4321,0.3614,0.4817,0.7706,0.3376,16.5,13.3,10.7,3.7,1.4
37027,North Carolina,NC,Caldwell County,0.6503,0.7257,0.6981,0.4018,0.4808,26.0,20.7,18.8,4.8,0.7
37029,North Carolina,NC,Camden County,0.2523,0.2561,0.6032,0.546,0.1021,13.0,15.8,15.5,1.3,0.5
37031,North Carolina,NC,Carteret County,0.3888,0.4547,0.2558,0.4057,0.4432,16.8,25.8,17.4,3.9,0.4
37033,North Carolina,NC,Caswell County,0.7302,0.7442,0.7646,0.7881,0.4384,23.4,22.0,19.9,4.7,1.2
37035,North Carolina,NC,Catawba County,0.6818,0.6055,0.6312,0.6249,0.7016,22.2,18.3,14.0,4.9,2.0
37037,North Carolina,NC,Chatham County,0.2949,0.2997,0.469,0.6516,0.167,19.4,24.8,12.9,3.1,3.3
37039,North Carolina,NC,Cherokee County,0.3729,0.7213,0.2482,0.2854,0.1333,29.8,30.7,18.1,4.3,0.3
37041,North Carolina,NC,Chowan County,0.7394,0.6806,0.8769,0.7814,0.4594,31.8,25.6,16.5,10.2,0.8
37043,North Carolina,NC,Clay County,0.4232,0.678,0.133,0.2234,0.4155,23.3,31.9,16.3,7.3,0.3
37045,North Carolina,NC,Cleveland County,0.8524,0.8699,0.7044,0.6481,0.8085,29.6,18.7,16.2,6.5,0.7
37047,North Carolina,NC,Columbus County,0.937,0.952,0.8116,0.7951,0.846,35.9,20.1,17.5,6.2,1.2
37049,North Carolina,NC,Craven County,0.8126,0.6373,0.8081,0.7261,0.8597,24.0,19.8,15.4,5.9,1.5
37051,North Carolina,NC,Cumberland County,0.943,0.833,0.8718,0.9141,0.9558,28.1,12.5,16.7,6.9,1.4
37053,North Carolina,NC,Currituck County,0.0862,0.2409,0.196,0.4248,0.0134,13.8,16.7,11.7,1.7,0.4
37055,North Carolina,NC,Dare County,0.2071,0.3805,0.1384,0.4117,0.1422,13.2,23.0,10.6,1.8,1.5
37057,North Carolina,NC,Davidson County,0.553,0.6249,0.6812,0.5558,0.2752,24.8,18.5,15.3,4.2,1.5
37059,North Carolina,NC,Davie County,0.4057,0.3665,0.5523,0.4658,0.3668,18.0,21.4,18.1,5.0,1.2
37061,North Carolina,NC,Duplin County,0.9144,0.9058,0.9749,0.8683,0.5549,31.6,19.1,17.2,5.2,7.2
37063,North Carolina,NC,Durham County,0.686,0.5873,0.238,0.9065,0.8661,20.1,13.8,9.7,7.0,4.9
37065,North Carolina,NC,Edgecombe County,0.9605,0.966,0.901,0.9418,0.7773,35.5,20.1,16.0,10.4,0.8
37067,North Carolina,NC,Forsyth County,0.8126,0.7652,0.6825,0.8291,0.7436,24.9,16.4,12.3,6.6,2.7
37069,North Carolina,NC,Franklin County,0.6491,0.5819,0.7019,0.756,0.5107,20.6,16.9,16.8,3.2,1.6
37071,North Carolina,NC,Gaston County,0.65,0.6984,0.6163,0.6726,0.4578,22.3,16.4,14.7,5.4,1.5
37073,North Carolina,NC,Gates County,0.4053,0.5765,0.5199,0.7464,0.0633,24.0,21.2,19.1,3.4,1.0
37075,North Carolina,NC,Graham County,0.6933,0.7684,0.7792,0.42,0.4591,21.2,23.6,19.6,6.4,1.0
37077,North Carolina,NC,Granville County,0.6612,0.6745,0.5778,0.8164,0.4811,23.7,17.1,16.4,4.1,1.8
37079,North Carolina,NC,Greene County,0.9863,0.9745,0.8272,0.8883,0.985,33.0,16.5,20.5,5.5,3.1
37081,North Carolina,NC,Guilford County,0.7865,0.6962,0.5469,0.8797,0.84,24.1,15.5,11.9,6.3,2.5
37083,North Carolina,NC,Halifax County,0.987,0.9844,0.9007,0.9332,0.936,38.1,21.2,20.1,9.2,0.4
37085,North Carolina,NC,Harnett County,0.7372,0.7432,0.8107,0.7836,0.4302,24.7,13.2,15.5,4.3,1.9
37087,North Carolina,NC,Haywood County,0.3646,0.5266,0.5441,0.2323,0.1702,23.4,25.1,17.2,4.3,0.6
37089,North Carolina,NC,Henderson County,0.4286,0.4365,0.5959,0.4913,0.2806,19.7,26.1,14.8,3.7,2.3
37091,North Carolina,NC,Hertford County,0.9427,0.9656,0.735,0.9513,0.8279,35.4,20.4,20.9,9.0,0.6
37093,North Carolina,NC,Hoke County,0.8909,0.8384,0.9345,0.931,0.6535,25.8,11.0,18.1,5.2,2.3
37095,North Carolina,NC,Hyde County,0.874,0.9949,0.8966,0.8101,0.1989,37.0,23.4,18.8,2.2,1.9
37097,North Carolina,NC,Iredell County,0.3773,0.3487,0.4041,0.615,0.3398,16.3,16.3,11.8,3.3,1.8
37099,North Carolina,NC,Jackson County,0.7862,0.8174,0.2899,0.5352,0.9386,29.2,20.4,13.2,4.8,2.0
37101,North Carolina,NC,Johnston County,0.5294,0.4683,0.6102,0.7261,0.4152,19.3,13.6,12.8,4.1,2.6
37103,North Carolina,NC,Jones County,0.6736,0.7973,0.2654,0.7598,0.5695,30.7,23.2,20.5,7.8,0.1
37105,North Carolina,NC,Lee County,0.8953,0.8571,0.9666,0.8072,0.6112,27.0,16.8,17.4,4.0,5.4
37107,North Carolina,NC,Lenoir County,0.9984,0.971,0.9975,0.8794,0.9774,36.9,20.9,23.4,8.6,1.9
37109,North Carolina,NC,Lincoln County,0.2517,0.2746,0.2685,0.4658,0.2666,15.9,18.6,15.2,3.4,1.2
37111,North Carolina,NC,McDowell County,0.7518,0.6421,0.7502,0.3847,0.861,26.5,20.6,19.1,6.4,1.2
37113,North Carolina,NC,Macon County,0.4906,0.6195,0.6351,0.3592,0.2288,27.4,28.8,16.9,6.4,2.4
37115,North Carolina,NC,Madison County,0.35,0.3573,0.118,0.1654,0.7483,22.8,22.9,18.5,4.5,0.0
37117,North Carolina,NC,Martin County,0.9306,0.9275,0.959,0.8641,0.6586,30.0,24.3,20.9,9.3,1.1
37119,North Carolina,NC,Mecklenburg County,0.6115,0.5787,0.4747,0.8915,0.5135,18.3,11.6,8.1,5.6,4.9
37121,North Carolina,NC,Mitchell County,0.5689,0.5437,0.629,0.2444,0.658,20.9,25.1,18.6,8.4,0.6
37123,North Carolina,NC,Montgomery County,0.7741,0.5705,0.9628,0.7537,0.5816,27.1,21.2,18.0,4.4,3.5
37125,North Carolina,NC,Moore County,0.3306,0.2778,0.6074,0.5867,0.2157,16.4,24.1,14.3,4.2,1.8
37127,North Carolina,NC,Nash County,0.8902,0.8403,0.741,0.881,0.8804,24.5,18.8,15.1,6.9,1.2
37129,North Carolina,NC,New Hanover County,0.4289,0.5638,0.0824,0.5797,0.4989,21.4,18.5,12.0,6.3,1.1
37131,North Carolina,NC,Northampton County,0.8906,0.9548,0.5157,0.9233,0.7786,32.3,27.6,19.0,8.1,0.3
37133,North Carolina,NC,Onslow County,0.7948,0.7585,0.6793,0.7213,0.7499,25.0,9.6,16.3,3.8,0.9
37135,North Carolina,NC,Orange County,0.3945,0.2857,0.0474,0.686,0.8454,18.0,15.4,8.3,4.7,2.7
37137,North Carolina,NC,Pamlico County,0.5616,0.5972,0.5603,0.6211,0.4146,25.1,30.3,20.9,4.8,1.3
37139,North Carolina,NC,Pasquotank County,0.7626,0.7324,0.6001,0.8473,0.6774,21.1,17.6,15.1,6.2,1.1
37141,North Carolina,NC,Pender County,0.5606,0.5294,0.4671,0.6204,0.573,18.8,18.0,16.0,3.1,1.1
37143,North Carolina,NC,Perquimans County,0.5921,0.7175,0.7451,0.6567,0.1858,22.5,28.1,20.9,4.0,0.2
37145,North Carolina,NC,Person County,0.5393,0.5558,0.6532,0.7165,0.2787,24.8,20.3,20.2,5.2,0.4
37147,North Carolina,NC,Pitt County,0.9001,0.8721,0.5282,0.8524,0.9679,29.9,14.1,14.8,9.2,1.4
37149,North Carolina,NC,Polk County,0.3583,0.3121,0.4578,0.4165,0.413,19.6,31.7,18.1,3.7,0.9
37151,North Carolina,NC,Randolph County,0.6475,0.6736,0.7681,0.5679,0.4108,25.3,18.0,17.2,3.7,2.6
37153,North Carolina,NC,Richmond County,0.986,0.9761,0.882,0.825,0.9739,36.7,17.9,16.2,10.7,1.0
37155,North Carolina,NC,Robeson County,0.9962,0.9828,0.9523,0.9758,0.9784,41.9,15.7,17.0,8.0,2.2
37157,North Carolina,NC,Rockingham County,0.8514,0.875,0.825,0.6516,0.6997,28.5,20.8,17.6,7.0,1.4
37159,North Carolina,NC,Rowan County,0.8435,0.7725,0.742,0.6599,0.8832,26.1,17.7,15.5,5.9,2.4
37161,North Carolina,NC,Rutherford County,0.8072,0.7897,0.8584,0.4973,0.6958,30.0,21.7,21.2,6.0,0.7
37163,North Carolina,NC,Sampson County,0.9459,0.93,0.8702,0.8721,0.867,31.9,18.1,14.1,5.1,4.5
37165,North Carolina,NC,Scotland County,0.9959,0.9857,0.8225,0.9135,0.9981,40.2,18.0,16.7,11.5,0.7
37167,North Carolina,NC,Stanly County,0.6631,0.6169,0.769,0.5352,0.5549,23.9,18.9,17.1,5.4,1.4
37169,North Carolina,NC,Stokes County,0.4324,0.5584,0.4893,0.2959,0.2816,21.9,21.9,19.8,2.8,0.2
37171,North Carolina,NC,Surry County,0.8005,0.8024,0.8797,0.4814,0.622,29.3,20.6,19.0,5.1,2.1
37173,North Carolina,NC,Swain County,0.901,0.8581,0.832,0.7894,0.8788,30.0,19.2,17.9,8.9,0.5
37175,North Carolina,NC,Transylvania County,0.4773,0.3764,0.4661,0.2959,0.7098,20.5,31.0,14.9,4.6,0.6
37177,North Carolina,NC,Tyrrell County,0.854,0.819,0.7945,0.8075,0.7531,25.7,22.4,19.9,7.6,1.7
37179,North Carolina,NC,Union County,0.2008,0.2221,0.3786,0.6701,0.0932,12.8,13.1,9.2,2.7,2.6
37181,North Carolina,NC,Vance County,0.9672,0.9532,0.9745,0.929,0.7283,30.8,18.7,18.3,7.8,1.4
37183,North Carolina,NC,Wake County,0.3621,0.2526,0.3229,0.7989,0.4257,13.9,12.2,8.8,4.0,2.5
37185,North Carolina,NC,Warren County,0.9879,0.9707,0.9605,0.931,0.923,38.6,26.3,22.0,10.4,1.0
37187,North Carolina,NC,Washington County,0.8603,0.9475,0.8511,0.9036,0.3716,35.0,26.0,23.6,18.2,0.0
37189,North Carolina,NC,Watauga County,0.4238,0.8619,0.0048,0.2444,0.5969,34.5,16.2,11.1,3.4,0.7
37191,North Carolina,NC,Wayne County,0.9564,0.8788,0.8991,0.8616,0.9545,29.9,16.6,15.6,7.0,3.5
37193,North Carolina,NC,Wilkes County,0.707,0.8164,0.6491,0.3917,0.5272,28.3,22.3,19.0,5.7,0.6
37195,North Carolina,NC,Wilson County,0.952,0.9599,0.8543,0.8909,0.8136,35.0,18.9,14.8,9.2,1.7
37197,North Carolina,NC,Yadkin County,0.6233,0.7206,0.5113,0.4741,0.5202,26.0,20.6,15.6,4.6,1.6
37199,North Carolina,NC,Yancey County,0.5307,0.7089,0.6971,0.2109,0.2533,25.7,26.2,18.4,4.2,0.8
38001,North Dakota,ND,Adams County,0.2052,0.1495,0.1648,0.2062,0.5708,18.9,27.7,13.1,7.1,0.0
38003,North Dakota,ND,Barnes County,0.1842,0.1355,0.0885,0.2879,0.5838,19.0,22.6,13.1,5.6,0.1
38005,North Dakota,ND,Benson County,0.7426,0.4117,0.8565,0.9211,0.8107,39.3,14.0,13.2,9.2,1.6
38007,North Dakota,ND,Billings County,0.0095,0.0127,0.015,0.0003,0.2113,13.8,25.3,7.7,3.8,0.0
38009,North Dakota,ND,Bottineau County,0.111,0.0907,0.1333,0.2854,0.3073,13.1,24.6,13.6,2.2,0.0
38011,North Dakota,ND,Bowman County,0.2421,0.251,0.5896,0.2164,0.1899,16.4,23.0,10.8,1.6,1.8
38013,North Dakota,ND,Burke County,0.0363,0.0159,0.3194,0.1572,0.0815,11.4,21.4,12.2,1.3,0.7
38015,North Dakota,ND,Burleigh County,0.1963,0.0382,0.1556,0.3939,0.7655,12.5,17.0,11.3,5.7,0.3
38017,North Dakota,ND,Cass County,0.2485,0.1511,0.0649,0.4636,0.7477,17.0,12.5,10.0,6.0,1.0
38019,North Dakota,ND,Cavalier County,0.0955,0.0563,0.3882,0.1457,0.1992,15.5,28.2,10.7,4.6,0.7
38021,North Dakota,ND,Dickey County,0.146,0.1855,0.2036,0.3217,0.1922,18.3,19.1,11.9,1.6,0.0
38023,North Dakota,ND,Divide County,0.2768,0.1858,0.2619,0.413,0.5587,18.4,24.1,11.0,4.6,0.2
38025,North Dakota,ND,Dunn County,0.4104,0.2036,0.5819,0.552,0.5927,11.5,17.7,14.9,1.9,2.7
38027,North Dakota,ND,Eddy County,0.4082,0.2078,0.5628,0.2733,0.7327,29.6,27.7,20.0,7.4,0.2
38029,North Dakota,ND,Emmons County,0.0506,0.1664,0.028,0.0407,0.1705,16.4,28.1,12.5,3.3,0.0
38031,North Dakota,ND,Foster County,0.0127,0.007,0.0716,0.0675,0.1149,15.5,23.7,11.1,4.6,0.2
38033,North Dakota,ND,Golden Valley County,0.1982,0.1024,0.5164,0.4117,0.2711,20.7,23.7,20.0,5.6,0.0
38035,North Dakota,ND,Grand Forks County,0.3198,0.2867,0.0191,0.4839,0.8654,21.9,13.5,9.4,5.7,0.5
38037,North Dakota,ND,Grant County,0.2097,0.1973,0.3124,0.2109,0.3535,25.1,29.3,13.2,3.8,0.5
38039,North Dakota,ND,Griggs County,0.0407,0.0258,0.1534,0.021,0.202,14.6,29.9,11.8,3.9,0.3
38041,North Dakota,ND,Hettinger County,0.1495,0.3268,0.2218,0.1985,0.0853,17.0,25.9,18.6,2.1,0.0
38043,North Dakota,ND,Kidder County,0.0321,0.1031,0.0843,0.2444,0.0312,20.1,26.6,10.6,0.3,0.0
38045,North Dakota,ND,LaMoure County,0.0305,0.0894,0.0843,0.0229,0.0687,17.8,26.8,11.6,3.4,0.1
38047,North Dakota,ND,Logan County,0.0754,0.0856,0.3761,0.1037,0.1053,22.4,27.0,11.9,1.3,1.3
38049,North Dakota,ND,McHenry County,0.0907,0.1709,0.1588,0.0627,0.1416,17.4,21.6,13.4,5.0,0.1
38051,North Dakota,ND,McIntosh County,0.1368,0.1674,0.1578,0.1572,0.2867,19.8,30.8,12.4,7.1,1.0
38053,North Dakota,ND,McKenzie County,0.468,0.3369,0.1145,0.6029,0.874,25.4,8.9,9.8,2.5,1.2
38055,North Dakota,ND,McLean County,0.0662,0.0156,0.2959,0.363,0.1915,11.6,24.6,11.3,3.3,0.5
38057,North Dakota,ND,Mercer County,0.3296,0.2577,0.4652,0.2587,0.5056,19.0,21.2,13.5,2.3,1.7
38059,North Dakota,ND,Morton County,0.0519,0.0589,0.0274,0.3592,0.2746,14.0,16.5,8.1,2.5,0.2
38061,North Dakota,ND,Mountrail County,0.7156,0.4333,0.7868,0.8088,0.8142,24.0,12.4,13.9,4.8,1.8
38063,North Dakota,ND,Nelson County,0.0468,0.0274,0.4047,0.2214,0.0646,15.6,27.4,18.4,2.4,0.4
38065,North Dakota,ND,Oliver County,0.0808,0.0242,0.5256,0.2164,0.1584,16.1,25.0,10.3,4.2,0.4
38067,North Dakota,ND,Pembina County,0.1206,0.1934,0.14,0.3016,0.1429,17.8,24.8,12.6,2.3,0.3
38069,North Dakota,ND,Pierce County,0.1155,0.111,0.4776,0.1654,0.1199,17.5,24.6,9.8,3.2,0.5
38071,North Dakota,ND,Ramsey County,0.4747,0.2186,0.5848,0.4973,0.7658,23.1,21.5,17.4,8.0,0.3
38073,North Dakota,ND,Ransom County,0.0935,0.0805,0.0515,0.2914,0.4015,15.3,21.2,12.6,4.1,0.1
38075,North Dakota,ND,Renville County,0.0245,0.0363,0.0375,0.0264,0.195,12.1,19.2,10.2,3.4,0.0
38077,North Dakota,ND,Richland County,0.2459,0.1091,0.1448,0.2984,0.7821,19.4,19.0,12.1,7.2,0.2
38079,North Dakota,ND,Rolette County,0.8934,0.8358,0.6847,0.985,0.8947,36.8,12.4,17.2,8.5,0.1
38081,North Dakota,ND,Sargent County,0.0251,0.0022,0.2253,0.2536,0.1059,10.4,22.6,12.9,2.5,0.3
38083,North Dakota,ND,Sheridan County,0.0073,0.071,0.0325,0.0264,0.0207,14.8,33.5,12.0,2.2,0.2
38085,North Dakota,ND,Sioux County,0.9176,0.9551,0.6166,0.9908,0.8104,54.1,8.1,16.2,13.4,0.1
38087,North Dakota,ND,Slope County,0.0134,0.0977,0.1378,0.0299,0.006,17.0,27.0,17.9,1.1,0.0
38089,North Dakota,ND,Stark County,0.3112,0.1944,0.0865,0.3977,0.8425,16.4,13.3,10.2,5.2,0.7
38091,North Dakota,ND,Steele County,0.0299,0.028,0.0783,0.015,0.1906,19.2,26.4,8.7,0.7,0.2
38093,North Dakota,ND,Stutsman County,0.4419,0.4792,0.2164,0.2399,0.6723,21.6,19.9,18.0,5.2,0.5
38095,North Dakota,ND,Towner County,0.2297,0.4311,0.5784,0.4222,0.02,25.2,22.5,14.7,3.3,1.8
38097,North Dakota,ND,Traill County,0.0697,0.0293,0.0576,0.2692,0.4493,13.9,19.6,11.3,5.8,0.3
38099,North Dakota,ND,Walsh County,0.3385,0.23,0.4521,0.4683,0.4843,19.3,21.6,13.5,4.8,1.1
38101,North Dakota,ND,Ward County,0.2571,0.1499,0.0671,0.5065,0.756,13.9,13.3,12.2,4.3,0.7
38103,North Dakota,ND,Wells County,0.2437,0.1508,0.3557,0.0525,0.6217,19.7,25.1,12.4,6.2,0.0
38105,North Dakota,ND,Williams County,0.5062,0.2262,0.4766,0.5778,0.8762,13.9,9.6,10.4,6.5,1.0
39001,Ohio,OH,Adams County,0.6516,0.8349,0.7181,0.0229,0.4508,32.4,18.2,23.0,7.8,0.0
39003,Ohio,OH,Allen County,0.5673,0.4152,0.672,0.5326,0.6659,21.5,18.4,16.1,7.5,0.3
39005,Ohio,OH,Ashland County,0.3096,0.3194,0.2081,0.0675,0.6522,20.9,19.6,14.6,6.9,0.6
39007,Ohio,OH,Ashtabula County,0.8247,0.8995,0.6704,0.3675,0.7906,30.0,19.6,17.2,8.5,0.6
39009,Ohio,OH,Athens County,0.5772,0.7165,0.0363,0.3086,0.9332,34.8,14.3,17.3,6.7,0.7
39011,Ohio,OH,Auglaize County,0.0261,0.0229,0.1915,0.0579,0.092,12.4,18.8,12.2,3.6,0.2
39013,Ohio,OH,Belmont County,0.3067,0.3503,0.1505,0.2234,0.5609,22.7,21.1,16.1,6.9,0.2
39015,Ohio,OH,Brown County,0.3691,0.504,0.4006,0.021,0.392,24.6,18.5,17.0,5.9,0.1
39017,Ohio,OH,Butler County,0.4346,0.3649,0.5145,0.5597,0.4254,18.8,15.4,12.1,4.9,2.1
39019,Ohio,OH,Carroll County,0.3255,0.3729,0.6137,0.0525,0.3032,21.4,21.8,17.6,7.0,0.6
39021,Ohio,OH,Champaign County,0.1123,0.1705,0.1559,0.1861,0.181,15.9,18.8,13.8,4.9,0.1
39023,Ohio,OH,Clark County,0.6627,0.6287,0.8387,0.4699,0.4998,24.5,19.9,17.2,7.1,0.7
39025,Ohio,OH,Clermont County,0.1479,0.1896,0.1575,0.2109,0.2634,15.2,17.4,14.5,4.8,0.3
39027,Ohio,OH,Clinton County,0.3038,0.3299,0.4979,0.1753,0.3303,24.0,17.7,16.2,4.0,0.4
39029,Ohio,OH,Columbiana County,0.4162,0.4225,0.3621,0.1654,0.6058,22.7,20.9,17.3,7.2,0.1
39031,Ohio,OH,Coshocton County,0.6351,0.7623,0.7213,0.0579,0.5262,27.9,19.5,16.8,9.7,0.4
39033,Ohio,OH,Crawford County,0.3856,0.5291,0.7576,0.0757,0.1489,25.8,20.6,16.4,5.5,0.6
39035,Ohio,OH,Cuyahoga County,0.7305,0.6554,0.6946,0.8043,0.6281,24.8,18.7,15.1,12.3,1.8
39037,Ohio,OH,Darke County,0.0961,0.2148,0.2755,0.0407,0.0649,22.5,20.0,13.5,5.0,0.2
39039,Ohio,OH,Defiance County,0.2529,0.2144,0.6239,0.4222,0.1747,18.1,19.0,13.9,5.1,0.9
39041,Ohio,OH,Delaware County,0.0239,0.0054,0.1651,0.4998,0.0445,7.1,14.4,8.2,2.6,0.8
39043,Ohio,OH,Erie County,0.4015,0.3462,0.5962,0.5081,0.3283,18.9,22.5,15.2,5.9,0.4
39045,Ohio,OH,Fairfield County,0.196,0.1594,0.4543,0.4699,0.182,15.4,16.2,14.2,4.0,0.9
39047,Ohio,OH,Fayette County,0.3913,0.5807,0.5943,0.2364,0.1454,25.4,17.7,19.6,6.6,0.2
39049,Ohio,OH,Franklin County,0.6497,0.5409,0.5297,0.776,0.6977,22.3,12.5,11.5,7.1,2.6
39051,Ohio,OH,Fulton County,0.0585,0.0675,0.4467,0.3563,0.0255,15.6,18.5,14.6,2.5,0.9
39053,Ohio,OH,Gallia County,0.601,0.6535,0.3385,0.1753,0.8193,28.6,19.2,19.1,9.1,0.1
39055,Ohio,OH,Geauga County,0.0961,0.1139,0.1129,0.1152,0.2918,11.4,21.3,9.9,8.9,0.6
39057,Ohio,OH,Greene County,0.1658,0.1715,0.0799,0.489,0.3471,16.3,17.8,13.6,4.5,0.4
39059,Ohio,OH,Guernsey County,0.5352,0.6844,0.538,0.1339,0.4636,26.2,19.8,17.5,6.9,0.1
39061,Ohio,OH,Hamilton County,0.5908,0.462,0.5243,0.7366,0.6713,22.1,16.0,12.2,10.4,1.2
39063,Ohio,OH,Hancock County,0.1604,0.1177,0.2246,0.3563,0.349,17.7,17.9,12.8,4.9,0.6
39065,Ohio,OH,Hardin County,0.5177,0.5533,0.1775,0.119,0.8575,26.6,16.0,13.1,8.2,0.3
39067,Ohio,OH,Harrison County,0.5262,0.6182,0.4598,0.1037,0.5985,23.5,22.5,17.1,7.3,0.1
39069,Ohio,OH,Henry County,0.0977,0.1289,0.3093,0.342,0.0719,17.7,19.0,12.9,3.7,0.6
39071,Ohio,OH,Highland County,0.4763,0.5912,0.357,0.0675,0.5724,24.8,18.4,17.5,8.8,0.4
39073,Ohio,OH,Hocking County,0.4976,0.545,0.812,0.0675,0.3528,28.9,19.1,17.8,4.1,0.7
39075,Ohio,OH,Holmes County,0.3923,0.4887,0.1037,0.0022,0.7646,17.4,14.0,7.8,31.3,1.2
39077,Ohio,OH,Huron County,0.301,0.3118,0.6809,0.328,0.1744,19.1,17.9,15.4,4.5,0.5
39079,Ohio,OH,Jackson County,0.5663,0.6713,0.525,0.0337,0.6443,26.5,17.6,21.6,7.0,0.1
39081,Ohio,OH,Jefferson County,0.433,0.3856,0.3853,0.3058,0.6141,26.6,21.9,17.3,8.6,0.2
39083,Ohio,OH,Knox County,0.2822,0.322,0.3576,0.1094,0.4111,21.3,18.5,13.8,6.0,0.5
39085,Ohio,OH,Lake County,0.1438,0.1432,0.335,0.4018,0.1483,13.4,20.7,13.5,4.4,1.3
39087,Ohio,OH,Lawrence County,0.3672,0.4623,0.6503,0.0932,0.2447,27.9,18.7,23.2,5.5,0.1
39089,Ohio,OH,Licking County,0.2256,0.1308,0.4906,0.3748,0.3443,17.0,16.9,15.2,5.2,0.7
39091,Ohio,OH,Logan County,0.1578,0.1254,0.2676,0.1861,0.3773,20.7,18.7,13.5,5.4,0.1
39093,Ohio,OH,Lorain County,0.4499,0.3589,0.595,0.5819,0.4209,20.1,19.0,14.1,5.7,1.1
39095,Ohio,OH,Lucas County,0.678,0.6545,0.6252,0.7019,0.5794,26.4,16.7,15.3,8.6,0.6
39097,Ohio,OH,Madison County,0.195,0.1963,0.2988,0.377,0.2319,15.3,15.8,15.0,3.0,0.9
39099,Ohio,OH,Mahoning County,0.6179,0.559,0.7216,0.6128,0.5043,26.1,21.6,16.2,8.1,0.8
39101,Ohio,OH,Marion County,0.6443,0.6007,0.6242,0.3802,0.7222,26.8,18.2,18.3,7.6,0.5
39103,Ohio,OH,Medina County,0.0111,0.0207,0.0888,0.1861,0.0388,10.5,18.8,11.6,3.5,0.4
39105,Ohio,OH,Meigs County,0.5848,0.7795,0.7149,0.015,0.3831,33.2,20.2,22.6,6.6,0.2
39107,Ohio,OH,Mercer County,0.0223,0.0223,0.104,0.0627,0.1257,15.0,18.5,11.0,4.4,0.3
39109,Ohio,OH,Miami County,0.0643,0.1034,0.2752,0.2444,0.0579,15.4,19.0,11.9,4.7,0.5
39111,Ohio,OH,Monroe County,0.4263,0.483,0.4429,0.0299,0.5437,26.7,23.2,19.4,9.0,0.2
39113,Ohio,OH,Montgomery County,0.6904,0.5803,0.6952,0.6752,0.686,23.5,18.2,15.1,9.0,1.1
39115,Ohio,OH,Morgan County,0.5425,0.7101,0.483,0.2485,0.4372,30.6,21.8,21.2,5.7,0.2
39117,Ohio,OH,Morrow County,0.1486,0.195,0.3366,0.0474,0.2011,16.7,18.3,16.4,4.5,0.4
39119,Ohio,OH,Muskingum County,0.511,0.4989,0.4795,0.2587,0.636,24.2,17.9,16.1,6.9,0.3
39121,Ohio,OH,Noble County,0.5902,0.5282,0.5307,0.119,0.8508,25.4,28.4,21.8,10.2,0.4
39123,Ohio,OH,Ottawa County,0.105,0.0659,0.3306,0.2485,0.2027,14.0,26.1,15.6,3.9,0.3
39125,Ohio,OH,Paulding County,0.1387,0.1658,0.7187,0.2399,0.0356,18.2,19.0,16.9,4.3,0.4
39127,Ohio,OH,Perry County,0.3688,0.441,0.2803,0.0229,0.5889,23.5,17.3,18.1,7.3,0.1
39129,Ohio,OH,Pickaway County,0.3592,0.3681,0.2488,0.2164,0.5867,19.6,15.9,15.6,6.0,0.3
39131,Ohio,OH,Pike County,0.6701,0.7617,0.7229,0.0735,0.629,36.1,17.8,25.0,6.1,0.1
39133,Ohio,OH,Portage County,0.3293,0.4006,0.029,0.3649,0.7337,19.5,17.3,12.9,7.1,0.4
39135,Ohio,OH,Preble County,0.0328,0.1079,0.2313,0.0337,0.0153,16.6,19.6,15.0,4.1,0.1
39137,Ohio,OH,Putnam County,0.0102,0.0025,0.1422,0.2364,0.0407,10.2,17.9,9.5,2.6,0.9
39139,Ohio,OH,Richland County,0.5329,0.5208,0.3455,0.4407,0.679,23.5,19.6,16.0,7.6,0.3
39141,Ohio,OH,Ross County,0.5931,0.6408,0.363,0.3322,0.7257,25.5,17.2,18.7,6.5,0.2
39143,Ohio,OH,Sandusky County,0.2622,0.2466,0.4537,0.4779,0.2208,21.1,19.4,15.9,4.6,0.7
39145,Ohio,OH,Scioto County,0.7474,0.8008,0.4575,0.1861,0.9049,35.4,18.3,23.2,7.2,0.1
39147,Ohio,OH,Seneca County,0.2265,0.1607,0.2975,0.3322,0.4416,20.7,18.3,14.4,5.7,0.3
39149,Ohio,OH,Shelby County,0.1467,0.1874,0.2778,0.2164,0.1855,18.4,17.2,13.5,4.0,0.4
39151,Ohio,OH,Stark County,0.3147,0.2835,0.4088,0.4248,0.3742,21.5,19.9,14.0,6.8,0.4
39153,Ohio,OH,Summit County,0.4407,0.3815,0.5237,0.6096,0.3843,20.2,18.6,13.4,7.8,1.5
39155,Ohio,OH,Trumbull County,0.5533,0.56,0.6023,0.413,0.5183,27.2,21.9,17.2,8.0,0.4
39157,Ohio,OH,Tuscarawas County,0.4216,0.5822,0.3723,0.1225,0.3898,21.9,19.8,15.1,7.1,0.7
39159,Ohio,OH,Union County,0.0172,0.0089,0.0455,0.3723,0.1066,8.7,13.0,10.4,2.9,0.4
39161,Ohio,OH,Van Wert County,0.0449,0.0608,0.4015,0.1753,0.0299,15.9,19.2,14.1,4.2,0.3
39163,Ohio,OH,Vinton County,0.3595,0.4979,0.5291,0.0169,0.2765,30.4,18.6,23.2,4.5,0.2
39165,Ohio,OH,Warren County,0.0461,0.0102,0.1339,0.4569,0.1689,9.0,14.9,10.7,2.6,0.8
39167,Ohio,OH,Washington County,0.3274,0.454,0.2628,0.0881,0.4388,23.3,21.3,16.5,5.2,0.2
39169,Ohio,OH,Wayne County,0.4123,0.392,0.244,0.1457,0.7413,17.1,18.2,12.5,10.0,1.0
39171,Ohio,OH,Williams County,0.1785,0.1903,0.4585,0.2323,0.1635,20.0,19.2,17.5,4.5,0.5
39173,Ohio,OH,Wood County,0.1562,0.2164,0.022,0.3818,0.4741,19.4,15.9,11.9,4.3,0.5
39175,Ohio,OH,Wyandot County,0.0487,0.021,0.4263,0.0821,0.1177,15.1,19.9,13.8,4.6,0.4
40001,Oklahoma,OK,Adair County,0.9472,0.9348,0.9039,0.9284,0.7967,36.6,15.6,21.1,10.1,0.7
40003,Oklahoma,OK,Alfalfa County,0.3048,0.2953,0.377,0.5119,0.3051,17.7,18.9,17.1,1.9,0.7
40005,Oklahoma,OK,Atoka County,0.8556,0.8199,0.7076,0.6949,0.8718,29.4,18.6,23.4,7.0,1.1
40007,Oklahoma,OK,Beaver County,0.4034,0.3309,0.9332,0.6936,0.0595,18.7,18.7,15.9,2.5,4.0
40009,Oklahoma,OK,Beckham County,0.8403,0.8473,0.3045,0.6287,0.9698,30.3,13.8,13.8,5.6,0.3
40011,Oklahoma,OK,Blaine County,0.7553,0.7009,0.9621,0.6701,0.3656,24.2,18.8,17.2,2.2,3.0
40013,Oklahoma,OK,Bryan County,0.8416,0.8209,0.7506,0.6764,0.7747,29.7,17.5,19.7,5.2,0.7
40015,Oklahoma,OK,Caddo County,0.8705,0.7601,0.8801,0.8304,0.8171,31.0,15.7,19.6,8.1,3.1
40017,Oklahoma,OK,Canadian County,0.3433,0.245,0.5253,0.6316,0.3248,13.7,13.4,13.2,3.3,1.4
40019,Oklahoma,OK,Carter County,0.7751,0.6532,0.9707,0.6971,0.4652,26.0,17.0,21.6,5.1,1.3
40021,Oklahoma,OK,Cherokee County,0.9236,0.847,0.7241,0.8899,0.9669,31.4,17.2,20.8,6.5,1.0
40023,Oklahoma,OK,Choctaw County,0.9485,0.9367,0.9567,0.797,0.7588,34.3,20.4,26.0,8.3,0.3
40025,Oklahoma,OK,Cimarron County,0.3134,0.2587,0.9647,0.6656,0.015,16.4,24.1,26.2,3.2,2.2
40027,Oklahoma,OK,Cleveland County,0.5527,0.4954,0.3404,0.6752,0.6694,20.7,14.1,14.6,4.1,1.3
40029,Oklahoma,OK,Coal County,0.8358,0.8314,0.9373,0.7226,0.4753,37.8,20.7,24.7,6.4,0.7
40031,Oklahoma,OK,Comanche County,0.9211,0.8129,0.8899,0.8346,0.9345,26.8,13.1,20.9,8.3,1.0
40033,Oklahoma,OK,Cotton County,0.3859,0.4976,0.3274,0.6233,0.21,29.4,18.7,24.3,7.1,0.1
40035,Oklahoma,OK,Craig County,0.9316,0.8333,0.936,0.7798,0.91,34.0,18.8,21.9,5.2,1.1
40037,Oklahoma,OK,Creek County,0.5205,0.4076,0.5358,0.6185,0.5714,22.5,18.1,15.1,4.6,0.6
40039,Oklahoma,OK,Custer County,0.7607,0.6332,0.756,0.7089,0.7528,29.1,13.8,12.5,4.0,2.9
40041,Oklahoma,OK,Delaware County,0.7878,0.8326,0.7222,0.7474,0.5326,30.9,25.0,21.9,4.3,0.5
40043,Oklahoma,OK,Dewey County,0.3347,0.4318,0.3649,0.5326,0.1982,25.1,18.7,18.8,2.5,0.0
40045,Oklahoma,OK,Ellis County,0.5323,0.671,0.8218,0.4273,0.1413,22.9,23.7,20.8,5.2,1.3
40047,Oklahoma,OK,Garfield County,0.7706,0.6783,0.9303,0.6402,0.5517,23.4,16.5,17.8,4.1,1.7
40049,Oklahoma,OK,Garvin County,0.546,0.5336,0.8689,0.6328,0.1931,27.5,18.0,16.4,4.0,0.9
40051,Oklahoma,OK,Grady County,0.434,0.3637,0.4368,0.5326,0.4983,18.0,16.5,17.9,4.0,0.6
40053,Oklahoma,OK,Grant County,0.2208,0.2714,0.4413,0.4273,0.1225,25.1,22.1,17.9,3.0,0.1
40055,Oklahoma,OK,Greer County,0.727,0.7353,0.5177,0.6287,0.7162,24.9,17.1,21.6,8.1,0.3
40057,Oklahoma,OK,Harmon County,0.7572,0.8807,0.7779,0.8508,0.2428,32.8,19.4,18.5,5.2,1.9
40059,Oklahoma,OK,Harper County,0.4028,0.3089,0.8489,0.6487,0.146,25.2,18.8,18.1,1.7,5.1
40061,Oklahoma,OK,Haskell County,0.8387,0.916,0.9166,0.686,0.3866,33.3,20.3,23.4,5.4,0.6
40063,Oklahoma,OK,Hughes County,0.7945,0.7999,0.727,0.776,0.6096,33.4,18.9,20.3,4.7,0.7
40065,Oklahoma,OK,Jackson County,0.6981,0.6831,0.7646,0.7706,0.4451,24.5,15.1,15.5,6.4,1.5
40067,Oklahoma,OK,Jefferson County,0.8056,0.7232,0.992,0.5978,0.398,35.2,20.4,26.3,8.4,0.5
40069,Oklahoma,OK,Johnston County,0.875,0.7611,0.9154,0.7016,0.8556,36.2,18.8,25.3,6.8,0.3
40071,Oklahoma,OK,Kay County,0.8549,0.8053,0.957,0.6449,0.6341,30.1,19.0,19.0,6.5,0.6
40073,Oklahoma,OK,Kingfisher County,0.398,0.3153,0.7117,0.6166,0.2297,18.8,16.5,12.7,3.2,3.4
40075,Oklahoma,OK,Kiowa County,0.741,0.7763,0.9475,0.6373,0.2577,36.2,20.2,22.0,2.8,0.5
40077,Oklahoma,OK,Latimer County,0.8396,0.8816,0.6672,0.7655,0.7038,32.2,21.0,21.9,3.9,0.2
40079,Oklahoma,OK,Le Flore County,0.924,0.8899,0.972,0.6742,0.7566,33.8,17.9,21.2,5.9,1.6
40081,Oklahoma,OK,Lincoln County,0.4101,0.4362,0.651,0.5183,0.196,24.4,18.8,20.2,2.9,0.2
40083,Oklahoma,OK,Logan County,0.3003,0.2418,0.2374,0.5829,0.4699,19.5,16.6,15.6,3.2,0.6
40085,Oklahoma,OK,Love County,0.7961,0.7019,0.9367,0.686,0.5752,25.4,18.2,22.2,3.6,2.1
40087,Oklahoma,OK,McClain County,0.2991,0.3061,0.5479,0.574,0.1619,15.5,15.4,14.3,1.3,1.3
40089,Oklahoma,OK,McCurtain County,0.8976,0.7906,0.9819,0.7859,0.6971,34.1,17.9,21.7,7.8,1.2
40091,Oklahoma,OK,McIntosh County,0.7528,0.7986,0.6694,0.706,0.5418,34.9,25.4,23.5,5.2,0.2
40093,Oklahoma,OK,Major County,0.3579,0.1893,0.8654,0.4741,0.2491,19.7,20.9,17.4,3.5,1.3
40095,Oklahoma,OK,Marshall County,0.8769,0.868,0.9946,0.7442,0.3843,30.7,21.6,23.0,4.1,3.8
40097,Oklahoma,OK,Mayes County,0.7499,0.7394,0.8269,0.7474,0.4788,28.0,18.5,23.9,4.4,0.3
40099,Oklahoma,OK,Murray County,0.5775,0.4397,0.6879,0.6656,0.581,22.9,19.8,23.3,3.4,0.2
40101,Oklahoma,OK,Muskogee County,0.9774,0.8886,0.9427,0.8403,0.9882,31.1,16.9,22.1,7.8,0.7
40103,Oklahoma,OK,Noble County,0.4458,0.2431,0.8743,0.5326,0.3538,21.0,20.7,18.3,1.6,0.8
40105,Oklahoma,OK,Nowata County,0.6529,0.6004,0.6895,0.7276,0.518,27.6,19.8,18.6,5.6,0.2
40107,Oklahoma,OK,Okfuskee County,0.8715,0.8037,0.783,0.7843,0.8632,39.9,18.0,21.4,6.9,0.3
40109,Oklahoma,OK,Oklahoma County,0.8431,0.7801,0.8454,0.8403,0.7012,25.3,14.1,14.0,6.2,3.6
40111,Oklahoma,OK,Okmulgee County,0.922,0.8928,0.8495,0.7646,0.9033,31.5,18.4,22.4,6.5,0.3
40113,Oklahoma,OK,Osage County,0.6207,0.5997,0.4477,0.7537,0.5896,22.8,20.5,19.7,4.1,0.3
40115,Oklahoma,OK,Ottawa County,0.9252,0.8015,0.9717,0.7458,0.8756,33.7,18.1,20.8,5.6,1.1
40117,Oklahoma,OK,Pawnee County,0.4979,0.4636,0.5227,0.6083,0.4464,23.8,19.2,17.1,3.3,0.3
40119,Oklahoma,OK,Payne County,0.6408,0.7693,0.0445,0.5969,0.8842,33.4,12.9,13.0,5.6,0.7
40121,Oklahoma,OK,Pittsburg County,0.868,0.8702,0.8104,0.6949,0.7572,29.5,19.9,23.1,7.1,0.6
40123,Oklahoma,OK,Pontotoc County,0.6561,0.5498,0.6316,0.7391,0.6472,23.5,16.9,15.8,6.4,0.4
40125,Oklahoma,OK,Pottawatomie County,0.7496,0.7267,0.6691,0.6561,0.6965,25.7,16.3,18.9,4.8,0.5
40127,Oklahoma,OK,Pushmataha County,0.8896,0.978,0.8326,0.6764,0.5453,38.2,22.8,30.1,8.8,0.2
40129,Oklahoma,OK,Roger Mills County,0.2835,0.4664,0.7671,0.5065,0.0102,28.2,21.2,18.8,0.9,0.9
40131,Oklahoma,OK,Rogers County,0.3878,0.3255,0.4712,0.6634,0.3331,16.1,16.7,16.6,2.7,0.7
40133,Oklahoma,OK,Seminole County,0.9523,0.9542,0.9179,0.7502,0.8244,37.7,18.1,23.8,7.0,0.4
40135,Oklahoma,OK,Sequoyah County,0.8183,0.8912,0.8247,0.7693,0.4426,34.5,18.4,23.6,4.7,0.4
40137,Oklahoma,OK,Stephens County,0.6892,0.7114,0.8871,0.5476,0.349,27.0,20.4,21.6,6.7,0.8
40139,Oklahoma,OK,Texas County,0.9084,0.8562,0.8476,0.9112,0.8368,32.3,11.8,12.0,3.7,9.0
40141,Oklahoma,OK,Tillman County,0.9125,0.8597,0.9994,0.805,0.4639,29.8,20.2,24.8,7.9,3.4
40143,Oklahoma,OK,Tulsa County,0.7846,0.7547,0.7871,0.7859,0.6039,23.7,14.8,13.6,6.2,3.1
40145,Oklahoma,OK,Wagoner County,0.4489,0.3338,0.7875,0.6806,0.2463,15.9,16.8,18.3,2.6,1.2
40147,Oklahoma,OK,Washington County,0.5867,0.5342,0.9058,0.6487,0.2402,26.0,19.7,17.5,4.7,1.1
40149,Oklahoma,OK,Washita County,0.5947,0.602,0.8571,0.504,0.2902,22.9,18.5,20.5,3.5,0.4
40151,Oklahoma,OK,Woods County,0.5584,0.6048,0.1674,0.4839,0.7649,27.0,17.1,15.9,9.7,1.1
40153,Oklahoma,OK,Woodward County,0.7611,0.6647,0.8845,0.5644,0.6484,26.5,16.0,18.0,3.8,2.2
41001,Oregon,OR,Baker County,0.4811,0.5078,0.4508,0.3166,0.5234,24.2,27.2,22.6,4.8,0.2
41003,Oregon,OR,Benton County,0.5005,0.5399,0.0277,0.5488,0.8918,25.6,16.9,11.9,7.7,1.6
41005,Oregon,OR,Clackamas County,0.3023,0.2377,0.3172,0.5437,0.4273,12.7,18.9,12.6,4.9,1.6
41007,Oregon,OR,Clatsop County,0.5813,0.4903,0.5434,0.4913,0.7149,18.8,23.6,19.5,8.6,1.3
41009,Oregon,OR,Columbia County,0.2453,0.2943,0.1823,0.4117,0.3096,16.2,19.4,16.6,4.4,0.2
41011,Oregon,OR,Coos County,0.7661,0.6796,0.6942,0.4636,0.8616,26.3,26.8,22.9,6.5,1.1
41013,Oregon,OR,Crook County,0.356,0.3293,0.6551,0.3847,0.2529,15.2,24.7,18.3,3.7,0.5
41015,Oregon,OR,Curry County,0.6067,0.5387,0.6516,0.4518,0.6519,21.0,34.4,21.6,4.4,1.0
41017,Oregon,OR,Deschutes County,0.2634,0.3662,0.1562,0.4222,0.287,16.4,20.5,12.0,4.2,0.8
41019,Oregon,OR,Douglas County,0.6487,0.5969,0.7089,0.4165,0.6586,24.5,26.0,20.8,5.1,0.5
41021,Oregon,OR,Gilliam County,0.5282,0.6357,0.2867,0.4569,0.5301,23.2,31.2,16.6,7.2,0.4
41023,Oregon,OR,Grant County,0.5784,0.7343,0.5326,0.342,0.4222,24.2,31.0,22.9,3.5,0.8
41025,Oregon,OR,Harney County,0.8034,0.5737,0.7232,0.4273,0.9892,28.3,25.5,21.9,6.4,0.5
41027,Oregon,OR,Hood River County,0.7111,0.44,0.6045,0.7537,0.9306,14.9,17.1,12.1,5.4,8.1
41029,Oregon,OR,Jackson County,0.7025,0.5937,0.6067,0.552,0.8139,23.1,22.5,16.0,5.4,1.4
41031,Oregon,OR,Jefferson County,0.9278,0.7827,0.9774,0.8043,0.8727,23.0,19.5,20.1,4.9,1.6
41033,Oregon,OR,Josephine County,0.7817,0.8151,0.805,0.4378,0.6376,29.6,26.5,21.1,4.7,0.7
41035,Oregon,OR,Klamath County,0.8438,0.8276,0.9125,0.6045,0.6417,27.8,21.4,19.6,5.1,1.4
41037,Oregon,OR,Lake County,0.8517,0.7824,0.6729,0.4913,0.9688,29.0,25.4,18.9,7.7,2.6
41039,Oregon,OR,Lane County,0.7375,0.6522,0.4903,0.5294,0.9157,25.3,20.1,17.2,7.4,1.0
41041,Oregon,OR,Lincoln County,0.7165,0.7127,0.8517,0.5294,0.4814,24.0,30.5,22.4,4.8,1.8
41043,Oregon,OR,Linn County,0.6586,0.6347,0.6195,0.4779,0.6758,21.3,19.0,18.2,4.4,1.3
41045,Oregon,OR,Malheur County,0.9908,0.937,0.951,0.7878,0.9949,35.1,16.7,16.2,5.8,5.3
41047,Oregon,OR,Marion County,0.902,0.7773,0.8641,0.7502,0.95,22.9,16.2,15.5,6.2,5.3
41049,Oregon,OR,Morrow County,0.7735,0.609,0.937,0.8101,0.5612,30.6,16.1,16.7,1.5,10.5
41051,Oregon,OR,Multnomah County,0.5927,0.5037,0.105,0.6993,0.9345,19.7,14.1,13.2,12.5,3.9
41053,Oregon,OR,Polk County,0.6395,0.4626,0.7792,0.5978,0.6828,19.9,18.5,15.9,5.1,1.7
41055,Oregon,OR,Sherman County,0.3376,0.3204,0.4773,0.377,0.3503,24.9,23.2,23.8,7.4,0.6
41057,Oregon,OR,Tillamook County,0.6507,0.4795,0.8256,0.4839,0.6955,20.9,26.8,21.4,4.9,1.8
41059,Oregon,OR,Umatilla County,0.9259,0.6697,0.9625,0.7448,0.9854,22.2,16.0,17.5,5.5,4.0
41061,Oregon,OR,Union County,0.7187,0.581,0.5285,0.3675,0.9542,25.5,20.9,17.1,7.4,0.4
41063,Oregon,OR,Wallowa County,0.4461,0.2354,0.6822,0.2879,0.6888,16.5,28.9,16.7,5.0,0.7
41065,Oregon,OR,Wasco County,0.8937,0.7623,0.769,0.6402,0.9873,24.3,20.7,18.5,6.6,3.3
41067,Oregon,OR,Washington County,0.3703,0.2724,0.1779,0.7502,0.5676,13.5,14.0,10.6,5.6,3.6
41069,Oregon,OR,Wheeler County,0.2479,0.4267,0.2771,0.3977,0.1171,25.1,35.3,24.3,3.2,0.1
41071,Oregon,OR,Yamhill County,0.7232,0.4534,0.6863,0.6102,0.9424,18.5,18.0,16.4,5.5,3.1
42001,Pennsylvania,PA,Adams County,0.21,0.2135,0.3108,0.3535,0.252,13.7,20.9,14.5,4.7,1.2
42003,Pennsylvania,PA,Allegheny County,0.314,0.2011,0.2221,0.5759,0.6004,17.5,19.5,13.7,12.7,0.9
42005,Pennsylvania,PA,Armstrong County,0.132,0.1791,0.167,0.0191,0.2914,19.0,22.9,16.8,7.2,0.3
42007,Pennsylvania,PA,Beaver County,0.2386,0.203,0.3191,0.3563,0.3653,17.1,22.0,15.8,8.5,0.4
42009,Pennsylvania,PA,Bedford County,0.1868,0.3468,0.1518,0.0169,0.244,21.2,23.0,16.1,5.8,0.2
42011,Pennsylvania,PA,Berks County,0.6659,0.5383,0.7012,0.6806,0.6669,18.8,17.5,14.2,8.7,4.3
42013,Pennsylvania,PA,Blair County,0.3108,0.2622,0.3299,0.1339,0.609,21.6,20.9,15.5,8.5,0.3
42015,Pennsylvania,PA,Bradford County,0.3754,0.4025,0.3357,0.0579,0.587,22.5,21.7,14.2,7.5,0.4
42017,Pennsylvania,PA,Bucks County,0.1317,0.0967,0.2129,0.5005,0.2103,9.5,19.5,10.7,4.7,2.0
42019,Pennsylvania,PA,Butler County,0.0786,0.0722,0.036,0.1225,0.4728,13.7,19.7,13.1,5.8,0.4
42021,Pennsylvania,PA,Cambria County,0.3605,0.2288,0.4225,0.2323,0.6793,22.4,23.1,18.3,11.1,0.1
42023,Pennsylvania,PA,Cameron County,0.4734,0.5014,0.6688,0.1094,0.4483,30.1,28.0,22.6,10.2,0.0
42025,Pennsylvania,PA,Carbon County,0.2895,0.5301,0.209,0.2984,0.175,19.6,21.6,16.9,5.6,0.3
42027,Pennsylvania,PA,Centre County,0.3344,0.3576,0.0025,0.4496,0.9803,23.8,15.1,10.2,10.2,0.5
42029,Pennsylvania,PA,Chester County,0.1244,0.0655,0.1238,0.5679,0.3102,9.8,17.0,9.2,4.1,1.7
42031,Pennsylvania,PA,Clarion County,0.315,0.4263,0.0958,0.0579,0.6475,23.9,20.0,15.3,6.6,0.2
42033,Pennsylvania,PA,Clearfield County,0.5017,0.4356,0.4983,0.1928,0.7292,23.2,21.1,19.3,7.5,0.5
42035,Pennsylvania,PA,Clinton County,0.5409,0.6602,0.2717,0.0821,0.7407,23.2,19.3,16.0,9.5,0.4
42037,Pennsylvania,PA,Columbia County,0.2813,0.3831,0.0312,0.2265,0.6732,24.1,19.9,14.3,7.3,0.2
42039,Pennsylvania,PA,Crawford County,0.5842,0.5402,0.6335,0.1152,0.7556,24.8,21.6,17.7,9.7,0.6
42041,Pennsylvania,PA,Cumberland County,0.2068,0.1231,0.1476,0.4725,0.5282,12.8,18.7,12.8,5.5,0.9
42043,Pennsylvania,PA,Dauphin County,0.5476,0.3478,0.6297,0.7474,0.6316,19.3,17.5,12.9,9.0,2.7
42045,Pennsylvania,PA,Delaware County,0.5654,0.3853,0.4515,0.7299,0.7579,15.8,16.7,11.8,10.1,1.8
42047,Pennsylvania,PA,Elk County,0.0824,0.1569,0.1661,0.0299,0.1419,17.7,22.8,16.4,6.4,0.2
42049,Pennsylvania,PA,Erie County,0.6242,0.4607,0.6764,0.4814,0.7792,24.6,18.7,15.5,10.2,1.2
42051,Pennsylvania,PA,Fayette County,0.5224,0.5224,0.3968,0.2879,0.6802,25.1,21.8,20.3,8.1,0.2
42053,Pennsylvania,PA,Forest County,0.5072,0.4827,0.2065,0.6828,0.6551,29.0,22.9,24.1,6.1,0.3
42055,Pennsylvania,PA,Franklin County,0.3194,0.3217,0.5632,0.4018,0.2389,17.2,19.8,15.9,5.2,0.9
42057,Pennsylvania,PA,Fulton County,0.1184,0.175,0.2679,0.0881,0.1524,18.2,21.8,18.0,5.6,0.1
42059,Pennsylvania,PA,Greene County,0.342,0.2832,0.2507,0.2234,0.6831,20.1,19.7,19.1,5.7,0.2
42061,Pennsylvania,PA,Huntingdon County,0.3481,0.3131,0.1518,0.3016,0.7054,20.3,21.2,16.9,6.6,0.2
42063,Pennsylvania,PA,Indiana County,0.4528,0.5154,0.0875,0.1861,0.8228,23.2,19.7,16.4,7.9,0.5
42065,Pennsylvania,PA,Jefferson County,0.3745,0.4305,0.349,0.014,0.5663,23.7,21.3,15.3,7.9,0.5
42067,Pennsylvania,PA,Juniata County,0.4846,0.4337,0.3376,0.1654,0.8015,19.4,20.6,13.3,7.9,1.6
42069,Pennsylvania,PA,Lackawanna County,0.5558,0.3875,0.7588,0.4973,0.6144,21.3,20.0,16.0,9.4,1.8
42071,Pennsylvania,PA,Lancaster County,0.5399,0.4575,0.3513,0.525,0.7493,14.4,18.8,11.4,9.1,2.2
42073,Pennsylvania,PA,Lawrence County,0.5151,0.4916,0.6631,0.2692,0.517,22.5,22.5,17.7,7.7,0.4
42075,Pennsylvania,PA,Lebanon County,0.6176,0.517,0.665,0.5317,0.6592,18.2,19.8,13.5,6.8,2.1
42077,Pennsylvania,PA,Lehigh County,0.734,0.5759,0.7149,0.7735,0.7534,19.9,16.9,12.9,7.9,5.6
42079,Pennsylvania,PA,Luzerne County,0.6942,0.5727,0.8253,0.5727,0.643,24.1,19.8,15.7,10.7,3.4
42081,Pennsylvania,PA,Lycoming County,0.5091,0.4432,0.3933,0.328,0.7439,20.9,20.0,16.3,9.4,0.5
42083,Pennsylvania,PA,McKean County,0.3188,0.279,0.3592,0.1696,0.5628,25.3,20.0,19.4,7.4,0.6
42085,Pennsylvania,PA,Mercer County,0.5278,0.378,0.5845,0.3248,0.7582,21.8,22.4,18.1,9.9,0.5
42087,Pennsylvania,PA,Mifflin County,0.5934,0.7521,0.4063,0.0757,0.6631,27.3,21.6,14.2,9.9,0.6
42089,Pennsylvania,PA,Monroe County,0.4136,0.5565,0.2816,0.7598,0.1849,18.3,18.3,14.0,5.1,1.7
42091,Pennsylvania,PA,Montgomery County,0.2119,0.1012,0.2224,0.6233,0.454,10.4,18.2,10.3,5.2,2.0
42093,Pennsylvania,PA,Montour County,0.3818,0.1425,0.4747,0.2879,0.8352,16.7,21.0,13.8,10.3,0.8
42095,Pennsylvania,PA,Northampton County,0.4038,0.2666,0.3411,0.6211,0.5959,15.7,19.5,12.4,7.0,2.3
42097,Pennsylvania,PA,Northumberland County,0.4206,0.336,0.4426,0.2628,0.6452,21.8,21.6,16.7,9.8,0.5
42099,Pennsylvania,PA,Perry County,0.1737,0.2838,0.1502,0.0881,0.2644,15.5,19.4,14.0,5.6,0.5
42101,Pennsylvania,PA,Philadelphia County,0.9465,0.909,0.8361,0.9465,0.915,33.1,14.0,16.9,28.2,6.2
42103,Pennsylvania,PA,Pike County,0.2405,0.4429,0.3509,0.5558,0.0439,16.3,23.0,16.8,5.4,1.1
42105,Pennsylvania,PA,Potter County,0.405,0.3974,0.5374,0.0407,0.5409,23.3,24.9,18.3,6.9,0.5
42107,Pennsylvania,PA,Schuylkill County,0.4928,0.4228,0.6411,0.335,0.539,21.8,20.7,17.5,8.2,0.8
42109,Pennsylvania,PA,Snyder County,0.2819,0.3563,0.1177,0.0627,0.6071,17.4,19.8,14.9,6.5,0.6
42111,Pennsylvania,PA,Somerset County,0.3618,0.349,0.2571,0.1094,0.6726,20.2,23.1,16.9,6.8,0.3
42113,Pennsylvania,PA,Sullivan County,0.2444,0.2806,0.2666,0.1339,0.3977,18.6,29.3,15.8,5.3,0.9
42115,Pennsylvania,PA,Susquehanna County,0.1814,0.4003,0.1989,0.0407,0.1371,20.3,24.2,16.1,5.2,0.3
42117,Pennsylvania,PA,Tioga County,0.2975,0.3767,0.2367,0.0264,0.5196,21.9,22.6,18.3,6.2,0.1
42119,Pennsylvania,PA,Union County,0.4531,0.4693,0.0697,0.4165,0.8167,17.6,19.0,13.5,9.2,1.0
42121,Pennsylvania,PA,Venango County,0.3656,0.3751,0.5126,0.0627,0.4718,22.8,23.7,18.8,7.3,0.3
42123,Pennsylvania,PA,Warren County,0.153,0.1314,0.3563,0.0627,0.3217,21.1,23.8,15.9,6.7,0.5
42125,Pennsylvania,PA,Washington County,0.1648,0.1123,0.1263,0.265,0.5227,15.5,21.2,14.6,7.4,0.4
42127,Pennsylvania,PA,Wayne County,0.3952,0.4839,0.1992,0.3166,0.5119,19.7,24.6,17.0,6.4,0.4
42129,Pennsylvania,PA,Westmoreland County,0.1091,0.0996,0.1088,0.1861,0.3748,16.0,23.4,15.2,7.0,0.2
42131,Pennsylvania,PA,Wyoming County,0.0872,0.1304,0.1082,0.0821,0.2345,17.8,21.9,14.3,5.4,0.3
42133,Pennsylvania,PA,York County,0.3379,0.2638,0.5024,0.5094,0.3605,14.9,18.2,13.7,5.6,1.5
44001,Rhode Island,RI,Bristol County,0.1327,0.1152,0.085,0.2914,0.426,10.7,20.0,10.4,6.1,1.2
44003,Rhode Island,RI,Kent County,0.2116,0.2402,0.1791,0.4165,0.2918,13.7,19.5,14.8,6.0,0.8
44005,Rhode Island,RI,Newport County,0.2787,0.2183,0.1928,0.4496,0.5396,12.5,23.9,11.7,7.4,1.2
44007,Rhode Island,RI,Providence County,0.8097,0.679,0.594,0.7983,0.9208,21.2,15.7,14.2,11.3,6.3
44009,Rhode Island,RI,Washington County,0.1324,0.1642,0.1171,0.2879,0.2584,12.8,21.9,10.6,4.4,0.9
45001,South Carolina,SC,Abbeville County,0.5988,0.6157,0.1973,0.6872,0.734,28.7,22.1,12.4,6.5,0.4
45003,South Carolina,SC,Aiken County,0.6322,0.5947,0.6357,0.7226,0.5151,22.8,20.1,15.7,5.8,0.7
45005,South Carolina,SC,Allendale County,0.9955,0.9882,0.8097,0.9793,0.994,38.5,20.4,26.2,13.4,0.3
45007,South Carolina,SC,Anderson County,0.6303,0.6166,0.4916,0.5854,0.6542,23.2,18.1,15.2,5.9,0.9
45009,South Carolina,SC,Bamberg County,0.958,0.9866,0.8046,0.937,0.7455,32.0,22.6,19.7,15.4,0.4
45011,South Carolina,SC,Barnwell County,0.9612,0.9243,0.8664,0.8721,0.9443,35.2,18.7,20.0,11.6,0.2
45013,South Carolina,SC,Beaufort County,0.469,0.2695,0.5549,0.6923,0.5908,17.6,27.7,13.1,3.5,2.1
45015,South Carolina,SC,Berkeley County,0.5447,0.4082,0.5794,0.7591,0.5523,19.2,14.4,13.4,3.4,1.2
45017,South Carolina,SC,Calhoun County,0.7273,0.7633,0.5212,0.8365,0.5574,25.5,23.6,17.3,5.3,0.2
45019,South Carolina,SC,Charleston County,0.4343,0.4222,0.1101,0.7213,0.6172,19.4,17.3,10.7,6.1,1.6
45021,South Carolina,SC,Cherokee County,0.7798,0.7967,0.6096,0.6548,0.7241,30.2,16.9,15.6,6.1,1.0
45023,South Carolina,SC,Chester County,0.7047,0.8062,0.3837,0.8008,0.5253,30.1,18.6,16.3,6.8,0.2
45025,South Carolina,SC,Chesterfield County,0.9462,0.9001,0.9338,0.7894,0.8874,32.8,18.9,19.1,9.3,1.7
45027,South Carolina,SC,Clarendon County,0.9691,0.9472,0.6519,0.8785,0.993,31.3,24.1,20.2,11.7,0.6
45029,South Carolina,SC,Colleton County,0.966,0.9564,0.8597,0.8129,0.9389,31.4,19.9,16.8,9.4,1.3
45031,South Carolina,SC,Darlington County,0.8921,0.8746,0.7496,0.8466,0.8527,32.0,19.2,16.8,9.9,0.4
45033,South Carolina,SC,Dillon County,0.9745,0.9831,0.9157,0.8915,0.8435,44.9,16.9,16.8,10.6,0.8
45035,South Carolina,SC,Dorchester County,0.6306,0.6071,0.6589,0.756,0.4543,18.6,14.7,13.5,3.1,1.3
45037,South Carolina,SC,Edgefield County,0.8476,0.7451,0.7066,0.8116,0.9065,29.3,19.0,15.6,7.5,3.0
45039,South Carolina,SC,Fairfield County,0.8893,0.8676,0.7311,0.9243,0.8276,33.4,22.4,18.0,6.6,0.4
45041,South Carolina,SC,Florence County,0.8256,0.7305,0.5288,0.8686,0.923,26.7,17.5,12.7,7.4,0.7
45043,South Carolina,SC,Georgetown County,0.5301,0.5927,0.349,0.7178,0.42,23.3,29.2,16.6,5.1,0.2
45045,South Carolina,SC,Greenville County,0.6246,0.4766,0.5533,0.7028,0.7362,18.8,16.3,12.3,5.1,2.3
45047,South Carolina,SC,Greenwood County,0.8466,0.7929,0.7471,0.7951,0.8174,30.9,19.0,12.5,8.3,1.3
45049,South Carolina,SC,Hampton County,0.9621,0.959,0.923,0.9214,0.7922,35.1,18.3,21.0,10.3,2.0
45051,South Carolina,SC,Horry County,0.7022,0.7378,0.7254,0.5778,0.4938,23.7,25.2,17.5,4.3,1.3
45053,South Carolina,SC,Jasper County,0.8829,0.8505,0.6475,0.8912,0.8988,27.9,21.3,14.0,3.6,3.5
45055,South Carolina,SC,Kershaw County,0.4782,0.5606,0.6535,0.6971,0.1495,22.4,18.6,16.4,3.5,0.7
45057,South Carolina,SC,Lancaster County,0.4575,0.3586,0.6634,0.6764,0.3433,20.1,21.3,14.1,4.1,1.4
45059,South Carolina,SC,Laurens County,0.8947,0.8874,0.8454,0.7038,0.8161,28.5,18.7,17.2,6.3,1.5
45061,South Carolina,SC,Lee County,0.9704,0.9796,0.3563,0.9488,0.9975,40.8,19.6,19.0,12.4,0.0
45063,South Carolina,SC,Lexington County,0.4855,0.3796,0.5568,0.6347,0.4893,20.3,16.5,13.9,4.7,1.1
45065,South Carolina,SC,McCormick County,0.6087,0.5536,0.4158,0.8549,0.6023,24.3,36.3,18.4,5.1,0.0
45067,South Carolina,SC,Marion County,0.8753,0.9077,0.6701,0.9294,0.7346,42.8,20.3,16.4,12.3,0.0
45069,South Carolina,SC,Marlboro County,0.9405,0.9717,0.4184,0.9259,0.9605,40.1,18.1,19.5,13.3,0.3
45071,South Carolina,SC,Newberry County,0.8027,0.6013,0.9125,0.7821,0.7471,26.0,20.0,16.4,6.0,2.0
45073,South Carolina,SC,Oconee County,0.6968,0.7528,0.8492,0.4588,0.4063,26.0,23.7,19.3,5.5,1.0
45075,South Carolina,SC,Orangeburg County,0.9516,0.9535,0.6958,0.9478,0.9236,36.3,20.3,13.9,8.5,0.7
45077,South Carolina,SC,Pickens County,0.5717,0.6653,0.0369,0.4356,0.9316,26.5,17.0,15.0,6.8,0.5
45079,South Carolina,SC,Richland County,0.7922,0.7486,0.3888,0.9154,0.8622,25.2,13.4,13.9,6.7,0.9
45081,South Carolina,SC,Saluda County,0.8228,0.7187,0.8985,0.7989,0.6736,30.0,20.0,16.1,5.1,4.3
45083,South Carolina,SC,Spartanburg County,0.7486,0.6456,0.7929,0.706,0.6704,23.4,16.3,15.1,4.5,2.4
45085,South Carolina,SC,Sumter County,0.8762,0.8632,0.6274,0.896,0.8638,28.5,17.0,15.2,8.0,0.4
45087,South Carolina,SC,Union County,0.9173,0.9166,0.811,0.7321,0.8813,36.0,20.5,22.1,9.0,0.2
45089,South Carolina,SC,Williamsburg County,0.9634,0.901,0.8282,0.9548,0.9749,32.8,21.4,20.2,14.2,1.5
45091,South Carolina,SC,York County,0.3436,0.2749,0.3217,0.6872,0.3958,15.6,14.7,10.1,3.7,0.8
46003,South Dakota,SD,Aurora County,0.104,0.0649,0.5921,0.3322,0.0754,11.6,19.3,12.7,1.8,1.6
46005,South Dakota,SD,Beadle County,0.7289,0.3977,0.8021,0.6332,0.931,26.0,18.8,12.5,7.0,3.3
46007,South Dakota,SD,Bennett County,0.811,0.9427,0.3754,0.937,0.531,45.8,12.7,11.1,9.0,0.2
46009,South Dakota,SD,Bon Homme County,0.1899,0.3124,0.0535,0.3977,0.3023,25.7,21.2,13.4,4.1,0.4
46011,South Dakota,SD,Brookings County,0.154,0.1871,0.006,0.335,0.7401,22.3,12.9,9.0,5.8,0.7
46013,South Dakota,SD,Brown County,0.2669,0.1549,0.2628,0.42,0.5905,16.3,17.7,11.9,6.3,1.3
46015,South Dakota,SD,Brule County,0.3872,0.3866,0.2294,0.5081,0.5094,24.8,19.1,14.7,5.0,0.1
46017,South Dakota,SD,Buffalo County,0.9892,0.9975,0.7728,0.9831,0.9399,46.6,7.5,14.0,14.2,0.9
46019,South Dakota,SD,Butte County,0.5431,0.7337,0.1444,0.3503,0.6268,21.5,19.6,15.2,3.8,0.0
46021,South Dakota,SD,Campbell County,0.0878,0.1269,0.2972,0.0627,0.1247,13.5,27.3,12.3,4.5,0.6
46023,South Dakota,SD,Charles Mix County,0.6777,0.8091,0.175,0.756,0.6468,33.2,18.2,12.0,5.3,0.1
46025,South Dakota,SD,Clark County,0.3659,0.4372,0.6707,0.1985,0.2151,19.4,23.4,11.2,3.2,1.2
46027,South Dakota,SD,Clay County,0.6367,0.6907,0.0194,0.3977,0.9962,30.0,11.9,12.7,8.2,0.4
46029,South Dakota,SD,Codington County,0.2415,0.1861,0.0945,0.2628,0.6993,20.0,18.4,11.3,5.5,0.4
46031,South Dakota,SD,Corson County,0.7324,0.8845,0.2832,0.9656,0.4709,52.5,11.6,12.1,10.6,0.0
46033,South Dakota,SD,Custer County,0.2937,0.315,0.1212,0.3248,0.5679,18.2,31.5,19.4,0.7,0.0
46035,South Dakota,SD,Davison County,0.3742,0.3143,0.2409,0.2959,0.6977,22.9,20.0,14.6,7.7,0.2
46037,South Dakota,SD,Day County,0.1282,0.2249,0.111,0.4222,0.1317,25.4,26.1,13.5,4.0,0.0
46039,South Dakota,SD,Deuel County,0.0213,0.0579,0.2151,0.1276,0.0191,15.4,21.9,13.7,2.1,0.0
46041,South Dakota,SD,Dewey County,0.8263,0.8915,0.2517,0.9825,0.8199,44.6,9.6,9.1,6.2,0.1
46043,South Dakota,SD,Douglas County,0.3166,0.2873,0.4248,0.1225,0.5161,21.9,23.6,11.4,3.0,0.6
46045,South Dakota,SD,Edmunds County,0.0258,0.0525,0.2167,0.0544,0.0385,17.6,21.4,12.6,0.9,0.6
46047,South Dakota,SD,Fall River County,0.6277,0.6433,0.5192,0.4518,0.6545,28.6,31.4,20.1,5.7,0.9
46049,South Dakota,SD,Faulk County,0.3627,0.1801,0.5396,0.0264,0.7926,29.9,26.5,13.7,7.1,0.5
46051,South Dakota,SD,Grant County,0.231,0.146,0.3226,0.1985,0.5393,14.4,23.0,15.0,5.3,0.6
46053,South Dakota,SD,Gregory County,0.1817,0.1906,0.1957,0.3824,0.2682,22.5,25.2,12.8,4.4,0.0
46055,South Dakota,SD,Haakon County,0.2389,0.1104,0.2695,0.2733,0.6618,22.0,26.7,15.6,8.9,0.0
46057,South Dakota,SD,Hamlin County,0.1336,0.1114,0.4174,0.2109,0.1845,14.2,14.3,6.6,1.7,1.9
46059,South Dakota,SD,Hand County,0.048,0.013,0.1591,0.1753,0.2526,15.0,25.3,14.9,4.3,0.0
46061,South Dakota,SD,Hanson County,0.0003,0.0051,0.0178,0.1339,0.0003,13.5,15.7,6.5,1.4,0.0
46063,South Dakota,SD,Harding County,0.0264,0.0035,0.0054,0.4314,0.4865,11.5,19.0,8.2,1.5,0.0
46065,South Dakota,SD,Hughes County,0.3013,0.0535,0.0923,0.5161,0.9793,15.0,17.1,12.5,7.5,0.1
46067,South Dakota,SD,Hutchinson County,0.1209,0.0512,0.4489,0.2294,0.2409,19.1,21.9,13.0,4.7,0.5
46069,South Dakota,SD,Hyde County,0.0153,0.0391,0.0267,0.2959,0.0611,11.4,24.1,10.6,0.0,0.0
46071,South Dakota,SD,Jackson County,0.9771,0.9822,0.3923,0.9494,0.999,50.9,14.6,9.4,14.8,0.2
46073,South Dakota,SD,Jerauld County,0.1976,0.0474,0.2078,0.3535,0.7175,15.0,30.9,16.0,5.1,0.0
46075,South Dakota,SD,Jones County,0.2036,0.1317,0.4117,0.5542,0.2335,20.1,21.6,4.5,2.6,0.0
46077,South Dakota,SD,Kingsbury County,0.1114,0.0751,0.1518,0.119,0.4241,14.6,22.6,11.2,4.8,0.1
46079,South Dakota,SD,Lake County,0.09,0.056,0.1336,0.1985,0.3474,15.6,23.4,12.9,2.5,0.6
46081,South Dakota,SD,Lawrence County,0.3449,0.3172,0.1693,0.3086,0.6653,19.6,23.4,17.1,4.5,0.5
46083,South Dakota,SD,Lincoln County,0.0309,0.008,0.3414,0.2536,0.0506,10.6,13.7,7.9,1.5,0.8
46085,South Dakota,SD,Lyman County,0.867,0.6437,0.9052,0.8482,0.9065,38.6,17.1,16.3,10.1,1.4
46087,South Dakota,SD,McCook County,0.0366,0.0834,0.1378,0.1696,0.0445,13.3,18.0,11.5,2.2,0.2
46089,South Dakota,SD,McPherson County,0.1788,0.2488,0.3643,0.0455,0.1998,21.1,31.1,13.1,4.2,1.7
46091,South Dakota,SD,Marshall County,0.1193,0.0395,0.4162,0.4948,0.1871,12.1,22.7,10.7,1.9,1.6
46093,South Dakota,SD,Meade County,0.1744,0.2698,0.0315,0.4057,0.3684,15.7,15.9,14.0,2.5,0.2
46095,South Dakota,SD,Mellette County,0.8552,0.9265,0.2962,0.952,0.8419,56.8,15.7,10.2,6.6,0.0
46097,South Dakota,SD,Miner County,0.2154,0.1925,0.5558,0.1094,0.2631,17.3,24.2,18.0,4.0,0.0
46099,South Dakota,SD,Minnehaha County,0.3748,0.1753,0.4594,0.525,0.6583,15.6,13.5,10.4,5.1,1.4
46101,South Dakota,SD,Moody County,0.2431,0.0671,0.5221,0.6029,0.4362,15.2,19.5,12.9,3.8,1.2
46102,South Dakota,SD,Oglala Lakota County,0.9545,0.9987,0.2494,0.9981,0.9332,65.8,7.5,10.7,22.1,0.0
46103,South Dakota,SD,Pennington County,0.5539,0.3917,0.4349,0.5488,0.8053,19.3,19.1,14.9,5.6,0.4
46105,South Dakota,SD,Perkins County,0.3417,0.2211,0.4938,0.0379,0.7003,19.6,25.8,12.8,3.4,0.0
46107,South Dakota,SD,Potter County,0.0296,0.0356,0.0633,0.2164,0.1184,14.7,26.7,10.8,1.5,0.0
46109,South Dakota,SD,Roberts County,0.6694,0.6481,0.5345,0.8291,0.5695,34.0,19.9,9.9,4.2,0.0
46111,South Dakota,SD,Sanborn County,0.167,0.1457,0.2768,0.1339,0.3662,18.3,20.5,12.3,7.7,0.0
46115,South Dakota,SD,Spink County,0.1381,0.1155,0.336,0.1861,0.2587,18.7,22.9,11.2,4.2,0.5
46117,South Dakota,SD,Stanley County,0.0452,0.0108,0.0579,0.3217,0.3213,7.0,22.0,13.7,2.9,0.0
46119,South Dakota,SD,Sully County,0.027,0.0312,0.2234,0.2062,0.042,12.8,25.0,9.9,0.8,6.6
46121,South Dakota,SD,Todd County,0.9475,0.9605,0.3026,0.9971,0.9914,66.6,7.3,7.8,16.9,0.2
46123,South Dakota,SD,Tripp County,0.6236,0.6997,0.4753,0.5352,0.5472,31.7,23.0,8.6,5.6,1.1
46125,South Dakota,SD,Turner County,0.0725,0.0853,0.4693,0.0579,0.078,17.4,21.6,10.3,2.4,0.5
46127,South Dakota,SD,Union County,0.0627,0.0455,0.3726,0.314,0.076,12.8,18.4,11.3,2.5,0.4
46129,South Dakota,SD,Walworth County,0.5024,0.4088,0.378,0.5444,0.672,21.3,23.0,13.0,2.9,0.1
46135,South Dakota,SD,Yankton County,0.2014,0.062,0.1903,0.3563,0.7019,14.7,19.9,13.8,5.0,1.0
46137,South Dakota,SD,Ziebach County,0.8842,0.9351,0.1527,0.9745,0.971,50.6,10.2,9.3,11.4,0.0
47001,Tennessee,TN,Anderson County,0.6363,0.6083,0.7397,0.3649,0.5972,24.5,20.2,20.6,5.4,0.8
47003,Tennessee,TN,Bedford County,0.7261,0.7429,0.8692,0.6045,0.4003,21.8,14.6,15.4,3.9,2.0
47005,Tennessee,TN,Benton County,0.4508,0.7156,0.5081,0.2323,0.1696,29.6,23.6,25.0,4.2,0.0
47007,Tennessee,TN,Bledsoe County,0.6997,0.8823,0.1849,0.3723,0.755,35.1,19.3,26.6,5.2,0.5
47009,Tennessee,TN,Blount County,0.2313,0.293,0.168,0.2914,0.342,16.8,20.6,13.4,3.0,0.7
47011,Tennessee,TN,Bradley County,0.6726,0.6898,0.7108,0.4556,0.5647,23.4,17.1,18.2,4.7,1.4
47013,Tennessee,TN,Campbell County,0.7143,0.896,0.4629,0.021,0.7213,32.6,20.6,28.3,6.2,0.2
47015,Tennessee,TN,Cannon County,0.2739,0.4795,0.3417,0.1572,0.1664,24.7,17.4,19.6,4.9,0.4
47017,Tennessee,TN,Carroll County,0.5457,0.58,0.5584,0.4537,0.475,29.1,20.1,20.1,6.6,0.2
47019,Tennessee,TN,Carter County,0.6666,0.8301,0.5838,0.1572,0.553,30.6,22.1,22.2,5.9,0.4
47021,Tennessee,TN,Cheatham County,0.1995,0.272,0.2749,0.2816,0.1947,16.8,15.5,14.6,1.8,1.0
47023,Tennessee,TN,Chester County,0.4553,0.6968,0.1387,0.4378,0.3665,28.6,17.3,11.8,4.0,0.3
47025,Tennessee,TN,Claiborne County,0.5619,0.8269,0.2415,0.0627,0.5641,30.3,19.7,25.9,5.1,0.2
47027,Tennessee,TN,Clay County,0.6605,0.6599,0.9472,0.1037,0.4617,36.7,24.2,23.6,6.5,2.3
47029,Tennessee,TN,Cocke County,0.7369,0.9287,0.8807,0.182,0.2759,34.1,21.7,23.4,4.3,0.5
47031,Tennessee,TN,Coffee County,0.6411,0.6354,0.9243,0.3847,0.3382,26.6,17.4,18.7,4.3,1.1
47033,Tennessee,TN,Crockett County,0.7203,0.6045,0.9733,0.6424,0.349,24.3,19.0,16.4,5.2,2.4
47035,Tennessee,TN,Cumberland County,0.3506,0.595,0.2918,0.1094,0.245,28.4,31.5,21.1,5.6,0.2
47037,Tennessee,TN,Davidson County,0.7171,0.7054,0.2794,0.825,0.8027,22.4,12.8,11.4,6.7,4.8
47039,Tennessee,TN,Decatur County,0.4496,0.762,0.1289,0.2485,0.3548,31.8,23.5,16.0,3.8,0.2
47041,Tennessee,TN,DeKalb County,0.8018,0.8988,0.6204,0.3802,0.7388,33.8,18.7,21.4,8.7,0.9
47043,Tennessee,TN,Dickson County,0.2316,0.3143,0.3233,0.3484,0.1801,17.8,16.3,17.2,1.9,0.4
47045,Tennessee,TN,Dyer County,0.6335,0.7063,0.8832,0.552,0.2129,27.7,17.6,18.4,6.4,0.6
47047,Tennessee,TN,Fayette County,0.3668,0.3388,0.5294,0.7066,0.2097,17.4,22.0,17.2,5.0,0.9
47049,Tennessee,TN,Fentress County,0.4413,0.7203,0.5107,0.0407,0.1998,33.0,22.7,24.0,5.5,0.1
47051,Tennessee,TN,Franklin County,0.4219,0.4407,0.5409,0.363,0.3672,24.5,20.3,20.0,5.5,0.5
47053,Tennessee,TN,Gibson County,0.7833,0.7286,0.8848,0.5927,0.6233,26.9,17.5,21.1,9.2,0.7
47055,Tennessee,TN,Giles County,0.4524,0.4897,0.4235,0.4779,0.4022,24.4,20.7,15.5,4.0,0.4
47057,Tennessee,TN,Grainger County,0.6128,0.8295,0.5727,0.1508,0.4136,29.4,20.7,23.3,6.6,1.2
47059,Tennessee,TN,Greene County,0.615,0.6468,0.6882,0.2109,0.6064,28.0,21.8,22.2,4.9,0.5
47061,Tennessee,TN,Grundy County,0.5192,0.8247,0.427,0.0579,0.2743,29.0,20.5,24.7,5.9,0.2
47063,Tennessee,TN,Hamblen County,0.8591,0.8851,0.9698,0.5237,0.5116,30.1,18.2,19.4,4.9,2.8
47065,Tennessee,TN,Hamilton County,0.5635,0.4769,0.553,0.6634,0.5822,19.5,18.1,14.7,5.9,1.9
47067,Tennessee,TN,Hancock County,0.8419,0.9621,0.6424,0.015,0.8492,47.4,22.4,26.7,13.5,0.2
47069,Tennessee,TN,Hardeman County,0.8871,0.9695,0.6303,0.8447,0.6837,30.8,18.5,23.2,7.0,0.3
47071,Tennessee,TN,Hardin County,0.503,0.6799,0.5562,0.2536,0.2892,31.4,23.0,19.2,4.5,0.3
47073,Tennessee,TN,Hawkins County,0.5555,0.7458,0.5978,0.0932,0.4178,27.9,21.5,23.0,5.0,0.2
47075,Tennessee,TN,Haywood County,0.8883,0.9815,0.8536,0.9001,0.3764,34.9,19.7,25.0,9.7,0.2
47077,Tennessee,TN,Henderson County,0.6274,0.6958,0.7022,0.3917,0.4633,27.1,18.5,18.0,4.6,0.7
47079,Tennessee,TN,Henry County,0.6118,0.6284,0.7009,0.3939,0.5205,30.0,23.4,22.9,6.2,0.1
47081,Tennessee,TN,Hickman County,0.4181,0.5253,0.1845,0.3016,0.5278,23.2,17.4,19.9,3.2,0.1
47083,Tennessee,TN,Houston County,0.3847,0.5676,0.3974,0.2485,0.2313,21.6,20.1,19.3,4.2,0.0
47085,Tennessee,TN,Humphreys County,0.3735,0.7569,0.1619,0.2733,0.1457,24.7,20.2,17.2,3.3,0.0
47087,Tennessee,TN,Jackson County,0.7035,0.7614,0.699,0.1339,0.7105,30.5,22.5,25.9,6.8,0.6
47089,Tennessee,TN,Jefferson County,0.4954,0.5008,0.734,0.2485,0.391,19.9,20.2,20.4,2.6,1.3
47091,Tennessee,TN,Johnson County,0.6882,0.6904,0.4165,0.2733,0.8925,33.3,23.1,21.9,5.1,0.5
47093,Tennessee,TN,Knox County,0.3738,0.3793,0.1871,0.5094,0.5215,21.0,16.1,12.3,5.6,1.3
47095,Tennessee,TN,Lake County,0.9345,0.9539,0.3818,0.7146,0.9933,41.9,15.4,27.9,16.7,0.7
47097,Tennessee,TN,Lauderdale County,0.9246,0.9294,0.8505,0.7951,0.826,32.1,16.0,22.7,8.3,0.6
47099,Tennessee,TN,Lawrence County,0.7391,0.8616,0.875,0.1985,0.4454,30.1,17.6,17.5,7.1,1.3
47101,Tennessee,TN,Lewis County,0.5288,0.8393,0.2612,0.2062,0.335,29.7,20.4,21.5,2.8,0.0
47103,Tennessee,TN,Lincoln County,0.3726,0.4321,0.5167,0.42,0.2354,20.6,19.3,16.5,4.6,0.2
47105,Tennessee,TN,Loudon County,0.1715,0.2447,0.3646,0.3961,0.0894,19.2,26.9,14.0,3.1,1.8
47107,Tennessee,TN,McMinn County,0.5705,0.6115,0.6112,0.377,0.5062,23.6,19.8,19.2,3.5,0.8
47109,Tennessee,TN,McNairy County,0.3404,0.7073,0.2008,0.3166,0.1129,30.6,20.7,16.5,4.8,0.2
47111,Tennessee,TN,Macon County,0.5686,0.7404,0.6752,0.2781,0.3035,27.3,15.6,17.3,3.3,1.4
47113,Tennessee,TN,Madison County,0.8969,0.8708,0.8568,0.8365,0.783,28.0,17.3,16.6,7.7,1.5
47115,Tennessee,TN,Marion County,0.4951,0.7044,0.5087,0.2536,0.2692,27.5,20.0,21.5,4.5,0.2
47117,Tennessee,TN,Marshall County,0.3513,0.5422,0.4438,0.4416,0.1155,24.9,16.4,12.0,2.1,0.9
47119,Tennessee,TN,Maury County,0.2214,0.2708,0.2969,0.5581,0.1486,16.5,16.6,11.6,2.6,0.8
47121,Tennessee,TN,Meigs County,0.4881,0.7776,0.216,0.2733,0.3369,23.4,21.1,21.9,4.3,0.2
47123,Tennessee,TN,Monroe County,0.7569,0.8266,0.854,0.3535,0.4957,28.6,21.5,22.5,4.9,0.6
47125,Tennessee,TN,Montgomery County,0.5997,0.5183,0.7801,0.7706,0.3793,20.0,9.5,15.5,3.6,0.9
47127,Tennessee,TN,Moore County,0.2262,0.5151,0.1884,0.1928,0.1072,27.5,21.2,15.7,2.9,0.1
47129,Tennessee,TN,Morgan County,0.6122,0.8727,0.1483,0.2692,0.6192,30.8,18.3,23.2,4.4,0.1
47131,Tennessee,TN,Obion County,0.6064,0.658,0.7878,0.5269,0.3118,28.3,20.4,22.7,7.3,0.6
47133,Tennessee,TN,Overton County,0.252,0.5011,0.3064,0.0337,0.1479,28.7,20.1,17.3,4.6,0.1
47135,Tennessee,TN,Perry County,0.4677,0.8715,0.2227,0.2536,0.1553,28.0,21.7,18.7,3.6,0.0
47137,Tennessee,TN,Pickett County,0.3283,0.5864,0.2421,0.0455,0.2765,32.8,27.6,26.7,8.2,0.0
47139,Tennessee,TN,Polk County,0.5157,0.7534,0.1836,0.265,0.497,25.2,20.9,21.8,5.7,0.1
47141,Tennessee,TN,Putnam County,0.5536,0.7108,0.2564,0.3748,0.5743,28.0,16.3,13.9,4.1,1.2
47143,Tennessee,TN,Rhea County,0.7238,0.7671,0.8721,0.3535,0.4734,29.7,18.9,21.5,6.6,1.1
47145,Tennessee,TN,Roane County,0.3083,0.405,0.2189,0.2399,0.4098,22.1,23.0,18.6,5.4,0.3
47147,Tennessee,TN,Robertson County,0.279,0.3834,0.4591,0.504,0.1075,17.9,14.9,13.8,3.0,1.4
47149,Tennessee,TN,Rutherford County,0.4267,0.363,0.5657,0.699,0.3003,17.2,10.8,11.1,2.5,2.7
47151,Tennessee,TN,Scott County,0.7388,0.9685,0.9077,0.0073,0.2141,39.7,16.9,26.7,4.2,0.3
47153,Tennessee,TN,Sequatchie County,0.504,0.6732,0.7903,0.1928,0.1759,33.4,20.6,21.4,3.7,1.1
47155,Tennessee,TN,Sevier County,0.566,0.5902,0.6831,0.342,0.4817,23.2,20.0,17.4,3.6,2.0
47157,Tennessee,TN,Shelby County,0.8708,0.8976,0.7827,0.944,0.6297,27.8,14.2,12.7,8.4,1.9
47159,Tennessee,TN,Smith County,0.4146,0.4718,0.5542,0.2692,0.3258,23.7,16.4,17.0,5.3,0.6
47161,Tennessee,TN,Stewart County,0.3885,0.3592,0.539,0.2854,0.4324,19.8,20.5,18.4,5.6,1.0
47163,Tennessee,TN,Sullivan County,0.4839,0.6761,0.4283,0.1861,0.364,25.5,22.0,18.8,4.9,0.2
47165,Tennessee,TN,Sumner County,0.2927,0.3032,0.4136,0.5094,0.2396,15.8,16.3,12.9,3.3,1.2
47167,Tennessee,TN,Tipton County,0.4158,0.4963,0.7121,0.615,0.0948,20.2,15.0,17.8,4.3,0.4
47169,Tennessee,TN,Trousdale County,0.2157,0.4734,0.0073,0.4973,0.3917,18.3,12.8,12.1,2.3,0.1
47171,Tennessee,TN,Unicoi County,0.5371,0.6939,0.5689,0.2364,0.3834,30.5,23.4,22.2,5.5,0.6
47173,Tennessee,TN,Union County,0.3783,0.6338,0.3952,0.0474,0.2199,25.4,18.2,21.9,3.2,0.1
47175,Tennessee,TN,Van Buren County,0.623,0.7359,0.3462,0.0474,0.8183,30.0,24.0,25.3,11.3,0.2
47177,Tennessee,TN,Warren County,0.7805,0.7117,0.9529,0.4518,0.5819,28.4,17.8,18.9,5.1,1.5
47179,Tennessee,TN,Washington County,0.5857,0.6067,0.2895,0.3697,0.7868,25.7,18.5,16.5,5.5,1.0
47181,Tennessee,TN,Wayne County,0.7474,0.7576,0.4375,0.3248,0.9195,32.2,19.0,19.4,6.6,0.4
47183,Tennessee,TN,Weakley County,0.608,0.6376,0.4833,0.4165,0.6484,30.7,18.4,19.9,6.7,0.5
47185,Tennessee,TN,White County,0.5154,0.874,0.3112,0.1696,0.2195,30.0,20.4,16.7,4.1,0.1
47187,Tennessee,TN,Williamson County,0.0165,0.0032,0.1352,0.4779,0.0382,6.5,13.9,7.3,2.2,0.8
47189,Tennessee,TN,Wilson County,0.175,0.139,0.4696,0.4932,0.1381,13.5,15.8,12.8,2.4,1.3
48001,Texas,TX,Anderson County,0.896,0.7862,0.5428,0.8129,0.9943,25.7,14.8,16.8,6.5,2.0
48003,Texas,TX,Andrews County,0.6834,0.7254,0.608,0.9259,0.3853,22.5,9.6,11.9,1.6,8.2
48005,Texas,TX,Angelina County,0.9917,0.9386,0.9876,0.7916,0.9656,30.8,16.3,19.1,5.6,3.6
48007,Texas,TX,Aransas County,0.7614,0.7849,0.3952,0.714,0.7865,26.3,27.6,16.9,5.1,0.7
48009,Texas,TX,Archer County,0.2657,0.3843,0.7531,0.3748,0.035,18.9,20.6,17.6,2.5,1.2
48011,Texas,TX,Armstrong County,0.0865,0.0643,0.56,0.3802,0.0458,14.7,28.7,11.7,0.0,0.9
48013,Texas,TX,Atascosa County,0.8664,0.8279,0.8349,0.9551,0.6707,23.7,14.8,11.8,5.5,5.9
48015,Texas,TX,Austin County,0.7133,0.5991,0.8877,0.7821,0.4547,22.2,20.0,13.0,3.5,3.5
48017,Texas,TX,Bailey County,0.7843,0.4712,0.9138,0.966,0.7792,19.1,12.4,13.0,13.2,18.5
48019,Texas,TX,Bandera County,0.5899,0.5838,0.6519,0.6198,0.44,21.5,27.9,18.8,1.5,2.3
48021,Texas,TX,Bastrop County,0.7566,0.7276,0.5517,0.8791,0.6872,20.5,15.4,12.1,2.9,4.8
48023,Texas,TX,Baylor County,0.462,0.5358,0.5313,0.525,0.2647,18.9,23.9,23.6,3.1,0.0
48025,Texas,TX,Bee County,0.9166,0.9507,0.4098,0.9599,0.9329,30.8,12.6,15.2,5.0,3.2
48027,Texas,TX,Bell County,0.937,0.8871,0.8861,0.9033,0.881,26.1,11.3,14.8,5.8,2.3
48029,Texas,TX,Bexar County,0.9192,0.8995,0.8635,0.972,0.7712,25.0,12.3,14.3,6.4,5.6
48031,Texas,TX,Blanco County,0.2339,0.3999,0.2593,0.615,0.0694,15.5,24.3,14.5,1.8,1.4
48033,Texas,TX,Borden County,0.0267,0.0006,0.1311,0.4932,0.1193,2.6,18.4,10.5,1.4,0.5
48035,Texas,TX,Bosque County,0.5794,0.4919,0.7964,0.5994,0.4356,22.3,24.9,19.3,2.9,2.2
48037,Texas,TX,Bowie County,0.8766,0.7413,0.7114,0.7585,0.9768,26.8,17.1,12.6,6.2,1.1
48039,Texas,TX,Brazoria County,0.6519,0.4588,0.5966,0.9007,0.7245,14.2,12.2,9.7,2.7,3.6
48041,Texas,TX,Brazos County,0.804,0.8368,0.1464,0.8377,0.9392,31.9,9.5,9.6,5.5,3.2
48043,Texas,TX,Brewster County,0.6478,0.5352,0.4168,0.8603,0.7359,23.3,23.9,12.2,6.1,2.1
48045,Texas,TX,Briscoe County,0.5479,0.8587,0.8072,0.8101,0.008,48.0,30.1,21.1,4.0,4.9
48047,Texas,TX,Brooks County,0.9163,0.9014,0.8377,0.9965,0.7687,41.9,19.8,23.9,15.5,7.0
48049,Texas,TX,Brown County,0.9135,0.742,0.9631,0.6701,0.943,24.7,20.1,21.3,5.7,2.0
48051,Texas,TX,Burleson County,0.5049,0.4034,0.5399,0.7436,0.4664,18.1,21.7,13.7,3.4,5.2
48053,Texas,TX,Burnet County,0.5819,0.4986,0.6911,0.6437,0.5046,19.1,23.1,15.9,3.3,2.8
48055,Texas,TX,Caldwell County,0.8956,0.7299,0.7442,0.9364,0.9745,26.2,15.2,16.1,4.5,5.8
48057,Texas,TX,Calhoun County,0.72,0.3605,0.9675,0.9163,0.6007,18.5,18.4,18.8,4.1,4.4
48059,Texas,TX,Callahan County,0.2956,0.4155,0.5444,0.4699,0.0929,19.6,20.6,21.1,3.4,0.8
48061,Texas,TX,Cameron County,0.9844,0.9895,0.9163,0.9962,0.8317,40.0,13.7,12.2,6.8,15.4
48063,Texas,TX,Camp County,0.917,0.9163,0.9927,0.8492,0.4458,34.7,18.2,17.4,5.0,3.4
48065,Texas,TX,Carson County,0.083,0.0888,0.2151,0.4636,0.0945,12.6,21.0,9.8,2.8,0.6
48067,Texas,TX,Cass County,0.8619,0.8396,0.9663,0.6045,0.5644,28.6,22.2,21.0,6.1,0.7
48069,Texas,TX,Castro County,0.7801,0.7315,0.7716,0.9583,0.5476,25.0,16.4,8.2,3.2,8.8
48071,Texas,TX,Chambers County,0.4798,0.5663,0.5148,0.7391,0.1938,17.6,12.1,10.9,2.5,2.7
48073,Texas,TX,Cherokee County,0.9717,0.9306,0.9259,0.7941,0.9551,30.6,17.7,12.6,6.1,4.6
48075,Texas,TX,Childress County,0.7178,0.9408,0.5759,0.867,0.1451,32.5,13.9,16.3,2.1,2.1
48077,Texas,TX,Clay County,0.1772,0.161,0.602,0.363,0.1044,16.4,22.3,20.5,3.3,0.7
48079,Texas,TX,Cochran County,0.938,0.9135,0.8928,0.9481,0.8005,43.2,16.8,18.2,6.0,10.6
48081,Texas,TX,Coke County,0.6379,0.6885,0.9287,0.6268,0.1715,29.5,27.2,19.2,3.6,1.6
48083,Texas,TX,Coleman County,0.6449,0.692,0.9055,0.5994,0.2154,25.6,25.5,21.0,6.8,2.2
48085,Texas,TX,Collin County,0.2997,0.2393,0.3598,0.8543,0.2358,11.3,11.2,7.5,2.9,3.7
48087,Texas,TX,Collingsworth County,0.8498,0.6793,0.9984,0.7725,0.4913,30.8,20.4,15.7,4.0,2.8
48089,Texas,TX,Colorado County,0.7639,0.6214,0.6586,0.8352,0.7951,22.2,22.3,14.2,5.6,2.8
48091,Texas,TX,Comal County,0.2749,0.2374,0.37,0.7276,0.2189,12.2,18.3,14.4,2.5,1.8
48093,Texas,TX,Comanche County,0.7267,0.7642,0.8772,0.7038,0.301,22.0,23.5,19.1,4.3,3.7
48095,Texas,TX,Concho County,0.7534,0.3936,0.9857,0.8403,0.6182,21.8,24.5,21.6,4.3,14.6
48097,Texas,TX,Cooke County,0.6946,0.5453,0.8486,0.6287,0.6214,20.3,18.9,13.7,4.8,3.6
48099,Texas,TX,Coryell County,0.833,0.7757,0.7528,0.819,0.7626,21.4,10.7,19.4,4.2,1.4
48101,Texas,TX,Cottle County,0.6732,0.6828,0.9294,0.7843,0.1864,38.9,21.9,27.8,7.9,0.0
48103,Texas,TX,Crane County,0.7092,0.4747,0.4012,0.9625,0.916,18.9,14.0,5.7,9.5,10.7
48105,Texas,TX,Crockett County,0.4098,0.3745,0.7305,0.9141,0.0913,15.4,23.5,12.6,0.0,5.4
48107,Texas,TX,Crosby County,0.9504,0.8438,0.9997,0.9303,0.6048,33.8,18.4,21.4,6.1,3.4
48109,Texas,TX,Culberson County,0.8393,0.826,0.7986,0.9917,0.5527,28.7,21.7,23.9,10.7,6.4
48111,Texas,TX,Dallam County,0.6039,0.6637,0.2568,0.8842,0.5313,29.8,9.5,10.5,3.4,11.8
48113,Texas,TX,Dallas County,0.8925,0.9271,0.7184,0.9685,0.7171,24.3,11.2,10.2,6.7,10.1
48115,Texas,TX,Dawson County,0.9876,0.9981,0.9338,0.9551,0.7709,40.0,14.1,16.4,8.3,3.2
48117,Texas,TX,Deaf Smith County,0.7245,0.6615,0.8206,0.9793,0.3885,32.5,12.9,8.2,3.4,8.3
48119,Texas,TX,Delta County,0.3665,0.5985,0.4101,0.5597,0.0818,23.5,20.3,17.2,3.3,0.5
48121,Texas,TX,Denton County,0.3796,0.3051,0.3684,0.825,0.3357,12.1,10.9,8.8,3.1,3.3
48123,Texas,TX,DeWitt County,0.8441,0.7887,0.5418,0.8508,0.9096,26.6,19.6,16.6,7.7,2.0
48125,Texas,TX,Dickens County,0.7588,0.8431,0.9446,0.7938,0.1508,27.4,23.9,20.2,5.3,1.6
48127,Texas,TX,Dimmit County,0.9994,0.9812,0.9971,0.994,0.9631,60.9,17.0,18.3,14.9,4.9
48129,Texas,TX,Donley County,0.3353,0.4957,0.0608,0.5711,0.4006,20.6,23.8,9.3,3.7,0.1
48131,Texas,TX,Duval County,0.9768,0.8925,0.9841,0.9936,0.9045,32.6,15.8,20.8,10.2,4.2
48133,Texas,TX,Eastland County,0.8616,0.7467,0.9131,0.5679,0.8797,26.4,21.6,19.2,6.3,1.7
48135,Texas,TX,Ector County,0.9421,0.9364,0.7906,0.9618,0.8645,24.7,9.5,10.2,5.2,6.7
48137,Texas,TX,Edwards County,0.6844,0.8492,0.8008,0.8756,0.1079,40.9,22.0,14.3,3.0,4.9
48139,Texas,TX,Ellis County,0.5695,0.4801,0.755,0.8171,0.3522,14.7,12.9,12.0,2.9,3.2
48141,Texas,TX,El Paso County,0.9825,0.9898,0.9182,0.992,0.8145,31.8,12.5,13.9,6.5,13.1
48143,Texas,TX,Erath County,0.7996,0.9061,0.1454,0.6316,0.9198,27.6,14.2,12.9,4.1,3.5
48145,Texas,TX,Falls County,0.972,0.9803,0.5132,0.8734,0.992,36.0,18.7,18.7,8.9,1.6
48147,Texas,TX,Fannin County,0.643,0.7047,0.3519,0.5759,0.6713,23.7,18.1,15.2,3.2,1.7
48149,Texas,TX,Fayette County,0.5234,0.3471,0.5883,0.6685,0.6185,17.2,26.1,15.6,4.8,2.0
48151,Texas,TX,Fisher County,0.4248,0.328,0.9644,0.7735,0.0433,19.0,23.1,18.1,5.6,3.0
48153,Texas,TX,Floyd County,0.7722,0.7865,0.9895,0.9405,0.1024,29.4,18.3,15.6,10.2,6.4
48155,Texas,TX,Foard County,0.6071,0.9335,0.4257,0.6936,0.0951,34.9,30.3,19.8,5.4,0.1
48157,Texas,TX,Fort Bend County,0.4515,0.3824,0.5431,0.959,0.2393,12.7,11.8,7.3,2.8,5.0
48159,Texas,TX,Franklin County,0.3821,0.3863,0.7999,0.5797,0.0964,11.6,22.1,16.4,1.9,2.2
48161,Texas,TX,Freestone County,0.8088,0.6297,0.9418,0.7321,0.6917,25.6,19.9,19.8,3.3,1.3
48163,Texas,TX,Frio County,0.9698,0.832,0.8498,0.9876,0.9965,30.2,12.6,15.1,10.9,9.6
48165,Texas,TX,Gaines County,0.6745,0.5985,0.7836,0.8403,0.4429,21.5,8.9,12.1,4.1,6.9
48167,Texas,TX,Galveston County,0.7378,0.7028,0.6172,0.8304,0.6551,18.3,14.9,12.9,5.4,3.0
48169,Texas,TX,Garza County,0.6984,0.8447,0.2456,0.9185,0.4925,26.0,16.8,18.1,6.3,13.6
48171,Texas,TX,Gillespie County,0.6392,0.5472,0.6379,0.636,0.6513,14.3,29.0,14.7,5.5,4.5
48173,Texas,TX,Glasscock County,0.2784,0.2536,0.5625,0.7366,0.1187,10.1,12.7,9.4,1.2,7.5
48175,Texas,TX,Goliad County,0.5243,0.5033,0.574,0.8066,0.3198,21.4,23.9,16.0,8.6,2.2
48177,Texas,TX,Gonzales County,0.9087,0.6567,0.978,0.9195,0.8956,24.0,16.9,16.4,8.3,6.6
48179,Texas,TX,Gray County,0.8645,0.9268,0.8346,0.7684,0.5593,28.7,16.1,13.3,3.2,4.3
48181,Texas,TX,Grayson County,0.6888,0.5905,0.7989,0.6249,0.588,19.7,17.9,13.8,3.8,2.4
48183,Texas,TX,Gregg County,0.8731,0.7677,0.8444,0.8212,0.8565,25.6,15.7,13.1,5.2,2.7
48185,Texas,TX,Grimes County,0.8676,0.8377,0.7786,0.8008,0.7836,24.7,18.2,14.4,3.2,3.4
48187,Texas,TX,Guadalupe County,0.5256,0.3939,0.643,0.8797,0.4031,16.4,14.2,13.7,2.7,2.8
48189,Texas,TX,Hale County,0.9332,0.9176,0.8921,0.9532,0.7744,32.1,13.9,12.3,3.7,6.4
48191,Texas,TX,Hall County,0.8689,0.8527,0.9943,0.8438,0.2969,32.3,22.5,17.7,3.3,3.6
48193,Texas,TX,Hamilton County,0.6634,0.6029,0.9637,0.4763,0.314,27.5,25.8,20.0,3.4,3.2
48195,Texas,TX,Hansford County,0.4836,0.6036,0.3859,0.8781,0.1839,21.3,13.6,11.9,4.7,8.2
48197,Texas,TX,Hardeman County,0.4222,0.3952,0.874,0.735,0.0668,21.3,20.0,21.4,4.1,4.6
48199,Texas,TX,Hardin County,0.6465,0.5285,0.9017,0.4537,0.5256,21.5,17.2,18.6,4.8,0.9
48201,Texas,TX,Harris County,0.9201,0.965,0.7458,0.9672,0.7089,25.7,11.0,10.0,6.7,11.2
48203,Texas,TX,Harrison County,0.9036,0.7983,0.9602,0.7646,0.8008,25.5,17.0,17.4,6.4,2.1
48205,Texas,TX,Hartley County,0.4683,0.4458,0.1346,0.7843,0.6163,12.5,16.2,10.6,2.4,1.7
48207,Texas,TX,Haskell County,0.812,0.8829,0.8896,0.741,0.3563,27.8,23.4,23.3,5.2,3.4
48209,Texas,TX,Hays County,0.6723,0.7089,0.1804,0.8673,0.7432,20.9,11.4,11.1,2.8,3.3
48211,Texas,TX,Hemphill County,0.5577,0.3818,0.9033,0.7668,0.3182,11.7,18.8,18.9,3.6,8.2
48213,Texas,TX,Henderson County,0.8291,0.8361,0.6542,0.5953,0.8186,27.3,22.2,17.8,5.4,1.3
48215,Texas,TX,Hidalgo County,0.9841,0.999,0.8855,0.9975,0.7515,41.9,11.2,12.1,5.6,17.9
48217,Texas,TX,Hill County,0.8562,0.7292,0.945,0.6806,0.7779,23.4,20.5,17.4,5.5,2.6
48219,Texas,TX,Hockley County,0.93,0.8365,0.9494,0.8941,0.8311,27.0,15.0,15.7,5.9,4.2
48221,Texas,TX,Hood County,0.525,0.5243,0.4244,0.4871,0.559,15.4,25.2,12.9,2.5,1.9
48223,Texas,TX,Hopkins County,0.7525,0.7811,0.7296,0.6449,0.5488,24.0,18.3,14.3,4.1,2.9
48225,Texas,TX,Houston County,0.9625,0.9195,0.8699,0.7836,0.9672,33.1,22.1,22.4,7.8,1.3
48227,Texas,TX,Howard County,0.8816,0.777,0.7684,0.8877,0.9224,24.7,12.7,16.2,5.2,5.8
48229,Texas,TX,Hudspeth County,0.9943,0.985,0.8603,0.9863,0.9835,43.7,11.0,32.3,8.2,32.1
48231,Texas,TX,Hunt County,0.8746,0.825,0.7038,0.6828,0.9322,22.7,15.9,15.4,4.8,2.3
48233,Texas,TX,Hutchinson County,0.3245,0.4416,0.6421,0.6872,0.0452,17.7,17.2,16.6,4.2,1.3
48235,Texas,TX,Irion County,0.2962,0.4047,0.2838,0.6389,0.1549,11.7,19.4,13.0,0.6,0.3
48237,Texas,TX,Jack County,0.9418,0.9491,0.7191,0.5927,0.9691,28.4,17.3,13.8,10.8,2.6
48239,Texas,TX,Jackson County,0.8094,0.7385,0.8333,0.8059,0.664,23.2,19.3,15.0,6.7,3.3
48241,Texas,TX,Jasper County,0.8737,0.8979,0.6271,0.6223,0.9074,33.8,20.5,13.9,5.9,0.7
48243,Texas,TX,Jeff Davis County,0.4738,0.5046,0.4725,0.5558,0.3602,33.0,41.7,15.2,2.7,7.1
48245,Texas,TX,Jefferson County,0.9723,0.9313,0.924,0.9259,0.929,29.2,14.9,15.1,7.4,4.8
48247,Texas,TX,Jim Hogg County,0.6427,0.8991,0.1941,0.9933,0.2294,48.5,8.4,13.5,4.9,0.9
48249,Texas,TX,Jim Wells County,0.9491,0.9415,0.9822,0.9847,0.5431,34.6,15.8,17.3,7.6,3.5
48251,Texas,TX,Johnson County,0.6284,0.5511,0.6083,0.6911,0.6083,18.0,14.0,10.8,2.4,3.0
48253,Texas,TX,Jones County,0.5829,0.7722,0.2265,0.8075,0.3633,26.1,15.6,17.4,3.6,1.9
48255,Texas,TX,Karnes County,0.9367,0.8155,0.6042,0.9491,0.9978,29.7,14.4,13.5,8.8,6.3
48257,Texas,TX,Kaufman County,0.7089,0.7076,0.7006,0.8225,0.4629,18.4,11.2,10.9,3.2,1.9
48259,Texas,TX,Kendall County,0.3411,0.2809,0.4152,0.6624,0.321,11.5,19.6,11.5,2.6,3.4
48261,Texas,TX,Kenedy County,0.6678,0.6449,0.9917,1.0,0.0426,51.7,36.2,25.0,0.0,36.4
48263,Texas,TX,Kent County,0.2393,0.1486,0.7531,0.4779,0.146,9.2,37.3,20.1,2.8,0.3
48265,Texas,TX,Kerr County,0.7442,0.6322,0.5733,0.7105,0.8393,22.9,27.9,16.1,4.4,1.6
48267,Texas,TX,Kimble County,0.4948,0.531,0.566,0.6532,0.2714,27.9,28.0,18.8,4.2,1.3
48269,Texas,TX,King County,0.4438,0.6764,0.8056,0.7464,0.0092,40.3,13.0,12.5,0.0,7.4
48271,Texas,TX,Kinney County,0.6265,0.4855,0.9313,0.9427,0.2364,30.2,24.0,34.0,3.1,6.3
48273,Texas,TX,Kleberg County,0.9924,0.9936,0.8221,0.9819,0.9704,37.6,13.1,14.2,6.1,2.3
48275,Texas,TX,Knox County,0.6564,0.65,0.9205,0.8171,0.189,29.6,18.6,19.8,3.4,3.2
48277,Texas,TX,Lamar County,0.8536,0.7856,0.9752,0.6373,0.601,26.9,19.3,18.9,7.1,1.2
48279,Texas,TX,Lamb County,0.8221,0.6818,0.9885,0.9332,0.3888,30.5,17.1,16.3,4.9,7.7
48281,Texas,TX,Lampasas County,0.658,0.6774,0.8094,0.6599,0.3474,21.7,20.5,22.9,4.4,0.9
48283,Texas,TX,La Salle County,0.9128,0.9631,0.6557,0.9952,0.7356,33.8,17.3,10.1,2.5,8.2
48285,Texas,TX,Lavaca County,0.5752,0.4184,0.8298,0.6449,0.4823,21.9,23.7,14.4,3.6,1.5
48287,Texas,TX,Lee County,0.7856,0.6398,0.7677,0.7598,0.7983,26.2,20.5,15.6,4.7,2.7
48289,Texas,TX,Leon County,0.6974,0.6233,0.9758,0.6102,0.2673,23.4,23.6,22.5,1.9,2.4
48291,Texas,TX,Liberty County,0.9739,0.9758,0.8053,0.8139,0.9564,30.1,12.6,16.2,4.6,5.6
48293,Texas,TX,Limestone County,0.9065,0.8196,0.9714,0.8199,0.7152,31.4,20.6,16.8,3.9,2.8
48295,Texas,TX,Lipscomb County,0.7703,0.6472,0.9835,0.7922,0.3388,22.5,16.7,15.3,4.3,7.9
48297,Texas,TX,Live Oak County,0.9039,0.7665,0.7267,0.8686,0.9809,31.2,21.3,16.3,6.9,3.5
48299,Texas,TX,Llano County,0.6192,0.6984,0.7731,0.4445,0.3452,21.5,37.1,21.7,3.3,1.5
48301,Texas,TX,Loving County,0.4356,0.0,0.9866,0.0579,0.9828,7.3,35.4,18.8,12.5,6.8
48303,Texas,TX,Lubbock County,0.8422,0.8177,0.5005,0.8632,0.8613,26.9,12.7,12.9,5.6,1.7
48305,Texas,TX,Lynn County,0.6898,0.8317,0.9459,0.8686,0.0442,37.0,15.8,19.7,4.2,3.1
48307,Texas,TX,McCulloch County,0.7897,0.9154,0.8909,0.7607,0.2049,23.6,22.6,21.0,4.8,2.8
48309,Texas,TX,McLennan County,0.8861,0.8521,0.7951,0.8346,0.8333,28.8,14.8,13.4,5.2,3.7
48311,Texas,TX,McMullen County,0.8104,0.6933,0.9952,0.9236,0.2689,41.0,19.1,16.1,3.0,2.9
48313,Texas,TX,Madison County,0.9131,0.714,0.6914,0.8501,0.9987,22.0,15.2,16.5,8.7,4.6
48315,Texas,TX,Marion County,0.7315,0.7821,0.7983,0.6599,0.4088,28.2,27.1,22.3,4.9,1.2
48317,Texas,TX,Martin County,0.5966,0.6618,0.6437,0.9045,0.2199,19.9,10.5,11.1,0.0,2.9
48319,Texas,TX,Mason County,0.2724,0.3007,0.9115,0.5352,0.0146,13.3,31.2,18.9,3.4,3.4
48321,Texas,TX,Matagorda County,0.9758,0.9723,0.9825,0.9122,0.7308,31.2,17.4,17.4,6.6,3.5
48323,Texas,TX,Maverick County,0.9901,0.9971,0.9023,0.9997,0.8549,38.5,11.8,12.1,7.8,22.0
48325,Texas,TX,Medina County,0.741,0.4018,0.8562,0.9141,0.8209,17.7,17.0,18.7,4.7,3.7
48327,Texas,TX,Menard County,0.8606,0.9733,0.8629,0.7693,0.3322,27.2,35.5,29.0,4.1,2.8
48329,Texas,TX,Midland County,0.7397,0.5867,0.6787,0.9077,0.7318,16.2,10.3,10.8,4.7,5.4
48331,Texas,TX,Milam County,0.798,0.755,0.8648,0.7706,0.5714,23.9,20.7,15.8,4.0,3.6
48333,Texas,TX,Mills County,0.4693,0.3283,0.9364,0.6618,0.1616,16.2,28.1,16.1,1.6,1.8
48335,Texas,TX,Mitchell County,0.6958,0.5504,0.4206,0.8915,0.8218,27.4,14.3,14.7,1.9,4.1
48337,Texas,TX,Montague County,0.5959,0.6484,0.8953,0.434,0.2211,21.0,21.6,19.8,4.6,0.9
48339,Texas,TX,Montgomery County,0.5212,0.4451,0.4254,0.7579,0.5358,15.9,13.4,10.1,3.3,4.1
48341,Texas,TX,Moore County,0.882,0.805,0.8358,0.9586,0.8011,26.7,11.2,10.9,7.7,16.8
48343,Texas,TX,Morris County,0.7792,0.6872,0.9376,0.749,0.5033,26.0,21.7,20.7,5.7,0.4
48345,Texas,TX,Motley County,0.1721,0.3236,0.5889,0.5616,0.0067,15.5,31.3,23.1,2.4,0.0
48347,Texas,TX,Nacogdoches County,0.9952,0.972,0.9106,0.797,0.9984,34.3,15.3,16.6,6.0,3.6
48349,Texas,TX,Navarro County,0.979,0.9628,0.9685,0.8565,0.8587,30.4,16.6,17.4,5.1,4.8
48351,Texas,TX,Newton County,0.8463,0.9574,0.4092,0.6128,0.7843,38.0,22.2,15.4,7.6,0.0
48353,Texas,TX,Nolan County,0.9815,0.9255,0.9981,0.8571,0.8212,34.3,19.2,19.6,6.8,2.8
48355,Texas,TX,Nueces County,0.9351,0.9332,0.7801,0.9666,0.8492,26.4,15.0,13.1,7.0,2.6
48357,Texas,TX,Ochiltree County,0.8244,0.6863,0.9434,0.9163,0.5765,29.6,10.7,14.3,3.3,15.3
48359,Texas,TX,Oldham County,0.392,0.4496,0.1374,0.7146,0.4184,26.1,12.6,10.6,1.6,1.6
48361,Texas,TX,Orange County,0.6853,0.594,0.8037,0.5476,0.6099,21.2,15.7,16.7,5.3,1.6
48363,Texas,TX,Palo Pinto County,0.8015,0.9106,0.7515,0.6309,0.4738,26.4,19.8,16.5,4.0,1.7
48365,Texas,TX,Panola County,0.7331,0.6456,0.8501,0.6389,0.5845,22.8,20.2,16.8,3.1,1.5
48367,Texas,TX,Parker County,0.2638,0.321,0.2284,0.5119,0.258,13.9,15.7,12.3,2.8,1.6
48369,Texas,TX,Parmer County,0.6596,0.6437,0.7833,0.9513,0.2797,25.5,15.3,11.6,1.9,11.0
48371,Texas,TX,Pecos County,0.9049,0.7474,0.6653,0.9771,0.9885,31.9,13.6,8.5,8.5,4.0
48373,Texas,TX,Polk County,0.9208,0.9262,0.8858,0.6532,0.8412,25.9,18.8,24.2,3.6,2.0
48375,Texas,TX,Potter County,0.9889,0.9485,0.8788,0.9052,0.9936,35.4,13.5,13.2,8.6,6.6
48377,Texas,TX,Presidio County,0.9933,1.0,0.9669,0.9825,0.7219,46.8,22.8,15.2,13.9,18.1
48379,Texas,TX,Rains County,0.4706,0.3318,0.9185,0.4636,0.2615,19.3,24.0,20.2,4.1,2.2
48381,Texas,TX,Randall County,0.3519,0.2154,0.3751,0.6936,0.4839,15.6,15.4,10.6,2.8,0.8
48383,Texas,TX,Reagan County,0.5052,0.5794,0.4276,0.979,0.1919,18.0,8.4,5.1,0.7,2.1
48385,Texas,TX,Real County,0.783,0.5523,0.9806,0.6309,0.6392,37.6,34.1,30.5,3.7,1.9
48387,Texas,TX,Red River County,0.6895,0.7945,0.6783,0.6287,0.3796,30.8,25.9,16.8,3.4,1.7
48389,Texas,TX,Reeves County,0.9548,0.9389,0.7035,0.9809,0.9462,34.1,12.4,11.0,5.0,11.8
48391,Texas,TX,Refugio County,0.9653,0.91,0.9962,0.9201,0.7133,27.4,22.3,23.7,9.5,1.2
48393,Texas,TX,Roberts County,0.0576,0.1406,0.0067,0.4741,0.2437,15.8,14.1,12.0,7.8,0.0
48395,Texas,TX,Robertson County,0.8546,0.707,0.9793,0.8199,0.6322,21.4,20.3,18.7,7.9,1.6
48397,Texas,TX,Rockwall County,0.1164,0.0913,0.28,0.7066,0.0875,7.0,12.4,7.7,1.8,1.3
48399,Texas,TX,Runnels County,0.5148,0.4922,0.985,0.7821,0.0242,23.5,20.6,19.0,2.4,2.7
48401,Texas,TX,Rusk County,0.7973,0.7486,0.7464,0.7537,0.7248,24.4,16.8,15.4,3.9,2.5
48403,Texas,TX,Sabine County,0.5609,0.8839,0.4868,0.4537,0.1327,29.8,30.0,26.3,4.5,0.0
48405,Texas,TX,San Augustine County,0.9885,0.9793,0.944,0.6828,0.972,41.1,28.2,24.7,11.7,2.6
48407,Texas,TX,San Jacinto County,0.8091,0.9329,0.875,0.6347,0.2965,28.9,21.8,21.8,3.2,3.2
48409,Texas,TX,San Patricio County,0.9249,0.846,0.9761,0.9354,0.7101,28.3,15.1,19.1,6.7,2.5
48411,Texas,TX,San Saba County,0.6389,0.6977,0.6561,0.7521,0.3522,26.6,22.7,19.0,2.0,2.8
48413,Texas,TX,Schleicher County,0.5803,0.7401,0.762,0.9052,0.0735,21.1,25.6,12.7,4.1,4.7
48415,Texas,TX,Scurry County,0.5332,0.5202,0.4846,0.8686,0.3548,27.8,15.0,15.4,0.9,2.9
48417,Texas,TX,Shackelford County,0.3936,0.511,0.2119,0.4445,0.3872,18.1,19.7,17.6,5.6,0.0
48419,Texas,TX,Shelby County,0.8778,0.77,0.9481,0.7751,0.7598,33.2,17.8,15.4,6.3,3.6
48421,Texas,TX,Sherman County,0.6309,0.4757,0.9485,0.833,0.2654,16.6,16.3,18.9,1.1,4.1
48423,Texas,TX,Smith County,0.8234,0.7334,0.7916,0.797,0.7735,21.8,17.0,12.4,4.3,3.8
48425,Texas,TX,Somervell County,0.5135,0.2959,0.6468,0.5597,0.6853,13.8,18.4,11.7,2.9,1.6
48427,Texas,TX,Starr County,0.9905,0.9978,0.9682,0.999,0.7197,50.4,11.5,15.5,10.7,22.7
48429,Texas,TX,Stephens County,0.9898,0.9768,0.9539,0.6806,0.9752,27.8,19.6,18.0,9.3,3.2
48431,Texas,TX,Sterling County,0.1419,0.1794,0.2447,0.7156,0.0636,11.0,13.1,8.0,0.0,2.4
48433,Texas,TX,Stonewall County,0.2994,0.4769,0.2214,0.6449,0.132,23.0,20.3,14.5,2.4,0.1
48435,Texas,TX,Sutton County,0.7687,0.7448,0.8145,0.9777,0.4283,29.5,13.2,6.4,2.5,4.4
48437,Texas,TX,Swisher County,0.9103,0.95,0.7766,0.9096,0.713,41.5,17.3,16.1,8.1,5.3
48439,Texas,TX,Tarrant County,0.7585,0.7792,0.6707,0.8982,0.5017,19.6,11.7,9.8,4.4,5.3
48441,Texas,TX,Taylor County,0.7591,0.6363,0.7289,0.7655,0.7353,24.6,14.6,14.7,4.6,2.0
48443,Texas,TX,Terrell County,0.0859,0.0767,0.6812,0.8533,0.0025,7.0,34.2,26.7,3.2,1.5
48445,Texas,TX,Terry County,0.9828,0.9625,0.9462,0.9325,0.9128,36.4,14.8,14.0,7.9,8.2
48447,Texas,TX,Throckmorton County,0.1581,0.4375,0.2428,0.4496,0.0143,28.4,25.5,14.9,2.5,0.9
48449,Texas,TX,Titus County,0.8995,0.8956,0.9227,0.9052,0.6252,32.6,14.5,13.0,4.7,9.6
48451,Texas,TX,Tom Green County,0.8113,0.6204,0.7957,0.8673,0.8304,21.1,15.9,14.2,4.7,2.6
48453,Texas,TX,Travis County,0.5702,0.5527,0.0935,0.882,0.7805,17.3,10.4,9.0,5.5,5.1
48455,Texas,TX,Trinity County,0.9185,0.8552,0.9879,0.574,0.7518,26.9,26.4,23.2,9.7,1.6
48457,Texas,TX,Tyler County,0.9319,0.8842,0.9103,0.5501,0.951,29.9,22.1,25.2,7.0,1.2
48459,Texas,TX,Upshur County,0.6017,0.6841,0.7817,0.5425,0.259,27.9,18.3,20.0,3.9,1.0
48461,Texas,TX,Upton County,0.77,0.6876,0.7092,0.9185,0.6567,30.1,16.4,10.2,6.0,3.6
48463,Texas,TX,Uvalde County,0.9911,0.9065,0.9968,0.9749,0.9364,34.7,16.3,19.6,7.2,7.1
48465,Texas,TX,Val Verde County,0.9437,0.8371,0.9329,0.9889,0.8877,31.3,13.9,13.7,4.8,12.4
48467,Texas,TX,Van Zandt County,0.5714,0.6538,0.7633,0.4948,0.265,23.3,20.1,15.3,2.9,1.5
48469,Texas,TX,Victoria County,0.9198,0.8606,0.8937,0.9052,0.8377,26.2,16.4,15.3,7.2,2.8
48471,Texas,TX,Walker County,0.9392,0.9755,0.1161,0.8225,0.9997,32.8,13.5,11.6,6.7,2.3
48473,Texas,TX,Waller County,0.8317,0.7868,0.5262,0.9176,0.8514,21.1,11.5,11.1,3.6,4.9
48475,Texas,TX,Ward County,0.7235,0.6548,0.8412,0.9345,0.3987,23.7,13.4,12.9,3.9,4.8
48477,Texas,TX,Washington County,0.6522,0.4467,0.4601,0.7585,0.8826,18.3,21.7,14.2,6.0,1.9
48479,Texas,TX,Webb County,0.9831,0.9917,0.917,0.9987,0.8034,34.0,9.7,13.1,6.2,18.5
48481,Texas,TX,Wharton County,0.9456,0.9141,0.9319,0.9045,0.8078,26.3,17.2,15.1,6.4,5.1
48483,Texas,TX,Wheeler County,0.9045,0.9036,0.986,0.6828,0.5377,29.9,20.0,16.3,7.0,5.4
48485,Texas,TX,Wichita County,0.8167,0.7372,0.6876,0.741,0.8416,24.9,14.9,16.0,6.6,1.6
48487,Texas,TX,Wilbarger County,0.9561,0.9691,0.8906,0.8272,0.7938,39.4,17.8,24.8,5.5,3.3
48489,Texas,TX,Willacy County,0.985,0.9892,0.91,0.993,0.8428,42.9,14.6,15.1,5.6,9.1
48491,Texas,TX,Williamson County,0.3207,0.2701,0.4009,0.8199,0.2275,11.1,12.6,10.0,2.6,2.9
48493,Texas,TX,Wilson County,0.2972,0.2351,0.2402,0.833,0.3363,15.8,16.2,12.3,2.2,2.3
48495,Texas,TX,Winkler County,0.4448,0.3958,0.3252,0.9523,0.3388,16.3,13.6,9.1,5.6,8.9
48497,Texas,TX,Wise County,0.5422,0.4483,0.79,0.6128,0.3923,16.9,15.2,15.8,1.6,3.6
48499,Texas,TX,Wood County,0.7655,0.7124,0.847,0.5011,0.6771,21.9,26.9,20.0,5.5,1.7
48501,Texas,TX,Yoakum County,0.587,0.622,0.5918,0.9644,0.2472,23.2,10.0,9.0,2.4,11.9
48503,Texas,TX,Young County,0.5345,0.4639,0.9535,0.5892,0.1575,22.9,20.9,15.4,5.1,3.4
48505,Texas,TX,Zapata County,0.9968,0.9901,0.9809,0.9984,0.9014,49.8,13.7,16.2,9.7,20.7
48507,Texas,TX,Zavala County,0.909,0.8813,0.9905,0.9978,0.4292,49.7,16.1,17.0,4.9,5.9
49001,Utah,UT,Beaver County,0.1457,0.1556,0.5612,0.4658,0.0519,9.8,14.1,12.9,2.7,2.2
49003,Utah,UT,Box Elder County,0.1215,0.1527,0.1416,0.3977,0.1686,16.8,12.6,11.3,4.2,0.5
49005,Utah,UT,Cache County,0.3478,0.2816,0.2889,0.4779,0.538,24.1,9.7,8.5,3.3,1.6
49007,Utah,UT,Carbon County,0.6297,0.7051,0.7436,0.4932,0.3748,27.9,18.4,16.8,4.4,0.5
49009,Utah,UT,Daggett County,0.1849,0.2199,0.0506,0.182,0.5469,14.9,18.5,13.0,4.7,0.0
49011,Utah,UT,Davis County,0.0678,0.0325,0.2822,0.4948,0.1069,11.1,10.5,9.2,2.4,0.9
49013,Utah,UT,Duchesne County,0.5361,0.5778,0.4629,0.4445,0.5167,23.8,12.3,13.8,4.7,0.9
49015,Utah,UT,Emery County,0.2269,0.1645,0.6729,0.2914,0.2008,22.0,17.7,15.4,2.7,1.0
49017,Utah,UT,Garfield County,0.3423,0.4617,0.364,0.3446,0.251,22.7,22.9,14.8,2.5,0.6
49019,Utah,UT,Grand County,0.4582,0.433,0.3331,0.5218,0.5597,23.0,19.7,12.2,2.1,1.2
49021,Utah,UT,Iron County,0.4114,0.5017,0.2809,0.4496,0.384,25.9,12.9,11.1,3.4,1.4
49023,Utah,UT,Juab County,0.0659,0.0487,0.1887,0.2692,0.1823,14.9,12.5,12.4,3.9,0.3
49025,Utah,UT,Kane County,0.259,0.2265,0.5861,0.2399,0.2663,20.8,23.8,18.3,4.6,0.3
49027,Utah,UT,Millard County,0.4502,0.4241,0.8657,0.4763,0.1642,23.6,17.3,13.5,3.7,2.8
49029,Utah,UT,Morgan County,0.0,0.0019,0.0146,0.1409,0.0019,5.5,12.0,6.5,0.8,0.1
49031,Utah,UT,Piute County,0.5402,0.9478,0.3293,0.0544,0.1753,40.3,30.9,21.1,4.9,0.2
49033,Utah,UT,Rich County,0.2141,0.0811,0.8193,0.4117,0.1829,19.6,18.0,15.1,0.0,0.5
49035,Utah,UT,Salt Lake County,0.4512,0.3325,0.4044,0.6777,0.552,14.5,11.3,9.9,5.2,3.5
49037,Utah,UT,San Juan County,0.9567,0.8524,0.9688,0.8988,0.8794,32.3,15.5,22.0,8.8,3.1
49039,Utah,UT,Sanpete County,0.5116,0.6064,0.2743,0.4146,0.5507,26.3,14.1,11.7,2.8,1.9
49041,Utah,UT,Sevier County,0.2886,0.37,0.1931,0.2485,0.4162,20.3,16.5,14.7,4.1,0.4
49043,Utah,UT,Summit County,0.0509,0.0267,0.251,0.4556,0.091,8.3,13.8,5.9,1.8,1.9
49045,Utah,UT,Tooele County,0.1766,0.1206,0.3204,0.5269,0.238,10.6,9.0,11.1,3.8,0.9
49047,Utah,UT,Uintah County,0.5297,0.5644,0.4216,0.5294,0.5081,20.1,11.3,12.5,3.1,0.7
49049,Utah,UT,Utah County,0.2555,0.1798,0.1963,0.5183,0.5011,15.5,7.7,8.5,2.5,1.7
49051,Utah,UT,Wasatch County,0.0748,0.0776,0.1508,0.4871,0.1114,9.9,12.7,7.9,2.4,2.1
49053,Utah,UT,Washington County,0.3875,0.3382,0.5762,0.4763,0.3309,17.4,21.9,12.5,3.0,1.2
49055,Utah,UT,Wayne County,0.1053,0.244,0.3166,0.0041,0.0589,23.6,22.4,11.6,1.7,0.0
49057,Utah,UT,Weber County,0.3471,0.2393,0.4944,0.6083,0.3891,14.4,11.9,11.5,4.5,1.8
50001,Vermont,VT,Addison County,0.139,0.1518,0.0652,0.2323,0.4499,13.5,21.4,15.6,4.1,0.3
50003,Vermont,VT,Bennington County,0.349,0.2736,0.433,0.1861,0.5861,18.6,23.3,17.5,8.5,0.2
50005,Vermont,VT,Caledonia County,0.2844,0.2113,0.4473,0.1225,0.5367,20.1,22.2,17.1,7.5,0.4
50007,Vermont,VT,Chittenden County,0.2205,0.1763,0.0245,0.3802,0.7722,16.1,15.9,11.2,6.9,1.2
50009,Vermont,VT,Essex County,0.4155,0.6386,0.5752,0.0983,0.1852,26.9,26.6,22.9,4.9,0.4
50011,Vermont,VT,Franklin County,0.1219,0.2444,0.0748,0.1654,0.1976,17.5,16.8,14.2,6.2,0.2
50013,Vermont,VT,Grand Isle County,0.006,0.1203,0.0156,0.2485,0.0057,12.3,21.8,12.2,2.0,0.2
50015,Vermont,VT,Lamoille County,0.1409,0.2685,0.034,0.1276,0.3678,16.1,17.8,12.7,5.1,0.2
50017,Vermont,VT,Orange County,0.0939,0.1565,0.0967,0.0735,0.224,17.0,22.2,15.5,4.2,0.1
50019,Vermont,VT,Orleans County,0.3548,0.4508,0.3038,0.1037,0.4664,20.2,23.2,17.4,6.3,0.2
50021,Vermont,VT,Rutland County,0.3955,0.2879,0.1661,0.1094,0.9093,18.5,23.4,16.1,7.1,0.4
50023,Vermont,VT,Washington County,0.161,0.1222,0.1098,0.1508,0.5791,16.3,20.5,14.0,7.7,0.2
50025,Vermont,VT,Windham County,0.3185,0.3248,0.3159,0.2265,0.4878,21.5,24.0,17.0,6.1,0.1
50027,Vermont,VT,Windsor County,0.1499,0.1817,0.0961,0.1409,0.4143,16.1,24.3,15.0,5.1,0.2
51001,Virginia,VA,Accomack County,0.8597,0.7416,0.8982,0.791,0.7973,28.1,24.9,16.8,8.0,4.0
51003,Virginia,VA,Albemarle County,0.2469,0.1295,0.245,0.5927,0.5059,11.2,19.7,9.3,4.7,1.7
51005,Virginia,VA,Alleghany County,0.3102,0.3099,0.1864,0.2444,0.5918,21.4,25.1,17.5,6.7,0.1
51007,Virginia,VA,Amelia County,0.3853,0.4808,0.2399,0.6287,0.2924,24.5,20.0,16.7,2.6,0.9
51009,Virginia,VA,Amherst County,0.4022,0.4244,0.1632,0.6198,0.4973,22.3,21.2,15.8,5.4,0.3
51011,Virginia,VA,Appomattox County,0.1441,0.2848,0.1419,0.5892,0.0557,22.5,20.5,14.2,3.4,0.0
51013,Virginia,VA,Arlington County,0.1597,0.0423,0.0115,0.7894,0.7945,10.3,11.3,6.5,14.1,3.6
51015,Virginia,VA,Augusta County,0.2129,0.1591,0.1626,0.3166,0.5266,15.3,21.7,14.2,4.5,0.8
51017,Virginia,VA,Bath County,0.1674,0.3678,0.16,0.1409,0.1314,36.9,29.0,15.2,0.9,0.4
51019,Virginia,VA,Bedford County,0.0853,0.0878,0.1215,0.4085,0.1721,15.8,22.2,13.1,3.6,0.4
51021,Virginia,VA,Bland County,0.0974,0.0493,0.0458,0.1276,0.6195,14.8,23.7,17.5,3.5,0.0
51023,Virginia,VA,Botetourt County,0.013,0.0375,0.0226,0.2294,0.0783,12.8,23.2,12.5,3.7,0.1
51025,Virginia,VA,Brunswick County,0.8311,0.8101,0.308,0.9141,0.9281,27.2,21.9,18.0,7.6,0.2
51027,Virginia,VA,Buchanan County,0.5975,0.8517,0.5049,0.015,0.4381,37.6,23.0,33.7,4.9,0.1
51029,Virginia,VA,Buckingham County,0.6758,0.6974,0.2437,0.7725,0.7614,24.7,19.8,17.6,6.4,0.4
51031,Virginia,VA,Campbell County,0.4152,0.3567,0.4458,0.5581,0.4365,21.8,20.7,14.5,5.2,1.6
51033,Virginia,VA,Caroline County,0.399,0.3064,0.4209,0.7537,0.3901,15.4,16.4,12.9,5.0,1.0
51035,Virginia,VA,Carroll County,0.2797,0.5861,0.3016,0.1225,0.1114,25.3,25.1,16.5,4.2,0.6
51036,Virginia,VA,Charles City County,0.2685,0.3945,0.1934,0.8988,0.09,19.7,25.6,19.2,6.4,0.2
51037,Virginia,VA,Charlotte County,0.7436,0.6172,0.86,0.6885,0.6344,29.9,22.3,22.0,8.0,0.1
51041,Virginia,VA,Chesterfield County,0.2943,0.2421,0.6452,0.7929,0.111,11.5,15.5,12.5,3.1,2.9
51043,Virginia,VA,Clarke County,0.0598,0.0926,0.098,0.4445,0.0916,9.1,21.5,13.6,2.0,0.7
51045,Virginia,VA,Craig County,0.0589,0.0538,0.1059,0.0627,0.2864,14.0,19.2,11.7,4.7,0.0
51047,Virginia,VA,Culpeper County,0.4327,0.357,0.5511,0.6923,0.3401,12.9,16.2,12.5,3.4,2.8
51049,Virginia,VA,Cumberland County,0.4426,0.3532,0.5196,0.7391,0.371,15.1,22.7,15.0,6.9,0.1
51051,Virginia,VA,Dickenson County,0.4629,0.5717,0.3058,0.0032,0.644,35.7,23.4,36.4,7.1,0.0
51053,Virginia,VA,Dinwiddie County,0.3261,0.3656,0.1495,0.7502,0.3229,14.7,18.5,14.6,2.8,0.8
51057,Virginia,VA,Essex County,0.8272,0.9593,0.6048,0.8438,0.4311,30.2,23.5,16.8,5.3,0.3
51059,Virginia,VA,Fairfax County,0.2412,0.112,0.2574,0.8775,0.3621,9.9,14.2,7.6,4.6,5.8
51061,Virginia,VA,Fauquier County,0.0732,0.0764,0.3802,0.5654,0.0286,9.8,16.7,9.6,3.1,2.3
51063,Virginia,VA,Floyd County,0.0929,0.1546,0.0955,0.1696,0.1941,17.9,24.2,12.7,5.6,0.5
51065,Virginia,VA,Fluvanna County,0.0582,0.0821,0.027,0.5915,0.1658,12.3,20.4,11.6,2.7,0.3
51067,Virginia,VA,Franklin County,0.321,0.2275,0.1909,0.3847,0.7028,21.7,24.0,15.2,5.5,0.5
51069,Virginia,VA,Frederick County,0.2545,0.2179,0.4715,0.5183,0.2135,12.2,18.1,11.6,3.6,2.3
51071,Virginia,VA,Giles County,0.1037,0.1273,0.099,0.0821,0.3334,20.0,21.7,13.0,5.6,0.5
51073,Virginia,VA,Gloucester County,0.0344,0.133,0.0732,0.4683,0.0089,11.2,19.6,17.2,2.4,0.1
51075,Virginia,VA,Goochland County,0.0592,0.0041,0.0449,0.5667,0.4009,8.4,23.0,12.6,2.7,0.5
51077,Virginia,VA,Grayson County,0.5851,0.6414,0.6755,0.3446,0.4648,33.1,25.4,20.2,5.0,1.1
51079,Virginia,VA,Greene County,0.2199,0.1683,0.6096,0.5269,0.1365,16.2,18.5,12.3,2.1,1.1
51081,Virginia,VA,Greensville County,0.8979,0.8883,0.3016,0.9405,0.9847,26.8,15.7,17.4,8.6,0.5
51083,Virginia,VA,Halifax County,0.7684,0.6977,0.8365,0.7859,0.5749,27.3,24.9,20.1,6.4,0.2
51085,Virginia,VA,Hanover County,0.0274,0.0185,0.0735,0.4932,0.0837,9.9,18.5,11.1,2.7,0.5
51087,Virginia,VA,Henrico County,0.3414,0.266,0.4677,0.8661,0.2183,14.3,16.2,11.7,5.5,2.1
51089,Virginia,VA,Henry County,0.7757,0.7553,0.7614,0.6828,0.6494,29.9,24.4,21.6,6.5,1.2
51091,Virginia,VA,Highland County,0.1352,0.3901,0.1368,0.0821,0.0751,17.7,36.9,20.9,5.3,0.0
51093,Virginia,VA,Isle of Wight County,0.2243,0.2733,0.2784,0.6726,0.1279,15.8,19.3,14.7,4.7,0.7
51095,Virginia,VA,James City County,0.1763,0.078,0.5781,0.6249,0.1499,10.9,26.1,13.1,4.2,0.9
51097,Virginia,VA,King and Queen County,0.1973,0.6382,0.0239,0.7136,0.0277,25.6,22.3,15.1,4.0,0.0
51099,Virginia,VA,King George County,0.0528,0.09,0.1397,0.6647,0.0239,12.6,13.6,9.4,1.8,1.0
51101,Virginia,VA,King William County,0.0334,0.1082,0.1874,0.5727,0.0022,13.1,16.4,12.7,3.2,0.4
51103,Virginia,VA,Lancaster County,0.5075,0.7331,0.3907,0.7089,0.1565,23.4,39.4,19.8,4.0,0.6
51105,Virginia,VA,Lee County,0.8788,0.9217,0.908,0.2062,0.8374,37.3,22.2,29.7,9.0,0.6
51107,Virginia,VA,Loudoun County,0.1059,0.0197,0.3322,0.8524,0.1374,6.4,10.0,6.5,3.1,3.7
51109,Virginia,VA,Louisa County,0.2542,0.5049,0.1406,0.5829,0.0885,16.8,20.2,16.5,3.5,0.5
51111,Virginia,VA,Lunenburg County,0.9243,0.7661,0.9561,0.7983,0.93,25.6,22.3,21.2,7.7,1.9
51113,Virginia,VA,Madison County,0.1594,0.3398,0.077,0.4518,0.125,19.9,23.3,15.5,2.9,0.1
51115,Virginia,VA,Mathews County,0.1002,0.2205,0.307,0.4416,0.0127,12.2,30.7,21.2,0.6,0.4
51117,Virginia,VA,Mecklenburg County,0.7308,0.5581,0.8088,0.7798,0.6812,28.1,26.2,19.7,7.5,0.5
51119,Virginia,VA,Middlesex County,0.3042,0.3089,0.3115,0.5644,0.3026,16.4,33.6,17.1,2.8,0.6
51121,Virginia,VA,Montgomery County,0.2873,0.3621,0.0029,0.4779,0.9017,30.0,13.2,10.3,5.5,0.5
51125,Virginia,VA,Nelson County,0.2536,0.3672,0.1699,0.5202,0.2033,18.2,28.5,14.3,5.8,0.8
51127,Virginia,VA,New Kent County,0.0025,0.0115,0.0111,0.574,0.0111,7.7,18.0,10.7,1.5,0.6
51131,Virginia,VA,Northampton County,0.79,0.6857,0.6977,0.8272,0.7782,26.0,27.6,20.1,10.3,1.6
51133,Virginia,VA,Northumberland County,0.1922,0.3805,0.0757,0.6901,0.0935,20.3,36.8,14.9,4.3,0.1
51135,Virginia,VA,Nottoway County,0.8425,0.9303,0.5151,0.8438,0.6592,29.5,18.3,18.0,7.2,0.4
51137,Virginia,VA,Orange County,0.2593,0.2459,0.2434,0.5797,0.3172,17.5,19.9,15.5,3.9,0.7
51139,Virginia,VA,Page County,0.363,0.6602,0.3831,0.1753,0.1359,18.0,21.3,20.0,7.0,0.5
51141,Virginia,VA,Patrick County,0.2558,0.2768,0.3557,0.3058,0.2956,22.9,26.9,20.4,4.2,0.5
51143,Virginia,VA,Pittsylvania County,0.7054,0.6777,0.7973,0.6233,0.5126,27.4,23.5,20.1,5.2,0.6
51145,Virginia,VA,Powhatan County,0.0022,0.0226,0.008,0.4248,0.0181,8.5,19.3,11.7,1.6,0.2
51147,Virginia,VA,Prince Edward County,0.6106,0.5313,0.1801,0.776,0.8552,26.5,16.4,15.3,8.4,1.4
51149,Virginia,VA,Prince George County,0.3805,0.4582,0.0681,0.8549,0.4158,18.4,12.9,12.7,3.0,0.4
51153,Virginia,VA,Prince William County,0.4117,0.3213,0.5813,0.9195,0.2144,11.1,10.5,8.2,2.3,5.7
51155,Virginia,VA,Pulaski County,0.2011,0.2304,0.1658,0.2854,0.3465,20.3,22.5,19.8,4.7,0.1
51157,Virginia,VA,Rappahannock County,0.0573,0.4515,0.076,0.3824,0.0,16.5,26.5,13.7,1.6,0.4
51159,Virginia,VA,Richmond County,0.5485,0.4566,0.2663,0.776,0.7289,22.4,20.0,16.4,6.3,1.0
51161,Virginia,VA,Roanoke County,0.1333,0.0681,0.3134,0.4537,0.2339,13.4,21.7,12.4,4.5,0.8
51163,Virginia,VA,Rockbridge County,0.125,0.1753,0.1947,0.265,0.153,19.3,26.5,17.8,4.4,0.1
51165,Virginia,VA,Rockingham County,0.2526,0.2339,0.2733,0.3888,0.3808,15.9,19.6,12.6,4.5,1.9
51167,Virginia,VA,Russell County,0.3468,0.6023,0.2339,0.0169,0.3242,30.4,22.6,31.7,6.6,0.0
51169,Virginia,VA,Scott County,0.4712,0.4865,0.301,0.0169,0.7827,29.9,24.8,29.3,8.5,0.0
51171,Virginia,VA,Shenandoah County,0.4298,0.469,0.7992,0.4146,0.1476,21.9,21.9,16.8,5.0,1.5
51173,Virginia,VA,Smyth County,0.6841,0.5542,0.8931,0.1152,0.7671,31.3,22.4,22.5,8.0,0.7
51175,Virginia,VA,Southampton County,0.4279,0.3942,0.287,0.7693,0.4184,14.2,20.8,18.0,5.0,0.1
51177,Virginia,VA,Spotsylvania County,0.2654,0.3303,0.2994,0.7261,0.1336,12.9,14.6,10.7,3.1,1.6
51179,Virginia,VA,Stafford County,0.2428,0.0904,0.4734,0.8212,0.2794,8.9,11.0,8.6,1.9,2.6
51181,Virginia,VA,Surry County,0.448,0.5119,0.4031,0.8447,0.1995,21.7,24.0,17.2,5.2,0.2
51183,Virginia,VA,Sussex County,0.7385,0.7012,0.2144,0.9201,0.8871,22.6,18.4,17.4,10.3,0.2
51185,Virginia,VA,Tazewell County,0.5883,0.6417,0.5619,0.1409,0.665,29.8,22.9,19.1,7.6,0.1
51187,Virginia,VA,Warren County,0.496,0.6061,0.2704,0.4683,0.4792,17.7,16.6,14.4,5.5,0.7
51191,Virginia,VA,Washington County,0.2549,0.3124,0.3147,0.0579,0.3904,20.1,24.0,22.3,4.4,0.2
51193,Virginia,VA,Westmoreland County,0.8193,0.9281,0.903,0.7537,0.2638,27.7,25.7,17.2,6.1,1.7
51195,Virginia,VA,Wise County,0.8046,0.8756,0.5387,0.2587,0.8937,30.7,19.1,27.4,9.7,0.3
51197,Virginia,VA,Wythe County,0.4139,0.3812,0.72,0.1339,0.3983,24.3,21.6,20.7,8.4,0.6
51199,Virginia,VA,York County,0.1543,0.0633,0.5269,0.6911,0.1384,8.2,17.0,11.7,3.9,1.4
51510,Virginia,VA,Alexandria City,0.3178,0.2345,0.0242,0.8651,0.7442,13.4,12.3,7.3,11.0,4.7
51520,Virginia,VA,Bristol City,0.7696,0.8088,0.8381,0.3888,0.5902,31.0,23.5,21.6,10.3,0.3
51530,Virginia,VA,Buena Vista City,0.4983,0.6332,0.3732,0.3961,0.4053,29.3,17.9,16.2,5.0,0.0
51540,Virginia,VA,Charlottesville City,0.5727,0.6513,0.0334,0.72,0.8562,30.1,12.6,9.0,11.8,1.9
51550,Virginia,VA,Chesapeake City,0.4149,0.3153,0.6125,0.8291,0.2475,13.2,13.8,11.7,4.4,1.5
51570,Virginia,VA,Colonial Heights City,0.5651,0.4782,0.9443,0.678,0.1912,14.5,18.8,16.1,6.6,1.5
51580,Virginia,VA,Covington City,0.3128,0.4073,0.468,0.5237,0.1352,25.7,19.1,13.1,8.5,0.3
51590,Virginia,VA,Danville City,0.9796,0.9322,0.9765,0.9176,0.8979,38.7,21.1,19.2,13.9,1.4
51595,Virginia,VA,Emporia City,0.9233,0.9071,0.994,0.9784,0.4228,35.8,17.7,23.1,16.0,1.1
51600,Virginia,VA,Fairfax City,0.3551,0.1413,0.1117,0.8508,0.8113,14.5,14.4,7.2,6.2,5.7
51610,Virginia,VA,Falls Church City,0.2189,0.055,0.4047,0.678,0.4486,3.9,13.7,7.9,5.7,2.2
51620,Virginia,VA,Franklin City,0.7938,0.7241,0.7165,0.9303,0.6745,31.8,19.0,18.6,10.9,0.2
51630,Virginia,VA,Fredericksburg City,0.7636,0.5851,0.3624,0.8101,0.9675,22.9,11.2,11.7,9.2,3.5
51640,Virginia,VA,Galax City,0.9532,0.9249,0.9478,0.6561,0.8928,37.7,18.8,14.8,9.7,3.0
51650,Virginia,VA,Hampton City,0.748,0.6277,0.58,0.937,0.7464,22.8,15.9,16.1,7.6,0.8
51660,Virginia,VA,Harrisonburg City,0.8648,0.9666,0.1234,0.7378,0.9504,38.6,9.6,11.6,7.2,7.4
51670,Virginia,VA,Hopewell City,0.8801,0.9138,0.8435,0.9074,0.6001,36.5,14.7,16.4,9.0,0.8
51678,Virginia,VA,Lexington City,0.0474,0.0789,0.0,0.5119,0.5912,19.5,14.6,11.7,11.0,0.0
51680,Virginia,VA,Lynchburg City,0.7066,0.6917,0.1429,0.7684,0.9122,27.2,14.3,12.8,10.6,0.6
51683,Virginia,VA,Manassas City,0.4884,0.5173,0.3137,0.931,0.3093,10.5,10.7,8.6,3.7,13.3
51685,Virginia,VA,Manassas Park City,0.6532,0.7588,0.3261,0.9593,0.4295,17.6,9.8,11.6,4.8,10.5
51690,Virginia,VA,Martinsville City,0.9297,0.8661,0.9882,0.9065,0.6414,37.9,17.7,21.0,13.2,1.5
51700,Virginia,VA,Newport News City,0.8406,0.6739,0.686,0.9154,0.9179,23.2,13.4,14.4,9.7,1.4
51710,Virginia,VA,Norfolk City,0.8594,0.8451,0.4203,0.9084,0.9246,26.2,12.3,14.8,11.8,1.4
51720,Virginia,VA,Norton City,0.769,0.8549,0.6328,0.0757,0.8307,39.5,21.5,29.7,8.1,0.1
51730,Virginia,VA,Petersburg City,0.9733,0.9701,0.9389,0.9885,0.79,34.7,16.9,21.4,16.5,1.6
51735,Virginia,VA,Poquoson City,0.0038,0.001,0.2386,0.3016,0.0048,8.5,19.7,12.9,1.7,0.3
51740,Virginia,VA,Portsmouth City,0.8355,0.804,0.6039,0.937,0.7766,27.3,15.1,14.8,11.4,0.6
51750,Virginia,VA,Radford City,0.3408,0.735,0.0032,0.4779,0.5243,42.3,9.3,11.5,4.6,0.3
51760,Virginia,VA,Richmond City,0.8333,0.8575,0.3016,0.9109,0.8823,28.7,13.8,14.3,14.2,3.2
51770,Virginia,VA,Roanoke City,0.8521,0.8718,0.6624,0.8088,0.7639,29.5,17.6,12.4,11.2,2.0
51775,Virginia,VA,Salem City,0.3248,0.2253,0.083,0.4613,0.8046,18.6,19.3,11.4,5.8,0.6
51790,Virginia,VA,Staunton City,0.6048,0.5262,0.468,0.5317,0.748,21.0,21.1,15.1,8.8,1.0
51800,Virginia,VA,Suffolk City,0.4788,0.4715,0.4553,0.882,0.2806,15.8,14.8,12.6,6.0,0.7
51810,Virginia,VA,Virginia Beach City,0.307,0.2743,0.3465,0.7843,0.2377,13.5,15.0,11.8,4.3,1.4
51820,Virginia,VA,Waynesboro City,0.7601,0.7735,0.9042,0.6332,0.4069,26.6,17.4,16.8,7.8,1.8
51830,Virginia,VA,Williamsburg City,0.3802,0.4846,0.0188,0.6962,0.6398,20.2,16.8,9.9,7.1,1.4
51840,Virginia,VA,Winchester City,0.9033,0.8689,0.791,0.7366,0.9135,27.3,16.4,14.6,10.0,4.5
53001,Washington,WA,Adams County,0.98,0.9835,0.7467,0.9526,0.9621,33.1,11.3,10.9,7.4,14.4
53003,Washington,WA,Asotin County,0.4283,0.5743,0.5807,0.3535,0.1826,27.0,23.8,18.5,3.3,0.7
53005,Washington,WA,Benton County,0.6405,0.4232,0.8441,0.6993,0.6157,17.6,15.4,14.2,5.1,4.1
53007,Washington,WA,Chelan County,0.7999,0.5068,0.9542,0.7098,0.8129,17.7,19.9,17.9,5.3,7.2
53009,Washington,WA,Clallam County,0.5861,0.4753,0.6128,0.5161,0.6799,19.7,30.7,20.0,6.2,0.7
53011,Washington,WA,Clark County,0.4257,0.3264,0.5037,0.6013,0.448,14.5,16.1,12.6,4.8,2.8
53013,Washington,WA,Columbia County,0.3576,0.2549,0.9275,0.5005,0.1063,17.1,28.9,22.9,4.0,0.6
53015,Washington,WA,Cowlitz County,0.7124,0.5288,0.8514,0.504,0.7426,19.8,19.2,18.9,6.2,1.3
53017,Washington,WA,Douglas County,0.8116,0.4909,0.9911,0.7668,0.6939,15.5,17.8,18.5,4.5,9.0
53019,Washington,WA,Ferry County,0.7159,0.6443,0.5905,0.6481,0.749,31.3,29.0,26.1,6.2,0.5
53021,Washington,WA,Franklin County,0.9147,0.8909,0.8715,0.9243,0.7833,24.8,9.8,11.8,4.3,12.8
53023,Washington,WA,Garfield County,0.2456,0.1702,0.6007,0.328,0.2685,15.6,27.8,24.1,1.2,0.7
53025,Washington,WA,Grant County,0.931,0.8323,0.889,0.8657,0.9271,24.9,14.2,13.6,4.7,10.2
53027,Washington,WA,Grays Harbor County,0.8215,0.6694,0.8409,0.5654,0.8988,23.3,22.3,21.1,5.5,2.0
53029,Washington,WA,Island County,0.3032,0.2498,0.322,0.5679,0.3945,12.9,25.3,15.7,3.2,0.7
53031,Washington,WA,Jefferson County,0.3643,0.4063,0.2946,0.4085,0.3974,19.2,38.6,19.9,4.6,0.4
53033,Washington,WA,King County,0.3761,0.1938,0.0496,0.8199,0.8816,12.8,13.6,10.0,10.9,4.5
53035,Washington,WA,Kitsap County,0.3334,0.195,0.2514,0.6128,0.6236,13.4,18.7,14.7,4.3,0.8
53037,Washington,WA,Kittitas County,0.3366,0.5132,0.013,0.5202,0.6265,23.2,16.8,13.0,3.4,0.4
53039,Washington,WA,Klickitat County,0.6414,0.6389,0.7178,0.525,0.4995,23.8,24.4,16.1,5.2,3.8
53041,Washington,WA,Lewis County,0.7028,0.608,0.7887,0.5081,0.6739,21.3,21.0,19.5,4.6,1.4
53043,Washington,WA,Lincoln County,0.2113,0.1489,0.6131,0.3058,0.2132,19.2,25.2,21.4,2.8,0.4
53045,Washington,WA,Mason County,0.573,0.4776,0.7162,0.5679,0.525,19.2,23.4,19.1,3.9,2.5
53047,Washington,WA,Okanogan County,0.9453,0.8836,0.9889,0.7502,0.7595,30.3,22.4,16.5,4.1,6.1
53049,Washington,WA,Pacific County,0.7038,0.3923,0.9096,0.5371,0.8221,22.2,32.5,24.2,7.5,2.3
53051,Washington,WA,Pend Oreille County,0.4314,0.447,0.4235,0.4314,0.4279,21.7,26.8,21.5,3.1,0.0
53053,Washington,WA,Pierce County,0.5434,0.3452,0.4744,0.7391,0.735,14.8,14.2,13.3,5.0,2.4
53055,Washington,WA,San Juan County,0.1527,0.2424,0.092,0.3723,0.2179,17.4,34.6,11.7,4.6,0.6
53057,Washington,WA,Skagit County,0.5982,0.4642,0.7426,0.6402,0.5619,17.6,21.5,14.5,3.9,3.4
53059,Washington,WA,Skamania County,0.2345,0.2619,0.1432,0.5011,0.3252,16.7,21.6,12.8,4.6,0.4
53061,Washington,WA,Snohomish County,0.3557,0.2428,0.1919,0.7178,0.5832,12.2,14.1,11.7,4.6,3.7
53063,Washington,WA,Spokane County,0.5638,0.4181,0.419,0.4871,0.8457,20.2,16.8,15.5,7.3,1.0
53065,Washington,WA,Stevens County,0.4652,0.4613,0.5873,0.4248,0.4018,22.9,24.3,18.9,3.8,0.9
53067,Washington,WA,Thurston County,0.3939,0.3026,0.3443,0.6424,0.5024,16.0,17.9,14.4,4.6,1.5
53069,Washington,WA,Wahkiakum County,0.2039,0.3538,0.1514,0.4839,0.1301,25.5,33.1,20.5,3.4,0.0
53071,Washington,WA,Walla Walla County,0.8078,0.6755,0.7416,0.6634,0.8858,21.4,19.3,15.6,6.2,4.2
53073,Washington,WA,Whatcom County,0.5002,0.4203,0.1104,0.5778,0.8667,19.9,18.1,12.9,6.1,1.6
53075,Washington,WA,Whitman County,0.5186,0.6239,0.0099,0.5953,0.9154,36.1,11.5,12.2,9.0,1.3
53077,Washington,WA,Yakima County,0.9647,0.9698,0.8976,0.9154,0.8317,29.0,14.0,13.4,5.3,10.9
54001,West Virginia,WV,Barbour County,0.4563,0.6713,0.1782,0.2062,0.4855,32.3,20.8,15.2,6.9,0.5
54003,West Virginia,WV,Berkeley County,0.2704,0.3296,0.1756,0.4913,0.3159,18.4,15.0,13.7,5.5,0.6
54005,West Virginia,WV,Boone County,0.4003,0.5794,0.5641,0.0032,0.2603,26.0,21.1,24.0,8.1,0.3
54007,West Virginia,WV,Braxton County,0.6013,0.8158,0.2342,0.314,0.5768,34.4,24.1,18.5,8.2,0.0
54009,West Virginia,WV,Brooke County,0.378,0.2272,0.5616,0.0983,0.7124,20.9,24.1,18.5,7.0,0.8
54011,West Virginia,WV,Cabell County,0.7276,0.784,0.3863,0.3086,0.8635,31.9,19.4,18.9,10.3,0.3
54013,West Virginia,WV,Calhoun County,0.4696,0.7302,0.4028,0.021,0.3373,40.5,25.0,24.1,7.7,0.0
54015,West Virginia,WV,Clay County,0.538,0.6685,0.4734,0.0057,0.6052,34.6,21.2,23.2,7.9,0.0
54017,West Virginia,WV,Doddridge County,0.2625,0.4591,0.0366,0.1225,0.5275,25.5,20.8,18.5,2.6,0.0
54019,West Virginia,WV,Fayette County,0.7019,0.7922,0.5231,0.2109,0.7445,31.6,21.9,24.3,10.2,0.1
54021,West Virginia,WV,Gilmer County,0.4849,0.5297,0.1295,0.5542,0.6621,22.1,17.5,15.5,6.6,0.8
54023,West Virginia,WV,Grant County,0.2695,0.4368,0.3198,0.0299,0.2679,20.5,24.3,14.7,7.2,1.3
54025,West Virginia,WV,Greenbrier County,0.4537,0.5848,0.3468,0.2234,0.4477,31.2,23.6,19.5,6.7,0.1
54027,West Virginia,WV,Hampshire County,0.4699,0.7235,0.3,0.0821,0.3929,26.2,23.3,25.9,5.2,0.1
54029,West Virginia,WV,Hancock County,0.2969,0.5221,0.2622,0.1696,0.2109,21.7,24.3,18.6,6.7,0.0
54031,West Virginia,WV,Hardy County,0.3942,0.4874,0.3602,0.3086,0.3742,31.3,23.0,17.4,8.3,0.5
54033,West Virginia,WV,Harrison County,0.4703,0.476,0.2409,0.1508,0.7814,24.4,19.8,16.2,8.8,0.2
54035,West Virginia,WV,Jackson County,0.2934,0.3112,0.294,0.014,0.5558,29.7,20.6,21.1,9.3,0.1
54037,West Virginia,WV,Jefferson County,0.217,0.2164,0.0738,0.5011,0.4658,14.2,16.7,13.1,5.6,0.5
54039,West Virginia,WV,Kanawha County,0.5339,0.4696,0.4804,0.3824,0.6949,26.0,21.3,18.8,10.8,0.2
54041,West Virginia,WV,Lewis County,0.5568,0.5635,0.4356,0.1696,0.7617,28.3,20.9,17.8,10.3,0.1
54043,West Virginia,WV,Lincoln County,0.3983,0.5364,0.461,0.0083,0.3863,34.5,20.0,26.0,9.0,0.1
54045,West Virginia,WV,Logan County,0.6624,0.8069,0.5014,0.0337,0.7178,40.2,21.6,29.2,9.8,0.0
54047,West Virginia,WV,McDowell County,0.8721,0.9131,0.8237,0.5202,0.7601,45.7,23.1,30.0,9.9,0.6
54049,West Virginia,WV,Marion County,0.4394,0.4671,0.3777,0.2164,0.5632,25.6,19.7,19.2,8.0,0.2
54051,West Virginia,WV,Marshall County,0.2167,0.2552,0.4827,0.0675,0.2237,24.5,22.8,19.5,6.6,0.1
54053,West Virginia,WV,Mason County,0.2774,0.3137,0.1737,0.0229,0.6074,27.3,21.7,19.3,7.1,0.0
54055,West Virginia,WV,Mercer County,0.7343,0.5943,0.7856,0.314,0.8791,32.4,22.3,23.6,8.3,0.5
54057,West Virginia,WV,Mineral County,0.2135,0.1884,0.357,0.1654,0.3786,20.7,22.2,15.9,6.0,0.4
54059,West Virginia,WV,Mingo County,0.6761,0.8422,0.4687,0.0337,0.7092,41.0,20.7,33.0,11.8,0.0
54061,West Virginia,WV,Monongalia County,0.3325,0.525,0.0041,0.3748,0.8225,27.4,12.9,11.9,7.1,0.3
54063,West Virginia,WV,Monroe County,0.3901,0.5842,0.7276,0.0821,0.119,22.5,24.6,23.2,6.5,1.1
54065,West Virginia,WV,Morgan County,0.1759,0.4286,0.0808,0.1094,0.1779,20.3,24.1,16.3,4.3,0.2
54067,West Virginia,WV,Nicholas County,0.2794,0.4066,0.5638,0.0089,0.1903,25.6,22.8,20.8,6.6,0.1
54069,West Virginia,WV,Ohio County,0.4741,0.3983,0.4324,0.2485,0.7117,24.4,22.3,15.3,12.0,0.5
54071,West Virginia,WV,Pendleton County,0.2666,0.5829,0.2991,0.0757,0.1091,25.4,28.3,19.1,4.4,0.3
54073,West Virginia,WV,Pleasants County,0.4295,0.4893,0.3338,0.0379,0.6207,18.3,18.4,18.4,4.4,0.0
54075,West Virginia,WV,Pocahontas County,0.5546,0.6589,0.2001,0.0627,0.8466,31.4,26.4,24.0,7.2,0.0
54077,West Virginia,WV,Preston County,0.4591,0.518,0.1091,0.335,0.7429,22.0,19.9,17.9,6.4,0.2
54079,West Virginia,WV,Putnam County,0.077,0.084,0.1912,0.0757,0.209,18.4,19.1,11.8,4.9,0.2
54081,West Virginia,WV,Raleigh County,0.7887,0.7439,0.7722,0.3748,0.8447,32.3,21.4,24.4,9.3,0.1
54083,West Virginia,WV,Randolph County,0.5189,0.6475,0.0983,0.2399,0.7871,27.7,22.4,15.3,10.9,0.2
54085,West Virginia,WV,Ritchie County,0.2609,0.4419,0.5705,0.0083,0.1222,30.9,22.7,28.6,4.6,0.3
54087,West Virginia,WV,Roane County,0.6141,0.8953,0.5126,0.0379,0.3942,37.6,22.5,23.2,10.0,0.0
54089,West Virginia,WV,Summers County,0.6752,0.6236,0.4499,0.2294,0.9262,31.1,26.3,30.4,8.9,0.2
54091,West Virginia,WV,Taylor County,0.3538,0.5418,0.252,0.0337,0.4009,27.9,20.5,20.3,7.1,0.1
54093,West Virginia,WV,Tucker County,0.2615,0.3255,0.1721,0.0048,0.5399,21.0,27.0,22.0,9.8,0.0
54095,West Virginia,WV,Tyler County,0.1349,0.1826,0.3105,0.0115,0.2017,21.1,23.4,24.0,7.3,0.3
54097,West Virginia,WV,Upshur County,0.6045,0.7283,0.2762,0.1037,0.805,30.2,21.0,15.3,9.3,0.1
54099,West Virginia,WV,Wayne County,0.3694,0.573,0.3334,0.0169,0.343,29.7,21.5,23.3,8.6,0.1
54101,West Virginia,WV,Webster County,0.4916,0.7095,0.3261,0.1508,0.434,31.4,24.0,24.2,13.1,0.0
54103,West Virginia,WV,Wetzel County,0.3201,0.3799,0.2704,0.0264,0.5434,26.3,22.8,20.4,6.2,0.1
54105,West Virginia,WV,Wirt County,0.2552,0.3913,0.2774,0.0115,0.3163,34.4,21.2,24.4,9.1,0.0
54107,West Virginia,WV,Wood County,0.3869,0.4862,0.4658,0.0757,0.3907,25.8,21.0,17.9,8.4,0.3
54109,West Virginia,WV,Wyoming County,0.5173,0.7213,0.3942,0.0089,0.5084,36.4,22.6,33.6,10.4,0.3
55001,Wisconsin,WI,Adams County,0.5259,0.5679,0.399,0.342,0.5962,23.6,30.5,21.1,5.1,0.6
55003,Wisconsin,WI,Ashland County,0.4852,0.3252,0.3271,0.503,0.8031,25.7,20.4,16.9,6.1,0.3
55005,Wisconsin,WI,Barron County,0.4009,0.3713,0.6198,0.2234,0.4216,21.8,22.7,14.0,5.2,0.7
55007,Wisconsin,WI,Bayfield County,0.097,0.1199,0.1457,0.4604,0.1209,18.0,29.2,16.9,3.7,0.2
55009,Wisconsin,WI,Brown County,0.3007,0.1492,0.4133,0.5444,0.5364,16.3,15.6,11.3,4.9,2.3
55011,Wisconsin,WI,Buffalo County,0.0595,0.1524,0.224,0.0675,0.0525,14.5,22.9,14.2,3.7,0.5
55013,Wisconsin,WI,Burnett County,0.1928,0.412,0.23,0.2879,0.0824,22.2,30.2,17.7,3.2,0.3
55015,Wisconsin,WI,Calumet County,0.0115,0.0086,0.1009,0.3058,0.0391,11.4,15.8,9.5,3.8,0.9
55017,Wisconsin,WI,Chippewa County,0.1056,0.1686,0.0675,0.1572,0.2704,18.2,18.6,11.2,4.2,0.6
55019,Wisconsin,WI,Clark County,0.6347,0.6096,0.5584,0.2265,0.7929,22.4,16.8,11.8,9.4,2.4
55021,Wisconsin,WI,Columbia County,0.0993,0.0668,0.1053,0.2399,0.3878,14.3,18.7,11.5,4.2,0.4
55023,Wisconsin,WI,Crawford County,0.2905,0.2679,0.182,0.1409,0.6602,21.3,24.2,12.1,6.6,0.6
55025,Wisconsin,WI,Dane County,0.1855,0.1053,0.0388,0.5616,0.65,15.5,14.4,8.6,7.5,1.3
55027,Wisconsin,WI,Dodge County,0.1584,0.1613,0.0818,0.3248,0.4349,14.6,18.2,11.9,4.4,0.8
55029,Wisconsin,WI,Door County,0.0525,0.1066,0.1499,0.1572,0.0808,14.6,30.6,12.3,3.1,0.8
55031,Wisconsin,WI,Douglas County,0.2946,0.1654,0.3633,0.2692,0.6573,18.0,19.4,15.0,8.2,0.7
55033,Wisconsin,WI,Dunn County,0.188,0.2195,0.0235,0.2234,0.6615,19.9,16.0,12.5,4.7,0.9
55035,Wisconsin,WI,Eau Claire County,0.1616,0.1301,0.0487,0.3388,0.5896,17.3,16.3,12.9,5.7,0.8
55037,Wisconsin,WI,Florence County,0.112,0.3458,0.1317,0.0379,0.0697,17.6,27.0,17.7,2.8,0.1
55039,Wisconsin,WI,Fond du Lac County,0.1887,0.091,0.1766,0.3592,0.5597,14.5,19.0,13.0,5.7,1.0
55041,Wisconsin,WI,Forest County,0.3799,0.4563,0.2208,0.552,0.3691,24.9,24.4,16.6,4.2,0.1
55043,Wisconsin,WI,Grant County,0.2224,0.2685,0.0379,0.0983,0.6968,23.0,17.7,10.7,5.2,0.4
55045,Wisconsin,WI,Green County,0.0684,0.048,0.2701,0.1276,0.1887,12.5,19.4,12.4,3.9,0.8
55047,Wisconsin,WI,Green Lake County,0.4228,0.3261,0.6987,0.2399,0.4779,21.6,22.8,15.0,6.2,0.9
55049,Wisconsin,WI,Iowa County,0.0051,0.0172,0.0493,0.1339,0.0328,13.4,19.3,11.8,3.2,0.2
55051,Wisconsin,WI,Iron County,0.0926,0.2087,0.2049,0.0757,0.0834,19.8,31.5,16.6,4.2,0.4
55053,Wisconsin,WI,Jackson County,0.5231,0.5126,0.2424,0.4146,0.7541,21.4,19.4,13.8,5.3,0.7
55055,Wisconsin,WI,Jefferson County,0.1276,0.1107,0.0684,0.335,0.4283,12.8,17.6,11.7,4.4,1.1
55057,Wisconsin,WI,Juneau County,0.4273,0.4489,0.2354,0.342,0.6166,23.8,21.0,16.9,3.4,0.5
55059,Wisconsin,WI,Kenosha County,0.5215,0.4543,0.4718,0.6268,0.5546,18.1,14.8,13.0,4.9,1.8
55061,Wisconsin,WI,Kewaunee County,0.0064,0.0118,0.1107,0.1225,0.022,11.9,21.2,12.2,3.9,0.6
55063,Wisconsin,WI,La Crosse County,0.182,0.1514,0.0318,0.3388,0.6672,18.3,17.1,11.4,7.0,0.7
55065,Wisconsin,WI,Lafayette County,0.1339,0.2383,0.3936,0.1508,0.0643,18.8,19.6,10.7,4.6,1.8
55067,Wisconsin,WI,Langlade County,0.1607,0.258,0.2669,0.1572,0.1613,20.9,24.5,16.6,4.5,0.2
55069,Wisconsin,WI,Lincoln County,0.1775,0.2485,0.1995,0.1037,0.2848,20.0,22.7,15.5,5.3,0.5
55071,Wisconsin,WI,Manitowoc County,0.1346,0.0566,0.3993,0.3248,0.2854,17.1,21.2,12.4,5.9,1.4
55073,Wisconsin,WI,Marathon County,0.1473,0.1161,0.3086,0.3697,0.2224,15.0,18.3,12.2,4.7,1.3
55075,Wisconsin,WI,Marinette County,0.1088,0.118,0.1349,0.0735,0.3379,18.7,24.3,15.9,4.2,0.2
55077,Wisconsin,WI,Marquette County,0.2227,0.2829,0.44,0.1861,0.1896,20.5,25.3,18.2,4.5,0.6
55078,Wisconsin,WI,Menominee County,0.5743,0.5692,0.5997,0.9927,0.2749,26.8,14.2,15.9,5.2,0.0
55079,Wisconsin,WI,Milwaukee County,0.8276,0.6942,0.7569,0.8743,0.839,27.3,14.1,12.4,12.6,3.3
55081,Wisconsin,WI,Monroe County,0.4432,0.3315,0.3497,0.3166,0.7474,21.6,17.3,13.6,7.1,0.8
55083,Wisconsin,WI,Oconto County,0.0204,0.0477,0.0525,0.0983,0.1005,15.4,21.8,14.3,3.3,0.1
55085,Wisconsin,WI,Oneida County,0.036,0.0799,0.0713,0.1037,0.0974,17.9,26.9,14.8,3.7,0.2
55087,Wisconsin,WI,Outagamie County,0.0671,0.0366,0.1094,0.3977,0.2412,12.3,15.7,10.6,4.2,1.0
55089,Wisconsin,WI,Ozaukee County,0.0395,0.0305,0.0926,0.2816,0.1492,9.4,20.6,10.0,3.6,0.5
55091,Wisconsin,WI,Pepin County,0.0442,0.0808,0.2603,0.0474,0.055,14.6,23.0,12.4,3.9,0.6
55093,Wisconsin,WI,Pierce County,0.0216,0.0442,0.0051,0.1928,0.329,15.1,15.6,10.5,3.5,0.1
55095,Wisconsin,WI,Polk County,0.0703,0.1648,0.1015,0.0932,0.1282,14.4,21.5,14.2,3.2,0.2
55097,Wisconsin,WI,Portage County,0.1063,0.098,0.0347,0.2879,0.4613,17.4,17.5,10.8,4.7,0.8
55099,Wisconsin,WI,Price County,0.2253,0.2138,0.2364,0.1276,0.4916,21.8,27.2,17.1,5.6,0.2
55101,Wisconsin,WI,Racine County,0.4674,0.3163,0.6519,0.6656,0.4515,17.9,17.3,12.9,5.9,1.3
55103,Wisconsin,WI,Richland County,0.3764,0.2892,0.4703,0.1508,0.6274,21.9,24.1,14.2,7.4,1.0
55105,Wisconsin,WI,Rock County,0.2988,0.2176,0.5259,0.5119,0.3121,16.9,17.0,13.2,5.5,1.4
55107,Wisconsin,WI,Rusk County,0.216,0.3627,0.329,0.0983,0.1756,22.2,25.1,16.7,3.9,0.2
55109,Wisconsin,WI,St. Croix County,0.0086,0.0073,0.0668,0.1753,0.0474,9.9,14.9,9.8,2.9,0.4
55111,Wisconsin,WI,Sauk County,0.2323,0.1877,0.3309,0.3217,0.3869,15.8,19.0,12.9,5.2,0.9
55113,Wisconsin,WI,Sawyer County,0.3758,0.4731,0.3178,0.5829,0.237,22.3,27.0,15.4,4.3,0.3
55115,Wisconsin,WI,Shawano County,0.1769,0.1639,0.1728,0.4146,0.3089,18.7,21.5,14.9,5.0,0.2
55117,Wisconsin,WI,Sheboygan County,0.16,0.0465,0.2552,0.4871,0.4645,14.6,18.7,10.7,4.9,1.0
55119,Wisconsin,WI,Taylor County,0.189,0.2612,0.3659,0.0579,0.2055,18.6,20.1,11.7,5.3,1.1
55121,Wisconsin,WI,Trempealeau County,0.1989,0.1788,0.4213,0.3503,0.2074,16.2,18.7,10.5,4.8,2.1
55123,Wisconsin,WI,Vernon County,0.4779,0.4353,0.5504,0.0544,0.6977,22.0,20.3,10.5,8.4,1.4
55125,Wisconsin,WI,Vilas County,0.0729,0.2014,0.0913,0.4314,0.0398,17.1,30.9,15.8,4.4,0.1
55127,Wisconsin,WI,Walworth County,0.2074,0.1995,0.1584,0.4407,0.3608,15.9,18.7,11.9,3.6,1.8
55129,Wisconsin,WI,Washburn County,0.119,0.2762,0.1788,0.1339,0.085,20.8,27.3,16.2,3.6,0.3
55131,Wisconsin,WI,Washington County,0.008,0.0194,0.0344,0.2294,0.0401,8.6,18.7,9.7,3.5,0.3
55133,Wisconsin,WI,Waukesha County,0.0191,0.02,0.0541,0.3888,0.0853,8.1,19.5,9.6,3.3,0.7
55135,Wisconsin,WI,Waupaca County,0.1142,0.1037,0.2059,0.1276,0.2937,15.2,20.7,14.2,4.5,0.4
55137,Wisconsin,WI,Waushara County,0.3917,0.3837,0.3583,0.3322,0.51,18.2,25.1,15.9,4.9,0.8
55139,Wisconsin,WI,Winnebago County,0.1549,0.1094,0.0853,0.3847,0.5084,18.3,16.7,12.1,5.2,0.8
55141,Wisconsin,WI,Wood County,0.1791,0.1651,0.3487,0.2399,0.2619,18.5,21.1,14.8,4.8,0.5
56001,Wyoming,WY,Albany County,0.2533,0.5651,0.0006,0.5119,0.5857,31.5,12.5,10.3,4.9,0.3
56003,Wyoming,WY,Big Horn County,0.531,0.5447,0.7926,0.4018,0.3064,20.2,21.5,16.8,3.0,1.5
56005,Wyoming,WY,Campbell County,0.2367,0.2345,0.3137,0.4018,0.2819,14.4,11.5,10.4,3.0,0.8
56007,Wyoming,WY,Carbon County,0.5377,0.51,0.4547,0.5892,0.5539,25.3,18.3,12.6,3.6,0.6
56009,Wyoming,WY,Converse County,0.2781,0.2778,0.3169,0.3503,0.37,18.1,17.5,15.6,4.5,0.9
56011,Wyoming,WY,Crook County,0.0722,0.0881,0.3678,0.1753,0.0767,10.7,21.6,11.6,1.5,1.0
56013,Wyoming,WY,Fremont County,0.7642,0.7582,0.4442,0.6793,0.8193,23.5,19.2,14.7,5.2,0.1
56015,Wyoming,WY,Goshen County,0.2918,0.2214,0.2485,0.4445,0.5348,16.9,22.8,17.4,4.7,0.3
56017,Wyoming,WY,Hot Springs County,0.1938,0.2628,0.2848,0.3118,0.1769,27.3,26.2,18.9,4.2,0.1
56019,Wyoming,WY,Johnson County,0.1709,0.2981,0.0461,0.328,0.2946,25.9,26.2,13.3,3.1,0.0
56021,Wyoming,WY,Laramie County,0.2514,0.2657,0.2129,0.5759,0.272,15.8,16.6,14.0,4.9,0.5
56023,Wyoming,WY,Lincoln County,0.118,0.1015,0.2864,0.2323,0.2036,12.2,18.2,12.3,3.1,1.1
56025,Wyoming,WY,Natrona County,0.3987,0.2991,0.5775,0.42,0.4601,16.7,16.0,15.2,4.2,0.5
56027,Wyoming,WY,Niobrara County,0.419,0.6955,0.1623,0.3118,0.2988,27.0,24.1,16.9,3.0,0.3
56029,Wyoming,WY,Park County,0.1072,0.216,0.0608,0.3446,0.1527,16.6,24.1,12.4,2.5,0.1
56031,Wyoming,WY,Platte County,0.3309,0.3611,0.4757,0.4222,0.2507,21.2,26.6,18.6,3.4,0.9
56033,Wyoming,WY,Sheridan County,0.2211,0.2625,0.0872,0.265,0.49,14.6,21.7,11.8,4.0,0.4
56035,Wyoming,WY,Sublette County,0.1225,0.1238,0.3828,0.265,0.1308,12.8,22.3,15.0,0.8,0.2
56037,Wyoming,WY,Sweetwater County,0.4722,0.3703,0.6309,0.5616,0.4458,18.0,13.6,16.0,2.0,1.0
56039,Wyoming,WY,Teton County,0.1693,0.1005,0.0468,0.5352,0.5861,10.5,16.6,5.7,1.9,2.6
56041,Wyoming,WY,Uinta County,0.2803,0.1136,0.391,0.3824,0.6526,15.2,15.6,16.6,3.7,0.7
56043,Wyoming,WY,Washakie County,0.2192,0.2415,0.1858,0.5011,0.2717,19.1,23.3,13.5,4.7,0.4
56045,Wyoming,WY,Weston County,0.3331,0.3404,0.055,0.4165,0.7283,19.8,20.8,13.8,3.4,0.1
